measure_id,ballot_id,state,election_date,election_type,topic,measure_name,description_short,progressive_side,yes_pct,outcome,severity_note,same_ballot_catalog_ids,same_ballot_companions,source_url
az_19961105_proposition_200,AZ_1996-11-05,AZ,1996-11-05,general,cannabis,Proposition 200,A YES vote permits doctors to prescribe Schedule I drugs including marijuana to seriously or terminally ill patients and mandates probation with treatment instead of incarceration for personal drug possession.,yes,65.4,pass,drug medicalization package incl. medical marijuana; probation instead of jail for drug possession,,Proposition 100 — emergency appropriation laws; Proposition 101 — property tax exemptions; Proposition 102 — juvenile prosecution as adults; Proposition 201 — tribal gaming compacts; Proposition 203 — lottery revenue for health programs; Proposition 300 — legislator salary increase,"https://ballotpedia.org/Arizona_Proposition_200,_Controlled_Substances_Criminal_Justice_and_Medical_Prescription_Changes_Initiative_(1996)"
ca_19961105_proposition_215,CA_1996-11-05,CA,1996-11-05,general,cannabis,Proposition 215,A YES vote exempts patients and defined caregivers who possess or cultivate marijuana for medical treatment recommended by a physician from criminal prosecution.,yes,55.6,pass,medical only; first statewide medical marijuana law in the US,ca_19961105_proposition_210,Proposition 204 — water infrastructure bonds; Proposition 205 — correctional facility bonds; Proposition 206 — veterans bond; Proposition 207 — attorneys' fees rules; Proposition 208 — campaign finance limits; Proposition 209 — affirmative action ban; Proposition 210 — minimum wage increase; Proposition 211 — securities fraud lawsuits; Proposition 212 — campaign finance limits; Proposition 213 — uninsured drivers' lawsuit limits; Proposition 214 — healthcare/HMO regulation; Proposition 216 — healthcare/HMO regulation; Proposition 217 — top income tax brackets; Proposition 218 — voter approval for local taxes,"https://ballotpedia.org/California_Proposition_215,_Medical_Marijuana_Initiative_(1996)"
ca_19961105_proposition_210,CA_1996-11-05,CA,1996-11-05,general,labor,Proposition 210,"Raises California's minimum wage to $5.00/hour on March 1, 1997 and $5.75/hour on March 1, 1998.",yes,61.5,pass,"$5.00 (Mar 1997) then $5.75 (Mar 1998); statutory, no inflation indexing",ca_19961105_proposition_215,Proposition 204 - water infrastructure bonds; Proposition 205 - correctional facility bonds; Proposition 206 - veterans farm/home aid bonds; Proposition 207 - attorneys' fees and frivolous lawsuits; Proposition 208 - campaign contribution limits; Proposition 209 - ban on affirmative action preferences; Proposition 211 - securities fraud lawsuit rules; Proposition 212 - campaign finance limits; Proposition 213 - limits lawsuits by uninsured/DUI drivers; Proposition 214 - healthcare business regulation and taxes; Proposition 215 - medical marijuana legalization; Proposition 216 - healthcare business regulation; Proposition 217 - reinstate top income tax brackets for schools; Proposition 218 - voter approval for local taxes and assessments,"https://ballotpedia.org/California_Proposition_210,_Minimum_Wage_Increase_Initiative_(1996)"
mo_19961105_proposition_a,MO_1996-11-05,MO,1996-11-05,general,labor,Proposition A,"Raises Missouri's minimum wage to $6.25 in 1997, $6.50 in 1998, $6.75 in 1999, then adds $0.15 per year from 2000 onward and expands the definition of employee.",yes,28.7,fail,$6.75 by 1999 (well above $4.75 federal) + permanent $0.15/year escalator from 2000; defeated 29-71,,Amendment 3 - facilities maintenance reserve fund transfer; Amendment 5 - create state department of aging; Amendment 6 - municipal sewer bonds and utility regulation; Amendment 7 - budget stabilization fund; Amendment 8 - extend 0.1% sales tax for parks and soil conservation; Amendment 9 - congressional term limits support and ballot notations,"https://ballotpedia.org/Missouri_Proposition_A,_Increase_Minimum_Wage_Initiative_(1996)"
mt_19961105_i_121,MT_1996-11-05,MT,1996-11-05,general,labor,I-121,"Re-establishes a Montana state minimum wage rising from $4.75 in 1997 to $6.25 by 2000, above the $4.25 federal minimum, excluding tips.",yes,43.5,fail,$4.25 to $6.25 by 2000 in four steps; small businesses (<= $110k gross sales) stay at $4.00; defeated 44-56,,C-30 - replace education boards with gubernatorial department; C-31 - workers' comp fund stock investment; C-32 - biennial 90-day legislative sessions; I-122 - ban new cyanide-leach mine permits; I-123 - lawsuits over unlawful threats and common-law liens; I-125 - ban corporate contributions on ballot issues; I-132 - term limits ballot notation for candidates,"https://ballotpedia.org/Montana_I-121,_Minimum_Wage_Increase_Initiative_(1996)"
or_19961105_measure_36,OR_1996-11-05,OR,1996-11-05,general,labor,Measure 36,"Raises Oregon's minimum wage from $4.75 to $5.50 in 1997, $6.00 in 1998, and $6.50 in 1999.",yes,56.9,pass,"$6.50 by 1999 in three annual steps; statutory, no indexing",or_19961105_measure_43,"Measure 26 - crime punishment constitutional language; Measure 27 - legislative authority over agency rules; Measure 28 - repeal residency requirement for veterans' loans; Measure 29 - governor's appointees vacate office after term; Measure 30 - state must pay for mandates on local government; Measure 31 - obscenity gets no more protection than US Constitution; Measure 32 - lottery bonds for Portland light rail; Measure 33 - protect initiative laws from legislative change; Measure 34 - wildlife commission authority, repeal bear/cougar hunting limits; Measure 35 - limit healthcare provider pay bases; Measure 37 - expand bottle deposits and recycling; Measure 38 - restrict livestock access to waterways; Measure 39 - right to chosen category of healthcare provider; Measure 40 - crime victims' rights amendment; Measure 41 - express public employee earnings as employer costs; Measure 42 - annual standardized testing grades 4-12; Measure 43 - reinstate collective bargaining for public safety employees; Measure 44 - cigarette and tobacco tax increase for health plan; Measure 45 - raise public employee retirement age, cut benefits; Measure 46 - registered-voter majority required for tax measures; Measure 47 - property tax limits and voter approval; Measure 48 - instruct legislators to support congressional term limits","https://ballotpedia.org/Oregon_Measure_36,_Minimum_Wage_Increase_to_$6.50_Initiative_(1996)"
or_19961105_measure_43,OR_1996-11-05,OR,1996-11-05,general,labor,Measure 43,"Reinstates the collective bargaining law in effect before the legislature's 1995 rollback for police, fire, correctional, and emergency-dispatch employees, keeping the strike prohibition.",yes,43.6,fail,"Restores pre-1995 bargaining scope, unionization categories, and arbitration process for public safety workers only; defeated 44-56",or_19961105_measure_36,"Measure 26 - crime punishment constitutional language; Measure 27 - legislative authority over agency rules; Measure 28 - repeal residency requirement for veterans' loans; Measure 29 - governor's appointees vacate office after term; Measure 30 - state must pay for mandates on local government; Measure 31 - obscenity gets no more protection than US Constitution; Measure 32 - lottery bonds for Portland light rail; Measure 33 - protect initiative laws from legislative change; Measure 34 - wildlife commission authority, repeal bear/cougar hunting limits; Measure 35 - limit healthcare provider pay bases; Measure 36 - minimum wage increase to $6.50; Measure 37 - expand bottle deposits and recycling; Measure 38 - restrict livestock access to waterways; Measure 39 - right to chosen category of healthcare provider; Measure 40 - crime victims' rights amendment; Measure 41 - express public employee earnings as employer costs; Measure 42 - annual standardized testing grades 4-12; Measure 44 - cigarette and tobacco tax increase for health plan; Measure 45 - raise public employee retirement age, cut benefits; Measure 46 - registered-voter majority required for tax measures; Measure 47 - property tax limits and voter approval; Measure 48 - instruct legislators to support congressional term limits","https://ballotpedia.org/Oregon_Measure_43,_Reinstate_Collective_Bargaining_for_Public_Safety_Workers_Initiative_(1996)"
wa_19971104_initiative_685,WA_1997-11-04,WA,1997-11-04,odd-year general,cannabis,Initiative 685,"A YES vote decriminalizes medical use of Schedule I drugs including marijuana with a doctor's recommendation and provides treatment, education, and community service instead of incarceration for nonviolent drug users.",yes,39.6,fail,drug medicalization package incl. medical marijuana (modeled on AZ Prop 200),,Initiative 673 — health plan provider regulation; Initiative 676 — handgun trigger locks and licensing; Initiative 677 — sexual-orientation employment discrimination ban; Initiative 678 — dental hygienist scope of practice; Referendum 47 — property tax valuation limits; HJR 4208 — school levy duration; HJR 4209 — stormwater and sewer improvement loans,"https://ballotpedia.org/Washington_Marijuana_Decriminalization,_Initiative_685_(1997)"
ak_19981103_measure_2,AK_1998-11-03,AK,1998-11-03,general,marriage,Measure 2,"A YES vote amends the Alaska Constitution to provide that, to be valid or recognized in the state, a marriage may exist only between one man and one woman.",no,68.1,pass,constitutional; bans marriage only,ak_19981103_measure_8,Measure 3 — redistricting board replacing governor-controlled process; Measure 5 — prohibit billboards; Measure 6 — English as official state language; Measure 7 — term-limits pledge notation on ballots; Measure 8 — medical marijuana; Measure 9 — prohibit wolf snares,"https://ballotpedia.org/Alaska_Measure_2,_Definition_of_Marriage_Amendment_(1998)"
ak_19981103_measure_8,AK_1998-11-03,AK,1998-11-03,general,cannabis,Measure 8,A YES vote allows patients with debilitating medical conditions to use marijuana with a doctor's authorization.,yes,58.7,pass,medical only,ak_19981103_measure_2,Measure 2 — define marriage as man-woman; Measure 3 — redistricting board; Measure 5 — billboard ban; Measure 6 — English as official language; Measure 7 — term limits pledge; Measure 9 — wolf snare ban,"https://ballotpedia.org/Alaska_Measure_8,_Medical_Marijuana_Act_Initiative_(1998)"
az_19981103_proposition_300,AZ_1998-11-03,AZ,1998-11-03,general,cannabis,Proposition 300,"A YES vote requires FDA or congressional authorization before doctors may prescribe Schedule I drugs including marijuana to seriously or terminally ill patients, restricting Prop 200's medical provisions.",no,42.7,fail,legislative referendum to restrict the 1996 medical program (YES was the anti-medical side; voters rejected it),,Proposition 100 — public retirement systems; Proposition 101 — elected officials salary commission; Proposition 102 — state trust fund investment; Proposition 103 — open primaries for unaffiliated voters; Proposition 104 — limits on altering voter-approved measures; Proposition 105 — Voter Protection Act (initiative alteration ban); Proposition 200 — public campaign finance system; Proposition 201 — cockfighting ban; Proposition 202 — IRS elimination pledge on ballots; Proposition 301 — probation eligibility for drug offenses; Proposition 302 — legislator salary increase; Proposition 303 — state funds for open space; Proposition 304 — state lottery extension,"https://ballotpedia.org/Arizona_Proposition_300,_Medical_Use_of_Schedule_I_Drugs_Referendum_(1998)"
co_19981103_amendment_11,CO_1998-11-03,CO,1998-11-03,general,abortion,Amendment 11,A YES vote prohibits 'partial-birth' abortion in Colorado and imposes criminal and civil penalties on providers.,no,48.5,fail,procedure ban (partial-birth abortion) only,co_19981103_amendment_12,"Amendment 12 (parental notification for abortion); Amendment 13 (uniform livestock regulations); Amendment 14 (commercial hog facility regulations); Amendment 15 (water well meters); Amendment 16 (aquifer water fees, state trust lands); Amendment 17 (school tax credit for parents); Amendment 18 (candidate term-limit pledge declarations); Referendum A (local government public-private partnerships); Referendum B (retain excess revenue for transportation/education); Referendum C (create city and county of Broomfield)","https://ballotpedia.org/Colorado_Amendment_11,_Prohibition_on_Partial-Birth_Abortions_Initiative_(1998)"
co_19981103_amendment_12,CO_1998-11-03,CO,1998-11-03,general,abortion,Amendment 12,A YES vote requires that a parent be notified before a minor receives an abortion.,no,54.9,pass,parental notification only,co_19981103_amendment_11,"Amendment 11 (partial-birth abortion ban); Amendment 13 (uniform livestock regulations); Amendment 14 (commercial hog facility regulations); Amendment 15 (water well meters); Amendment 16 (aquifer water fees, state trust lands); Amendment 17 (school tax credit for parents); Amendment 18 (candidate term-limit pledge declarations); Referendum A (local government public-private partnerships); Referendum B (retain excess revenue for transportation/education); Referendum C (create city and county of Broomfield)","https://ballotpedia.org/Colorado_Amendment_12,_Parental_Notification_for_Abortions_Initiative_(1998)"
hi_19981103_question_2,HI_1998-11-03,HI,1998-11-03,general,marriage,Question 2,A YES vote amends the Hawaii Constitution to give the state legislature the power to reserve marriage to opposite-sex couples.,no,70.8,pass,constitutional; empowers legislature to restrict marriage (does not itself ban),,Constitutional Convention Question — whether to call a constitutional convention; Question 1 — tax review commission appointment interval (5 to 10 years),"https://ballotpedia.org/Hawaii_Question_2,_Legislative_Power_to_Reserve_Marriage_to_Opposite-Sex_Couples_Amendment_(1998)"
nv_19981103_question_9,NV_1998-11-03,NV,1998-11-03,general,cannabis,Question 9,A YES vote amends the state constitution to allow medical use of marijuana for certain illnesses with physician approval and authorizes regulated supply methods (first of two required passages).,yes,58.7,pass,"medical only; constitutional amendment, 1st of 2 required passes",,Question 1 — conflicting voter-approved laws resolution; Question 2 — judicial discipline commission revision; Question 3 — district court locations; Question 4 — Nevada Day advisory question; Question 5 — legislative session length limit; Question 6 — water conservation property tax exemption; Question 7 — government property resale tax; Question 8 — senate president provision; Question 17 — congressional term limits,"https://ballotpedia.org/Nevada_Question_9,_Medical_Marijuana_Initiative_(1998)"
or_19981103_measure_67,OR_1998-11-03,OR,1998-11-03,general,cannabis,Measure 67,A YES vote allows medical use of marijuana with a physician's recommendation for patients with qualifying conditions and establishes a regulated registry system.,yes,54.6,pass,medical only,or_19981103_measure_57,Measure 54 — school district bond guarantee; Measure 55 — tuition trust fund guarantee; Measure 56 — land-use change notices; Measure 57 — marijuana recriminalization referendum; Measure 58 — adoptee birth certificates; Measure 59 — ban public resources for political funds; Measure 60 — vote by mail; Measure 62 — campaign finance and signature-gathering rules; Measure 63 — supermajority vote requirements; Measure 64 — timber harvest restrictions; Measure 65 — legislative review of administrative rules; Measure 66 — lottery funds for parks and conservation,"https://ballotpedia.org/Oregon_Measure_67,_Medical_Marijuana_and_Regulation_Initiative_(1998)"
or_19981103_measure_57,OR_1998-11-03,OR,1998-11-03,general,cannabis,Measure 57,"A YES vote approves the legislature's law reclassifying possession of less than one ounce of marijuana as a Class C misdemeanor, recriminalizing conduct that had been a violation.",no,33.5,fail,"veto referendum to recriminalize marijuana possession (YES was the anti-cannabis side; voters rejected it, preserving decriminalization)",or_19981103_measure_67,Measure 54 — school district bond guarantee; Measure 55 — tuition trust fund guarantee; Measure 56 — land-use change notices; Measure 58 — adoptee birth certificates; Measure 59 — ban public resources for political funds; Measure 60 — vote by mail; Measure 62 — campaign finance and signature-gathering rules; Measure 63 — supermajority vote requirements; Measure 64 — timber harvest restrictions; Measure 65 — legislative review of administrative rules; Measure 66 — lottery funds for parks and conservation; Measure 67 — medical marijuana,"https://ballotpedia.org/Oregon_Measure_57,_Marijuana_Possession_as_a_Class_C_Misdemeanor_Referendum_(1998)"
wa_19981103_initiative_694,WA_1998-11-03,WA,1998-11-03,general,abortion,Initiative 694,A YES vote prohibits 'partial-birth' abortion (intact dilation and extraction) in Washington.,no,42.9,fail,procedure ban (partial-birth abortion) only,wa_19981103_initiative_692; wa_19981103_initiative_688,Initiative 200 (ban affirmative action preferences); Initiative 688 (minimum wage increase); Initiative 692 (medical marijuana); Referendum 49 (vehicle excise tax cut + highway bonds),"https://ballotpedia.org/Washington_Initiative_694,_%22Partial-Birth_Abortion_Ban_Act%22_Measure_(1998)"
wa_19981103_initiative_692,WA_1998-11-03,WA,1998-11-03,general,cannabis,Initiative 692,A YES vote permits physicians to authorize medical marijuana for patients with certain terminal or debilitating conditions.,yes,59.0,pass,medical only,wa_19981103_initiative_694; wa_19981103_initiative_688,Initiative 200 — affirmative action ban; Initiative 688 — minimum wage increase; Initiative 694 — partial-birth abortion ban; Referendum 49 — vehicle excise tax cut and transportation bonds,"https://ballotpedia.org/Washington_Initiative_692,_Medical_Marijuana_Measure_(1998)"
wa_19981103_initiative_688,WA_1998-11-03,WA,1998-11-03,general,labor,Initiative 688,"Raises Washington's minimum wage from $4.90 to $5.70 in 1999 and $6.50 in 2000, with automatic annual inflation adjustment thereafter.",yes,66.1,pass,$6.50 by 2000 + annual inflation indexing (first-in-nation automatic indexing),wa_19981103_initiative_694; wa_19981103_initiative_692,Initiative 200 - ban preferential treatment by race or sex; Initiative 692 - medical marijuana; Initiative 694 - ban partial-birth abortion; Referendum 49 - vehicle excise tax cut and $1.9B highway bonds,"https://ballotpedia.org/Washington_Initiative_688,_Minimum_Wage_Measure_(1998)"
me_19991102_question_1,ME_1999-11-02,ME,1999-11-02,odd-year general,abortion,Question 1,A YES vote bans 'partial-birth' abortion in Maine except when necessary to save the mother's life.,no,44.4,fail,procedure ban (partial-birth abortion) only,me_19991102_question_2,"Question 2 (medical marijuana); Question 3 (transportation bonds); Question 4 (water pollution control bonds); Question 5 (digital broadcasting bonds); Question 6 (technical college bonds); Question 7 (public lands conservation bonds); Question 8 (people's veto election timing); Question 9 (property tax, historic preservation)","https://ballotpedia.org/Maine_Question_1,_%E2%80%9CPartial-Birth_Abortion_Ban_Act%E2%80%9D_Initiative_(1999)"
me_19991102_question_2,ME_1999-11-02,ME,1999-11-02,odd-year general,cannabis,Question 2,A YES vote permits patients with specific illnesses to cultivate and use small quantities of marijuana for medical treatment approved by a doctor.,yes,61.4,pass,medical only,me_19991102_question_1,Question 1 — partial-birth abortion ban; Question 3 — transportation bonds; Question 4 — water pollution cleanup bonds; Question 5 — public broadcasting digital conversion bonds; Question 6 — technical college bonds; Question 7 — public lands acquisition bonds; Question 8 — people's veto election timing; Question 9 — historic property tax exemption,"https://ballotpedia.org/Maine_Medical_Marijuana_for_Specific_Illnesses,_Question_2_(1999)"
ca_20000307_proposition_22,CA_2000-03-07,CA,2000-03-07,primary,marriage,Proposition 22,A YES vote adds to the California Family Code that only marriage between a man and a woman is valid or recognized in California.,no,61.4,pass,statutory (initiated state statute); bans marriage only,,Proposition 1A — tribal gaming compacts; Proposition 12 — water/parks/open-space bonds ($2.1B); Proposition 13 — water infrastructure bonds ($1.97B); Proposition 14 — library construction bonds ($350M); Proposition 15 — forensic laboratory bonds ($220M); Proposition 16 — veterans' homes bonds ($50M); Proposition 17 — charitable nonprofit raffles; Proposition 18 — 'lying in wait' murder special circumstance; Proposition 19 — sentences for murder of BART/CSU police; Proposition 20 — lottery funds for school instructional materials; Proposition 21 — juvenile crime penalties; Proposition 23 — 'none of the above' ballot option; Proposition 25 — campaign finance limits; Proposition 26 — simple majority for local school bonds; Proposition 27 — congressional term-limit declarations; Proposition 28 — repeal Prop 10 cigarette taxes; Proposition 29 — referendum on Pala tribal gaming compacts; Proposition 30 — referendum on right to sue insurers; Proposition 31 — referendum on limits to third-party claimant lawsuits,"https://ballotpedia.org/California_Proposition_22,_Definition_of_Marriage_Initiative_(March_2000)"
ak_20001107_measure_5,AK_2000-11-07,AK,2000-11-07,general,cannabis,Measure 5,A YES vote removes civil and criminal penalties for use of marijuana and other hemp products by persons 18 years or older.,yes,40.9,fail,full recreational (removes all penalties for adults 18+),,Measure 1 — prohibit ballot initiatives on hunting; Measure 2 — single-subject rule for amendments; Measure 3 — permanent fund public corporation; Measure 4 — property tax cap; Measure 6 — repeal land-and-shoot wolf hunting law,"https://ballotpedia.org/Alaska_Measure_5,_Marijuana_Decriminalization_Initiative_(2000)"
co_20001107_amendment_25,CO_2000-11-07,CO,2000-11-07,general,abortion,Amendment 25,"A YES vote requires physicians to give women seeking an abortion state-specified information, a 24-hour waiting period, and written consent.",no,39.4,fail,waiting period + informed consent only,co_20001107_amendment_20,Amendment 20 (medical marijuana); Amendment 21 (annual $25 tax cut); Amendment 22 (gun show background checks); Amendment 23 (K-12 education funding); Amendment 24 (voter approval of growth); Referendum A (senior homestead property tax exemption); Referendum B (redistricting timetable); Referendum C (county surveyor offices); Referendum D (remove obsolete constitutional provisions); Referendum E (multi-state lotteries); Referendum F (excess revenue for math/science grants),"https://ballotpedia.org/Colorado_Amendment_25,_Informed_Consent_for_Abortion_Initiative_(2000)"
co_20001107_amendment_20,CO_2000-11-07,CO,2000-11-07,general,cannabis,Amendment 20,A YES vote allows patients with serious or chronic medical conditions to use marijuana and establishes a state registry of people permitted to possess medical marijuana.,yes,53.5,pass,medical only,co_20001107_amendment_25,Amendment 21 — $25 annual tax cut; Amendment 22 — gun show background checks; Amendment 23 — education funding; Amendment 24 — voter approval for city expansion; Amendment 25 — informed consent for abortion; Referendum A — senior property tax exemption; Referendum B — redistricting timetable; Referendum C — county surveyor selection; Referendum D — remove obsolete constitutional provisions; Referendum E — multi-state lotteries; Referendum F — science and math grants,"https://ballotpedia.org/Colorado_Amendment_20,_Medical_Usage_of_Marijuana_Initiative_(2000)"
ma_20001107_question_5,MA_2000-11-07,MA,2000-11-07,general,healthcare,Question 5,"Creates a state Healthcare Council charged with enacting comprehensive health coverage for all Massachusetts residents by July 2002 and imposes a moratorium on for-profit hospital, HMO, and insurer conversions.",yes,48.1,fail,universal coverage mandate (healthcare council) + HMO regulation,,Question 1 — redistricting/census amendment; Question 2 — bar incarcerated felons from voting; Question 3 — dog racing ban; Question 4 — income tax rate cut; Question 6 — toll and auto excise tax credit; Question 7 — charitable contribution deduction; Question 8 — drug treatment and asset forfeiture reform,"https://ballotpedia.org/Massachusetts_Question_5,_Healthcare_Council_Initiative_(2000)"
ne_20001107_initiative_416,NE_2000-11-07,NE,2000-11-07,general,marriage,Initiative 416,"A YES vote amends the Nebraska Constitution to provide that only marriage between a man and a woman is valid or recognized in Nebraska and that same-sex civil unions, domestic partnerships, and similar relationships are not valid or recognized.",no,70.1,pass,constitutional; bans marriage + civil unions/domestic partnerships,,Amendment 1 — method of nominating/electing lieutenant governor; Amendment 2 — gender-neutral constitutional language; Amendment 3A — require two votes to amend constitution; Amendment 3B — initiative and referendum powers language; Amendment 3C — initiative petition filing requirements; Amendment 4 — timing of judicial compensation changes; Amendment 5 — legislators elected to other offices must resign; Measure 415 — state legislative term limits,"https://ballotpedia.org/Nebraska_Marriage_Definition,_Measure_416_(2000)"
nv_20001107_question_2,NV_2000-11-07,NV,2000-11-07,general,marriage,Question 2,A YES vote approves (first of two required votes) amending the Nevada Constitution to provide that only a marriage between a male and female person shall be recognized and given effect in the state.,no,69.6,pass,"constitutional (initiated amendment, first of two required votes); bans marriage only",nv_20001107_question_9,Question 1 — authorize state investment in private companies; Question 9 — medical marijuana,"https://ballotpedia.org/Nevada_Question_2,_Definition_of_Marriage_Amendment_(2000)"
nv_20001107_question_9,NV_2000-11-07,NV,2000-11-07,general,cannabis,Question 9,A YES vote gives second and final approval to the constitutional amendment legalizing medical marijuana for qualifying patients with a doctor's recommendation.,yes,65.4,pass,"medical only; constitutional amendment, 2nd of 2 required passes — enacted",nv_20001107_question_2,Question 1 — state investment for economic development; Question 2 — definition of marriage,"https://ballotpedia.org/Nevada_Question_9,_Medical_Marijuana_Initiative_(2000)"
ok_20010925_state_question_695,OK_2001-09-25,OK,2001-09-25,special,labor,State Question 695,"Adds a right-to-work section to the Oklahoma Constitution banning employment contracts that require union membership, dues, or other payments to a labor organization as a condition of getting or keeping a job.",no,54.2,pass,Constitutional right-to-work amendment (Article 23 Section 1A); violations a misdemeanor; only measure on a single-issue special election ballot,,,"https://ballotpedia.org/Oklahoma_State_Question_695,_Right_to_Work_Amendment_(September_2001)"
wa_20011106_initiative_773,WA_2001-11-06,WA,2001-11-06,odd-year general,healthcare,Initiative 773,"Imposes an additional 60-cents-per-pack cigarette tax plus new taxes on other tobacco products, with proceeds dedicated primarily to expanding the Basic Health Plan, Washington's subsidized health coverage for low-income residents.",yes,66.1,pass,tobacco tax funding low-income health coverage (Basic Health Plan),,Initiative 747 — property tax increase limits; Initiative 775 — home care workers authority; SJR 8208 — temporary superior court judges; HJR 4202 — state fund investment,"https://ballotpedia.org/Washington_Initiative_773,_Increase_Tobacco_Tax_for_Health_Programs_Measure_(2001)"
az_20021105_proposition_203,AZ_2002-11-05,AZ,2002-11-05,general,cannabis,Proposition 203,"A YES vote decriminalizes marijuana possession to a $250 civil fine, eliminates mandatory minimum drug sentences, and requires the state to provide marijuana free of charge to patients with a physician's recommendation.",yes,42.7,fail,decriminalization only ($250 civil fine) plus state-supplied medical marijuana,az_20021105_proposition_303,Proposition 100 — municipal debt limits; Proposition 101 — state trust land exchange; Proposition 102 — property valuation protection eligibility; Proposition 103 — expand non-bailable offenses; Proposition 104 — education expenditure limit exemption; Proposition 200 — tribal gaming compacts; Proposition 201 — slot machines and tribal gaming compacts; Proposition 202 — tribal gaming compacts; Proposition 300 — school fund earnings for classrooms; Proposition 301 — state lottery extension; Proposition 302 — incarceration for drug offenders refusing treatment; Proposition 303 — tobacco tax increase; Proposition 304 — legislator salary increase,"https://ballotpedia.org/Arizona_Proposition_203,_Decriminalization_of_Marijuana_Initiative_(2002)"
az_20021105_proposition_303,AZ_2002-11-05,AZ,2002-11-05,general,healthcare,Proposition 303,"Raises the cigarette tax by 60 cents to $1.18 per pack (with increases on cigars and other tobacco products), depositing revenue in an AHCCCS-administered Tobacco Products Tax Fund for Medicaid coverage of the Proposition 204 expansion population, the medically needy, and other healthcare programs.",yes,67.0,pass,tobacco tax funding Medicaid/AHCCCS healthcare programs,az_20021105_proposition_203,Proposition 100 — municipal infrastructure debt limit; Proposition 101 — state land exchanges; Proposition 102 — senior property valuation protection; Proposition 103 — non-bailable offenses; Proposition 104 — school expenditure limit exemption; Proposition 200 — tribal gaming compacts; Proposition 201 — racetrack slot machines; Proposition 202 — tribal gaming compacts; Proposition 203 — marijuana decriminalization; Proposition 300 — classroom site fund; Proposition 301 — state lottery extension; Proposition 302 — drug possession sentencing; Proposition 304 — legislative salaries,https://ballotpedia.org/Arizona_Proposition_303_(2002)
mi_20021105_proposal_02_3,MI_2002-11-05,MI,2002-11-05,general,labor,Proposal 02-3,"Amends Michigan's constitution to grant state classified employees the right to collective bargaining with binding arbitration over wages, hours, pensions, and conditions of employment.",yes,45.6,fail,Constitutional right to collective bargaining with binding arbitration 30 days after bargaining begins; defeated 46-54,,Proposal 02-1 - eliminate straight party ticket voting (veto referendum); Proposal 02-2 - $1 billion water quality bonds; Proposal 02-4 - allocation of tobacco settlement revenue,"https://ballotpedia.org/Michigan_Proposal_02-3,_Collective_Bargaining_for_State_Employees_Initiative_(2002)"
mo_20021105_amendment_2,MO_2002-11-05,MO,2002-11-05,general,labor,Amendment 2,"Amends Missouri's constitution to allow firefighters, ambulance personnel, and emergency dispatchers to organize and bargain collectively with enforceable contracts, while prohibiting strikes.",yes,48.8,fail,"Constitutional collective bargaining rights with binding arbitration for fire/EMS/dispatch only, no strike right; narrowly defeated 48.8-51.2",mo_20021105_proposition_a,Amendment 1 - St. Louis city charter reorganization authority; Amendment 3 - term limits calculation for partial terms; Amendment 4 - joint municipal utility boards and bonds; Constitutional Convention Question - whether to call a constitutional convention; Proposition A - tobacco tax for Healthy Families Trust Fund,"https://ballotpedia.org/Missouri_Amendment_2,_Collective_Bargaining_Rights_for_Emergency_Personnel_Initiative_(2002)"
mo_20021105_proposition_a,MO_2002-11-05,MO,2002-11-05,general,healthcare,Proposition A,"Raises the cigarette tax by 55 cents per pack (2.75 cents per cigarette) plus 20% on other tobacco products, funding a Healthy Families Trust Fund for hospital trauma care, healthcare access for low-income residents, prescription drug assistance for seniors, life sciences research, smoking prevention, and early childhood education.",yes,49.1,fail,tobacco tax funding healthcare and hospital trauma care,mo_20021105_amendment_2,Amendment 1 — St. Louis charter reorganization; Amendment 2 — first responders collective bargaining; Amendment 3 — term limits calculation; Amendment 4 — joint municipal utility boards; Constitutional Convention Question — constitutional convention,"https://ballotpedia.org/Missouri_Tobacco_Tax,_Proposition_A_(2002)"
mt_20021105_i_146,MT_2002-11-05,MT,2002-11-05,general,healthcare,I-146,Dedicates 49% of Montana's annual tobacco settlement receipts to a statewide tobacco disease prevention program and to programs providing health insurance benefits for Montanans who could not otherwise afford or acquire coverage.,yes,65.0,pass,tobacco settlement allocation funding health insurance programs,,C-36 — local government self-insurance investments; C-37 — initiative signature requirements (amendments); C-38 — initiative signature requirements (statutes); C-39 — pension fund stock investments; I-145 — public power commission for hydroelectric dams; IR-117 — electrical energy law referendum,https://ballotpedia.org/Montana_I-146_(2002)
nv_20021105_question_2,NV_2002-11-05,NV,2002-11-05,general,marriage,Question 2,"A YES vote approves (second, final required vote, enacting the amendment) that only a marriage between a male and female person shall be recognized and given effect in Nevada.",no,67.2,pass,"constitutional (initiated amendment, second/final vote — took effect); bans marriage only",nv_20021105_question_9,Question 1 — $200M conservation bonds; Question 3 — farm machinery sales-tax exemption; Question 4 — professional racing equipment tax exemption; Question 5 — repeal rule against perpetuities; Question 6 — appointed judges' term of office; Question 7 — school construction debt-limit exemption; Question 8 — property tax reduction for economic hardship; Question 9 — marijuana legalization (up to 3 oz),"https://ballotpedia.org/Nevada_Question_2,_Definition_of_Marriage_Initiative_(2002)"
nv_20021105_question_9,NV_2002-11-05,NV,2002-11-05,general,cannabis,Question 9,"A YES vote legalizes possession of up to three ounces of marijuana for adults 21 and older and regulates its sale, taxation, and distribution.",yes,39.1,fail,"full recreational (up to 3 oz, adults 21+); constitutional amendment, would have needed a 2nd pass",nv_20021105_question_2,Question 1 — conservation bonds; Question 2 — definition of marriage; Question 3 — farm equipment tax exemption; Question 4 — professional racing equipment tax exemption; Question 5 — perpetuities rules; Question 6 — appointed judges' term of office; Question 7 — state debt limit school exemption; Question 8 — single-family property tax reduction,"https://ballotpedia.org/Nevada_Question_9,_Decriminalization_of_Marijuana_Initiative_(2002)"
or_20021105_measure_25,OR_2002-11-05,OR,2002-11-05,general,labor,Measure 25,Raises Oregon's minimum wage from $6.50 to $6.90 in 2003 and requires annual CPI-based inflation increases every year thereafter.,yes,51.3,pass,$6.90 (2003) + permanent annual CPI indexing; narrow 51.3% win,or_20021105_measure_23,Measure 14 - remove historical racial references from constitution; Measure 15 - seismic rehabilitation bonds for schools; Measure 16 - seismic rehabilitation bonds for emergency services; Measure 17 - lower legislator minimum age to 18; Measure 18 - permanent property tax rate limits and tax zones; Measure 21 - judicial vacancy elections with none-of-the-above option; Measure 22 - judicial districts by population; Measure 23 - state comprehensive healthcare finance plan; Measure 24 - dentist-denturist cooperative businesses; Measure 26 - ban per-signature pay for petition circulators; Measure 27 - genetically-engineered food labeling,"https://ballotpedia.org/Oregon_Measure_25,_Increase_State_Minimum_Wage_Initiative_(2002)"
or_20021105_measure_23,OR_2002-11-05,OR,2002-11-05,general,healthcare,Measure 23,"Creates the Oregon Comprehensive Health Care Finance Plan, a single-payer system covering all medically necessary services for every Oregon resident, funded by new progressive income and payroll taxes.",yes,21.5,fail,single payer,or_20021105_measure_25,Measure 14 — remove racial references from constitution; Measure 21 — judicial vacancies and elections; Measure 22 — judicial districts and elections; Measure 24 — denturist scope of practice; Measure 25 — minimum wage increase; Measure 26 — ban per-signature petition pay; Measure 27 — GMO food labeling,"https://ballotpedia.org/Oregon_Healthcare_Finance_Plan,_Measure_23_(2002)"
mo_20040803_amendment_2,MO_2004-08-03,MO,2004-08-03,primary,marriage,Amendment 2,"A YES vote amends the Missouri Constitution so that to be valid and recognized in the state, a marriage shall exist only between a man and a woman.",no,70.6,pass,Constitutional (legislatively referred); bans same-sex marriage only — no civil-union or similar-status ban in the amendment text.,,Amendment 1 — White River floating casino gambling (defeated),"https://ballotpedia.org/Missouri_Amendment_2,_Definition_of_Marriage_Amendment_(August_2004)"
la_20040918_amendment_1,LA_2004-09-18,LA,2004-09-18,primary,marriage,Amendment 1,"A YES vote amends the Louisiana Constitution to define marriage as only the union of one man and one woman, confer the legal incidents of marriage only on such unions, and prohibit recognition of any legal status for unions of unmarried individuals.",no,77.8,pass,"Constitutional (legislatively referred); bans same-sex marriage AND civil unions — prohibits validating or recognizing the legal status of any union of unmarried individuals (certified counts 619,908-177,067 = 77.78%).",,,"https://ballotpedia.org/Louisiana_Marriage_Amendment,_Question_1_(September_2004)"
ak_20041102_measure_2,AK_2004-11-02,AK,2004-11-02,general,cannabis,Measure 2,"A YES vote legalizes marijuana for adults, removing state criminal and civil penalties and allowing regulation like alcohol.",yes,44.3,fail,full recreational,,Measure 1 — initiative signature distribution requirement; Measure 3 — bear baiting ban; Measure 4 — repeal governor's U.S. Senate vacancy appointment authority,"https://ballotpedia.org/Alaska_Measure_2,_Legalize_Marijuana_Initiative_(2004)"
ar_20041102_proposed_amendment_3,AR_2004-11-02,AR,2004-11-02,general,marriage,Proposed Amendment 3,A YES vote amends the Arkansas Constitution to define marriage as only the union of one man and one woman and to bar any legal status for unmarried persons identical or substantially similar to marital status.,no,75.0,pass,Constitutional (initiated); bans same-sex marriage AND civil unions — legal status identical or substantially similar to marital status shall not be valid or recognized (certified 74.95% yes).,,Proposed Amendment 1 — legislative term limits (defeated); Proposed Amendment 2 — economic development bonds (approved); Referred Question 1 — statewide school property tax increase (defeated),"https://ballotpedia.org/Arkansas_Same-Sex_Marriage_Ban,_Proposed_Amendment_3_(2004)"
ca_20041102_proposition_72,CA_2004-11-02,CA,2004-11-02,general,healthcare,Proposition 72,"Upholds SB 2 (Health Insurance Act of 2003), requiring employers with 50+ employees to provide health insurance for workers or pay into a state coverage pool.",yes,49.2,fail,employer coverage mandate referendum,ca_20041102_proposition_63,Proposition 1A — local government revenue protection; Proposition 59 — public records access; Proposition 60 — primary election party candidate rights; Proposition 60A — surplus state property proceeds to debt; Proposition 61 — children's hospital bonds; Proposition 62 — open primary; Proposition 63 — millionaire tax for mental health services; Proposition 64 — limits on unfair-competition lawsuits; Proposition 65 — local revenue voter-approval requirement; Proposition 66 — three-strikes reform; Proposition 67 — telephone surcharge for emergency medical services; Proposition 68 — tribal gaming/card club slots; Proposition 69 — DNA collection; Proposition 70 — tribal gaming compacts; Proposition 71 — stem cell research bonds,"https://ballotpedia.org/California_Proposition_72,_Employer_Contribution_to_Healthcare_Insurance_Referendum_(2004)"
ca_20041102_proposition_63,CA_2004-11-02,CA,2004-11-02,general,healthcare,Proposition 63,Imposes an additional 1% tax on personal income above $1 million to fund expanded county mental health services and prohibits cutting existing mental health funding.,yes,53.7,pass,mental health services tax,ca_20041102_proposition_72,Proposition 1A — local government revenue protection; Proposition 59 — public records access; Proposition 60 — primary election party candidate rights; Proposition 60A — surplus state property proceeds to debt; Proposition 61 — children's hospital bonds; Proposition 62 — open primary; Proposition 64 — limits on unfair-competition lawsuits; Proposition 65 — local revenue voter-approval requirement; Proposition 66 — three-strikes reform; Proposition 67 — telephone surcharge for emergency medical services; Proposition 68 — tribal gaming/card club slots; Proposition 69 — DNA collection; Proposition 70 — tribal gaming compacts; Proposition 71 — stem cell research bonds; Proposition 72 — employer health insurance mandate referendum,"https://ballotpedia.org/California_Proposition_63,_Tax_Increase_on_Income_Above_$1_Million_for_Mental_Health_Services_Initiative_(2004)"
co_20041102_amendment_35,CO_2004-11-02,CO,2004-11-02,general,healthcare,Amendment 35,"Constitutionally raises the cigarette tax by 3.2 cents per cigarette (64 cents per pack) and other tobacco taxes by 20%, generating about $175 million annually earmarked for health-related purposes including expanded health care coverage and tobacco education and cessation programs.",yes,61.4,pass,tobacco tax funding healthcare and tobacco cessation,,Amendment 34 — construction damages liability; Amendment 36 — electoral vote allocation; Amendment 37 — renewable energy standard; Referendum A — civil service exemptions; Referendum B — obsolete constitutional provisions,"https://ballotpedia.org/Colorado_Amendment_35,_Cigarette_and_Tobacco_Tax_Initiative_(2004)"
fl_20041102_amendment_1,FL_2004-11-02,FL,2004-11-02,general,abortion,Amendment 1,"A YES vote authorizes the legislature to enact a law requiring parental notification before a minor's abortion, notwithstanding the state privacy right.",no,64.7,pass,authorizes parental notification law only,fl_20041102_amendment_5,Amendment 2 (citizen initiative requirements); Amendment 3 (medical liability contingency fees); Amendment 4 (slot machines in Miami-Dade/Broward); Amendment 5 (state minimum wage); Amendment 6 (repeal high-speed rail mandate); Amendment 7 (patient access to medical records); Amendment 8 (bar doctors with three malpractice findings),"https://ballotpedia.org/Florida_Amendment_1,_Parental_Notification_of_Abortion_Measure_(2004)"
fl_20041102_amendment_5,FL_2004-11-02,FL,2004-11-02,general,labor,Amendment 5,"Creates a Florida constitutional minimum wage of $6.15/hour covering all FLSA-covered employees, indexed to inflation annually, with anti-retaliation protections and double-damages enforcement.",yes,71.3,pass,Constitutional $6.15 + annual CPI-W indexing; preserves FLSA tip credit at 2003 level; double damages + fines for violations,fl_20041102_amendment_1,Amendment 1 - parental notification of a minor's abortion; Amendment 2 - requirements for citizen initiative submissions; Amendment 3 - claimant share of medical liability awards; Amendment 4 - slot machine referenda in Miami-Dade and Broward; Amendment 6 - repeal high-speed rail mandate; Amendment 7 - patient right to adverse medical incident records; Amendment 8 - bar doctors with three malpractice incidents,"https://ballotpedia.org/Florida_Amendment_5,_Minimum_Wage_Initiative_(2004)"
ga_20041102_amendment_1,GA_2004-11-02,GA,2004-11-02,general,marriage,Amendment 1,A YES vote amends the Georgia Constitution so the state recognizes as marriage only the union of man and woman.,no,76.2,pass,"Constitutional (legislatively referred); the enacted amendment also denied legal benefits/recognition to same-sex unions (civil-union clause), though the ballot title voters saw covered only marriage recognition (certified 76.15% yes).",,Amendment 2 — Supreme Court certified-question jurisdiction (approved),"https://ballotpedia.org/Georgia_Amendment_1,_Definition_of_Marriage_Amendment_(2004)"
ky_20041102_amendment_1,KY_2004-11-02,KY,2004-11-02,general,marriage,Amendment 1,A YES vote amends the Kentucky Constitution to define marriage as between one man and one woman and declare any legal status identical or similar to marriage for unmarried individuals invalid.,no,74.6,pass,Constitutional (legislatively referred); bans same-sex marriage AND civil unions — any legal status identical or similar to marriage declared invalid (certified 74.56% yes).,,,"https://ballotpedia.org/Kentucky_Amendment_1,_Definition_of_Marriage_Amendment_(2004)"
mi_20041102_proposal_04_2,MI_2004-11-02,MI,2004-11-02,general,marriage,Proposal 04-2,A YES vote amends the Michigan Constitution to make the union of one man and one woman the only agreement recognized as a marriage or similar union for any purpose.,no,58.6,pass,Constitutional (initiated); bans same-sex marriage AND civil unions / similar unions 'for any purpose' (certified 58.62% yes).,,Proposal 04-1 — voter approval requirement for new gambling (approved),"https://ballotpedia.org/Michigan_Proposal_04-2,_Definition_of_Marriage_Initiative_(2004)"
ms_20041102_amendment_1,MS_2004-11-02,MS,2004-11-02,general,marriage,Amendment 1,A YES vote amends the Mississippi Constitution to provide that marriage may take place and be valid only between a man and a woman.,no,86.0,pass,"Constitutional (legislatively referred); bans same-sex marriage only — no civil-union or similar-status language on the Ballotpedia page (counts 957,104-155,648 = 86.01%).",,,"https://ballotpedia.org/Mississippi_Marriage_Definition,_Amendment_1_(2004)"
mt_20041102_ci_96,MT_2004-11-02,MT,2004-11-02,general,marriage,CI-96,A YES vote amends the Montana Constitution to provide that only a marriage between one man and one woman shall be valid or recognized as a marriage in the state.,no,66.6,pass,constitutional (citizen-initiated); bans marriage only (no civil-union clause),mt_20041102_initiative_148; mt_20041102_i_149,,https://ballotpedia.org/History_of_same-sex_marriage_ballot_measures
mt_20041102_initiative_148,MT_2004-11-02,MT,2004-11-02,general,cannabis,Initiative 148,"A YES vote allows the production, possession, and use of marijuana by patients with debilitating medical conditions.",yes,61.8,pass,medical only,mt_20041102_ci_96; mt_20041102_i_149,C-40 — noxious weed management funding; C-41 — right to hunt and fish; C-42 — terms of office increase; CI-96 — definition of marriage; I-147 — open-pit cyanide mining; I-149 — tobacco tax increase,"https://ballotpedia.org/Montana_I-148,_Medical_Marijuana_Allowance_Measure_(2004)"
mt_20041102_i_149,MT_2004-11-02,MT,2004-11-02,general,healthcare,I-149,"Raises tobacco taxes to $1.70 per pack of cigarettes (a 140% increase), reserving 45% of revenue for children's health insurance enrollment, increased Medicaid services and provider rates, a need-based prescription drug program, and small-business employee health insurance programs.",yes,63.3,pass,tobacco tax funding children's health insurance and Medicaid,mt_20041102_ci_96; mt_20041102_initiative_148,C-40 — noxious weed trust fund; C-41 — hunting and fishing heritage; C-42 — legislative term limits extension; CI-96 — marriage definition; I-147 — cyanide leach mining; I-148 — medical marijuana,https://ballotpedia.org/Montana_I-149_(2004)
nd_20041102_constitutional_measure_1,ND_2004-11-02,ND,2004-11-02,general,marriage,Constitutional Measure 1,A YES vote amends the North Dakota Constitution to define marriage as only between one man and one woman and to deny any other domestic union recognition as a marriage or its substantially equivalent legal effect.,no,73.2,pass,"constitutional (citizen-initiated); bans marriage + civil unions/substantially equivalent domestic unions; only statewide measure on North Dakota's Nov 2004 ballot (two other measures were on the separate June 8, 2004 ballot)",,,https://ballotpedia.org/North_Dakota_2004_ballot_measures
nv_20041102_question_6,NV_2004-11-02,NV,2004-11-02,general,labor,Question 6,"Amends Nevada's constitution to require employers to pay $6.15/hour (or $5.15/hour when the employer provides health benefits), with future increases tied to federal wage hikes or cost-of-living adjustments.",yes,68.4,pass,"Constitutional two-tier wage: $6.15, or $5.15 with employer health benefits, plus indexing; first of two required passages (re-approved 2006 with 68.7%)",,"Question 1 - fund K-12 education first in state budget; Question 2 - per-pupil spending at national average; Question 3 - cap malpractice damages and attorney fees; Question 4 - regulate insurance rates and premium rollbacks; Question 5 - penalize frivolous lawsuits; Question 7 - update voting restrictions language; Question 8 - sales tax exemptions for vehicles, medical devices, farm equipment","https://ballotpedia.org/Nevada_Question_6,_Minimum_Wage_Increase_Initiative_(2004)"
oh_20041102_issue_1,OH_2004-11-02,OH,2004-11-02,general,marriage,Issue 1,A YES vote amends the Ohio Constitution to define marriage as a union between one man and one woman and to bar any legal status for unmarried individuals that intends to approximate marriage.,no,61.7,pass,"constitutional (citizen-initiated); bans marriage + civil unions/any status approximating marriage; the only statewide issue on Ohio's Nov 2004 ballot, in the presidential bellwether state (certified 3,329,335-2,065,462)",,,https://ballotpedia.org/Ohio_2004_ballot_measures
ok_20041102_state_question_711,OK_2004-11-02,OK,2004-11-02,general,marriage,State Question 711,"A YES vote amends the Oklahoma Constitution to define marriage as between one man and one woman, prohibit giving the benefits of marriage to unmarried people, and make issuing a same-sex marriage license a misdemeanor.",no,75.6,pass,"constitutional (legislatively referred); bans marriage + extension of marriage benefits to unmarried couples (civil unions), with criminal penalty for license issuance",ok_20041102_state_question_713,,https://ballotpedia.org/History_of_same-sex_marriage_ballot_measures
ok_20041102_state_question_713,OK_2004-11-02,OK,2004-11-02,general,healthcare,State Question 713,"Replaces the sales tax on tobacco with new excise taxes (4 cents per cigarette, i.e. 80 cents per pack) dedicated to health-related purposes including health care, building a cancer center, trauma care, aid to hospitals and ambulance services, while adjusting income taxes.",yes,53.3,pass,tobacco tax funding healthcare including cancer center and trauma care,ok_20041102_state_question_711,State Question 705 — state lottery; State Question 706 — lottery trust fund; State Question 707 — local government investment financing; State Question 708 — rainy day fund limits; State Question 711 — marriage definition; State Question 712 — tribal gaming act; State Question 714 — senior homestead exemption; State Question 715 — disabled veterans property tax exemption,"https://ballotpedia.org/Oklahoma_State_Question_713,_Tobacco_Sales_Tax_Measure_(2004)"
or_20041102_measure_36,OR_2004-11-02,OR,2004-11-02,general,marriage,Measure 36,A YES vote amends the Oregon Constitution to provide that only a marriage between one man and one woman shall be valid or legally recognized as a marriage.,no,56.6,pass,"constitutional (citizen-initiated); bans marriage only (no civil-union clause); narrowest margin of the 2004 wave, in a state that had briefly issued same-sex marriage licenses in Multnomah County",or_20041102_measure_33,,https://ballotpedia.org/History_of_same-sex_marriage_ballot_measures
or_20041102_measure_33,OR_2004-11-02,OR,2004-11-02,general,cannabis,Measure 33,A YES vote authorizes non-profit dispensaries to sell marijuana to registered patients and raises patients' possession and cultivation limits under the medical program.,yes,42.8,fail,"medical program expansion (dispensary sales, higher possession limits)",or_20041102_measure_36,Measure 31 — deceased candidate election procedure; Measure 32 — motor vehicle tax uses; Measure 34 — state forest conservation and timber plan; Measure 35 — healthcare damages limit; Measure 36 — definition of marriage; Measure 37 — compensation for land-use restrictions; Measure 38 — abolish state workers' comp insurer SAIF,"https://ballotpedia.org/Oregon_Measure_33,_Medical_Marijuana_Sales_Initiative_(2004)"
ut_20041102_amendment_3,UT_2004-11-02,UT,2004-11-02,general,marriage,Amendment 3,A YES vote amends the Utah Constitution to define marriage as between a man and a woman and to deny any other domestic union recognition as a marriage or the same or substantially equivalent legal effect.,no,65.9,pass,constitutional (legislatively referred); bans marriage + civil unions/substantially equivalent domestic unions,,,https://ballotpedia.org/History_of_same-sex_marriage_ballot_measures
ks_20050405_amendment_1,KS_2005-04-05,KS,2005-04-05,special,marriage,Amendment 1,A YES vote amends the Kansas Constitution to define marriage as a civil contract between one man and one woman only and to bar recognition of any other legal relationship entitling parties to the rights or incidents of marriage.,no,69.9,pass,"Constitutional; bans same-sex marriage AND recognition of any other relationship with the rights or incidents of marriage (civil unions included). Only statewide question on the April 5, 2005 spring ballot.",,,https://ballotpedia.org/Kansas_Marriage_Amendment_(2005)
ca_20051108_proposition_73,CA_2005-11-08,CA,2005-11-08,special,abortion,Proposition 73,A YES vote requires physician notification of a parent or guardian and a waiting period before an unemancipated minor's abortion.,no,47.3,fail,parental notification only,ca_20051108_proposition_78; ca_20051108_proposition_79,"Proposition 74 (teacher probationary period extension); Proposition 75 (union dues consent for politics); Proposition 76 (state spending cap); Proposition 77 (redistricting by retired judges); Proposition 78 (prescription drug discounts, voluntary); Proposition 79 (prescription drug discounts, mandatory); Proposition 80 (electric service regulation)","https://ballotpedia.org/California_Proposition_73,_Parental_Notification_of_Abortion_Initiative_(2005)"
ca_20051108_proposition_78,CA_2005-11-08,CA,2005-11-08,special,healthcare,Proposition 78,"Establishes Cal Rx, a pharmaceutical-industry-backed prescription drug discount program with voluntary manufacturer participation for low/moderate-income residents (the industry's rival to Proposition 79).",no,41.5,fail,drug pricing (industry-backed voluntary discounts),ca_20051108_proposition_73; ca_20051108_proposition_79,Proposition 73 — parental notification for abortion; Proposition 74 — teacher tenure; Proposition 75 — union dues political consent; Proposition 76 — state spending limits; Proposition 77 — redistricting; Proposition 79 — enforced prescription drug discounts; Proposition 80 — electricity regulation,"https://ballotpedia.org/California_Proposition_78,_Prescription_Drug_Discounts_(2005)"
ca_20051108_proposition_79,CA_2005-11-08,CA,2005-11-08,special,healthcare,Proposition 79,"Creates a prescription drug discount program for low- and middle-income Californians, enforced by excluding non-participating drug makers from Medi-Cal purchasing.",yes,39.4,fail,drug pricing (enforced discounts via Medi-Cal leverage),ca_20051108_proposition_73; ca_20051108_proposition_78,Proposition 73 — parental notification for abortion; Proposition 74 — teacher tenure; Proposition 75 — union dues political consent; Proposition 76 — state spending limits; Proposition 77 — redistricting; Proposition 78 — industry-backed voluntary drug discounts; Proposition 80 — electricity regulation,"https://ballotpedia.org/California_Proposition_79,_Prescription_Drug_Discount_Program_Initiative_(2005)"
tx_20051108_proposition_2,TX_2005-11-08,TX,2005-11-08,odd-year general,marriage,Proposition 2,A YES vote amends the Texas Constitution to provide that marriage in Texas consists only of the union of one man and one woman.,no,76.3,pass,"Constitutional (legislatively referred); ballot title covered marriage only, but the amendment's full text also barred the state or political subdivisions from creating or recognizing any legal status identical or similar to marriage (civil unions included).",,Proposition 1 — creates a rail relocation and improvement fund; Proposition 3 — economic development loans/grants do not create state debt; Proposition 4 — lets judges deny bail for violating release conditions; Proposition 5 — legislature may define commercial loan interest rates (defeated); Proposition 6 — enlarges the State Commission on Judicial Conduct; Proposition 7 — authorizes line-of-credit advances under reverse mortgages; Proposition 8 — clears state ownership claims on certain land titles; Proposition 9 — staggered six-year terms for regional mobility authority boards (defeated),"https://ballotpedia.org/Texas_Definition_of_Marriage,_Proposition_2_(2005)"
al_20060606_amendment_774,AL_2006-06-06,AL,2006-06-06,primary,marriage,Amendment 774,"A YES vote adds the Sanctity of Marriage Amendment to the Alabama Constitution, barring marriage licenses for same-sex couples and recognition of any same-sex marriage or union replicating marriage from any jurisdiction.",no,81.2,pass,"Constitutional (legislatively referred); bans same-sex marriage, common-law same-sex marriage, AND any 'union replicating marriage' (civil unions included). Only statewide measure on the June 6, 2006 primary ballot.",,,"https://ballotpedia.org/Alabama_Sanctity_of_Marriage,_Constitutional_Amendment_774_(June_2006)"
az_20061107_proposition_107,AZ_2006-11-07,AZ,2006-11-07,general,marriage,Proposition 107,A YES vote amends the Arizona Constitution so that only a union between one man and one woman is valid or recognized as marriage and prohibits creating or recognizing any legal status similar to marriage for unmarried persons.,no,48.2,fail,Constitutional (citizen-initiated); banned same-sex marriage AND any similar legal status (civil unions/domestic-partner benefits) for all unmarried persons. First same-sex-marriage ban ever rejected by voters.,az_20061107_proposition_202,"Proposition 100 — deny bail to serious-felony defendants in the U.S. illegally; Proposition 101 — limits on local property tax levies; Proposition 102 — bar punitive damages for people in the U.S. illegally; Proposition 103 — English as the official language; Proposition 104 — municipal debt for public safety acquisitions; Proposition 105 — state trust lands (defeated); Proposition 106 — Conserving Arizona's Future, state trust land conservation (defeated); Proposition 200 — $1 million voter-reward lottery (defeated); Proposition 201 — Smoke-Free Arizona smoking ban; Proposition 202 — raise minimum wage to $6.75; Proposition 203 — First Things First, cigarette tax for early childhood programs; Proposition 204 — Humane Farms, bans inhumane confinement of farm animals; Proposition 205 — right to vote by mail (defeated); Proposition 206 — Non-Smoker Protection smoking ban alternative (defeated); Proposition 207 — bars eminent domain for economic development; Proposition 300 — deny public program funding to illegal immigrants; Proposition 301 — jail/prison for methamphetamine offenses; Proposition 302 — raise legislator salaries to $36,000 (defeated)","https://ballotpedia.org/Arizona_Protect_Marriage,_Proposition_107_(2006)"
az_20061107_proposition_202,AZ_2006-11-07,AZ,2006-11-07,general,labor,Proposition 202,"A YES vote created Arizona's first state minimum wage at $6.75 per hour with annual cost-of-living increases tied to the CPI, and allowed localities to set higher local minimums.",yes,65.4,pass,$6.75 + annual CPI indexing; established first-ever state minimum wage (previously deferred to $5.15 federal); initiated statute; localities may go higher,az_20061107_proposition_107,"Proposition 100 - deny bail to illegal immigrants charged with serious felonies; Proposition 101 - property tax levy limits; Proposition 102 - bar punitive damages awards to illegal immigrants; Proposition 103 - English as official state language; Proposition 104 - municipal debt limit for public safety projects; Proposition 105 - legislative designation of trust land for conservation; Proposition 106 - state trust land conservation reserve (initiative); Proposition 107 - define marriage as one man and one woman; Proposition 200 - $1 million lottery prize for voting; Proposition 201 - public smoking ban plus two-cent cigarette tax; Proposition 203 - tobacco tax for early childhood programs; Proposition 204 - ban cruel confinement of pregnant pigs and veal calves; Proposition 205 - conduct all elections by mail; Proposition 206 - competing smoking ban with exemptions; Proposition 207 - eminent domain and property rights protections; Proposition 300 - bar in-state tuition and aid for non-citizens; Proposition 301 - no mandatory probation for methamphetamine offenses; Proposition 302 - raise legislative salaries to $36,000","https://ballotpedia.org/Arizona_Proposition_202,_Minimum_Wage_Increase_Initiative_(2006)"
ca_20061107_proposition_85,CA_2006-11-07,CA,2006-11-07,general,abortion,Proposition 85,A YES vote requires notification of a parent or guardian and a waiting period before an unemancipated minor's abortion.,no,45.8,fail,parental notification only,ca_20061107_proposition_86,"Proposition 1A (transportation fund protection); Proposition 1B (transportation bonds); Proposition 1C (housing bonds); Proposition 1D (school facility bonds); Proposition 1E (flood control bonds); Proposition 83 (sex offender penalties, Jessica's Law); Proposition 84 (water quality bonds); Proposition 86 (cigarette tax increase); Proposition 87 (oil severance tax for energy); Proposition 88 (education parcel tax); Proposition 89 (public campaign financing); Proposition 90 (eminent domain limits)","https://ballotpedia.org/California_Proposition_85,_Parental_Notification_for_Abortion_Initiative_(2006)"
ca_20061107_proposition_86,CA_2006-11-07,CA,2006-11-07,general,healthcare,Proposition 86,"Raises the cigarette tax by $2.60 per pack (with increases on other tobacco products) to fund hospital emergency services, health insurance for children, nursing education, tobacco prevention, and research and treatment of cancer, heart disease, and other illnesses.",yes,48.3,fail,tobacco tax funding hospitals and children's health coverage,ca_20061107_proposition_85,Proposition 1A — transportation funding protection; Proposition 1B — transportation bonds; Proposition 1C — housing bonds; Proposition 1D — school facility bonds; Proposition 1E — flood control bonds; Proposition 83 — sex offender restrictions; Proposition 84 — water and parks bonds; Proposition 85 — abortion parental notification; Proposition 87 — oil tax for alternative energy; Proposition 88 — education parcel tax; Proposition 89 — public campaign financing; Proposition 90 — eminent domain limits,"https://ballotpedia.org/California_Proposition_86,_Cigarette_Tax_Increase_Initiative_(2006)"
co_20061107_amendment_43,CO_2006-11-07,CO,2006-11-07,general,marriage,Amendment 43,A YES vote amends the Colorado Constitution to establish that marriage in Colorado is the union of one man and one woman.,no,55.0,pass,Constitutional (citizen-initiated); defines marriage only — does not ban civil unions or domestic partnerships (Referendum I on the same ballot addressed those separately).,co_20061107_referendum_i; co_20061107_amendment_44; co_20061107_amendment_42,Amendment 38 — initiative and referendum process changes (defeated); Amendment 39 — require 65% of school district budgets on classroom expenses (defeated); Amendment 40 — term limits and term lengths for judges (defeated); Amendment 41 — ethics rules on gifts to public officials; Amendment 42 — raise state minimum wage with inflation indexing; Amendment 44 — allow possession of up to one ounce of marijuana (defeated); Referendum E — property tax reduction for disabled veterans; Referendum F — recall election deadlines and requirements (defeated); Referendum G — remove obsolete constitutional language; Referendum H — eliminate tax deduction for wages to unauthorized aliens; Referendum I — create same-sex domestic partnerships (defeated); Referendum J — school district 65% spending requirement (defeated); Referendum K — require state to sue federal government over immigration enforcement,"https://ballotpedia.org/Colorado_Amendment_43,_Definition_of_Marriage_Initiative_(2006)"
co_20061107_referendum_i,CO_2006-11-07,CO,2006-11-07,general,marriage,Referendum I,"A YES vote enacts the Colorado Domestic Partnership Benefits and Responsibilities Act, creating a domestic partnership status extending to same-sex couples the legal benefits, protections, and responsibilities granted to spouses, while specifying a domestic partnership is not a marriage.",yes,47.7,fail,"Statutory (legislatively referred state statute); would have CREATED same-sex domestic partnerships with spousal-level rights, explicitly not marriage. Defeated while Amendment 43's marriage ban passed on the same ballot.",co_20061107_amendment_43; co_20061107_amendment_44; co_20061107_amendment_42,Amendment 38 — initiative and referendum process changes (defeated); Amendment 39 — require 65% of school district budgets on classroom expenses (defeated); Amendment 40 — term limits and term lengths for judges (defeated); Amendment 41 — ethics rules on gifts to public officials; Amendment 42 — raise state minimum wage with inflation indexing; Amendment 43 — define marriage as one man and one woman (approved); Amendment 44 — allow possession of up to one ounce of marijuana (defeated); Referendum E — property tax reduction for disabled veterans; Referendum F — recall election deadlines and requirements (defeated); Referendum G — remove obsolete constitutional language; Referendum H — eliminate tax deduction for wages to unauthorized aliens; Referendum J — school district 65% spending requirement (defeated); Referendum K — require state to sue federal government over immigration enforcement,"https://ballotpedia.org/Colorado_Referendum_I,_Establishment_of_Domestic_Partnership_Status_Measure_(2006)"
co_20061107_amendment_44,CO_2006-11-07,CO,2006-11-07,general,cannabis,Amendment 44,A YES vote makes legal the possession of one ounce or less of marijuana for any person 21 years of age or older.,yes,41.1,fail,"possession legalization only (1 oz, adults 21+), no sales system",co_20061107_amendment_43; co_20061107_referendum_i; co_20061107_amendment_42,Amendment 38 — initiative process rules; Amendment 39 — school district spending mandate; Amendment 40 — judicial term limits; Amendment 41 — gifts to public officials; Amendment 42 — minimum wage increase; Amendment 43 — marriage definition; Referendum E — disabled veterans property tax; Referendum F — recall election procedures; Referendum G — obsolete constitutional language; Referendum H — tax deduction for unauthorized labor; Referendum I — same-sex domestic partnerships; Referendum J — school district budgets; Referendum K — sue federal government over immigration,"https://ballotpedia.org/Colorado_Amendment_44,_Possession_of_Marijuana_Initiative_(2006)"
co_20061107_amendment_42,CO_2006-11-07,CO,2006-11-07,general,labor,Amendment 42,"A YES vote wrote a $6.85 per hour minimum wage into the Colorado constitution, adjusted annually for inflation, with no more than $3.02 per hour in tip income usable to offset tipped workers' minimum wage.",yes,53.3,pass,$6.85 + annual inflation indexing + $3.02/hour tip-credit cap; initiated constitutional amendment (indexing also let the wage fall in deflation years),co_20061107_amendment_43; co_20061107_referendum_i; co_20061107_amendment_44,Amendment 38 - change initiative and referendum petition procedures; Amendment 39 - require school districts to spend 65% of budgets in classroom; Amendment 40 - term limits for appellate judges; Amendment 41 - ethics rules and gift limits for public officials; Amendment 43 - define marriage as one man and one woman; Amendment 44 - legalize possession of up to one ounce of marijuana; Referendum E - property tax reduction for disabled veterans; Referendum F - revise recall petition deadlines; Referendum G - remove obsolete constitutional language; Referendum H - end tax deduction for wages paid to unauthorized aliens; Referendum I - domestic partnerships for same-sex couples; Referendum J - school district 65% budget spending requirement; Referendum K - require state to sue federal government over immigration enforcement,"https://ballotpedia.org/Colorado_Amendment_42,_Minimum_Wage_Initiative_(2006)"
id_20061107_hjr_2,ID_2006-11-07,ID,2006-11-07,general,marriage,HJR 2,A YES vote amends the Idaho Constitution to define marriage as between a man and a woman and make it the only domestic legal union valid or recognized in the state.,no,63.4,pass,constitutional; bans marriage + all other domestic unions (civil unions/domestic partnerships),,SJR 107 — permanent tobacco-settlement endowment fund; HB 1 — advisory question affirming property tax cut; Initiative 1 — increase public education funding (defeated); Initiative 2 — restrict eminent domain/regulatory takings (defeated),"https://ballotpedia.org/Idaho_HJR_2,_Definition_of_Marriage_Amendment_(2006)"
mo_20061107_proposition_b,MO_2006-11-07,MO,2006-11-07,general,labor,Proposition B,"A YES vote raised Missouri's minimum wage to $6.50 per hour, or the federal minimum wage if higher, with annual adjustment based on the Consumer Price Index.",yes,76.0,pass,$6.50 (or federal if higher) + annual CPI indexing; initiated statute; highest yes share of the 2006 wave (75.97%),mo_20061107_amendment_3,Amendment 2 - protect stem cell research permitted under federal law; Amendment 3 - tobacco tax for Healthy Future trust fund; Amendment 6 - property tax exemption for veterans' organizations; Amendment 7 - pension forfeiture for officials convicted of felonies,"https://ballotpedia.org/Missouri_Proposition_B,_Increase_Minimum_Wage_Initiative_(2006)"
mo_20061107_amendment_3,MO_2006-11-07,MO,2006-11-07,general,healthcare,Amendment 3,"Raises the cigarette tax by 4 cents per cigarette (80 cents per pack) plus 20% on other tobacco products to create a Healthy Future Trust Fund for increasing healthcare access, treatment of low-income individuals and Medicaid recipients, and tobacco use prevention.",yes,48.5,fail,tobacco tax funding healthcare access and Medicaid,mo_20061107_proposition_b,Amendment 2 — stem cell research; Amendment 6 — veterans organization tax exemption; Amendment 7 — official pension forfeiture; Proposition B — minimum wage increase,"https://ballotpedia.org/Missouri_Amendment_3,_Healthy_Future_Trust_Fund_Act_(2006)"
mt_20061107_i_151,MT_2006-11-07,MT,2006-11-07,general,labor,I-151,"A YES vote raised Montana's minimum wage to the greater of $6.15 per hour or the federal minimum wage, with an annual cost-of-living adjustment.",yes,72.7,pass,$6.15 (or federal if higher) + annual cost-of-living indexing; initiated statute,,C-43 - rename state auditor as insurance commissioner; I-153 - bar state officials and staff from becoming lobbyists,"https://ballotpedia.org/Montana_I-151,_Minimum_Wage_Measure_(2006)"
nv_20061107_question_7,NV_2006-11-07,NV,2006-11-07,general,cannabis,Question 7,"A YES vote allows and regulates the sale, use, and possession of one ounce or less of marijuana by adults 21+, with licensed, taxed retailers and wholesalers.",yes,44.1,fail,"full recreational (1 oz, regulated and taxed retail sales)",nv_20061107_question_6,Question 1 — education funding priority; Question 2 — eminent domain property rights; Question 4 — smoking ban excluding food service; Question 5 — smoking ban including food service; Question 6 — minimum wage increase; Question 8 — sales and use tax amendment; Question 9 — university regents selection; Question 10 — legislative special sessions; Question 11 — legislator salaries and expenses,"https://ballotpedia.org/Nevada_Marijuana_Initiative,_Question_7_(2006)"
nv_20061107_question_6,NV_2006-11-07,NV,2006-11-07,general,labor,Question 6,"A YES vote gave second and final passage (first passage 2004) to a constitutional amendment raising Nevada's minimum wage to $6.15 per hour, or $5.15 for employers providing health benefits, with future adjustments tracking federal increases or inflation.",yes,68.7,pass,"Two-tier $5.15/$6.15 by health benefits + indexing to federal increases or inflation; initiated constitutional amendment, second of two required passages (first approved 2004)",nv_20061107_question_7,"Question 1 - fund K-12 education first in state budget; Question 2 - eminent domain limits and compensation rules; Question 4 - smoking ban exempting certain venues, legislative tobacco authority; Question 5 - smoking ban in most indoor workplaces; Question 7 - legalize, regulate, and tax marijuana; Question 8 - sales tax exemption for vehicle trade-ins and farm equipment; Question 9 - restructure Board of Regents; Question 10 - legislature-called special sessions with limits; Question 11 - legislator per-day pay and allowances","https://ballotpedia.org/Nevada_Question_6,_Minimum_Wage_Increase_Initiative_(2006)"
oh_20061107_issue_2,OH_2006-11-07,OH,2006-11-07,general,labor,Issue 2,"A YES vote amended the Ohio constitution to raise the minimum wage from $5.15 to $6.85 per hour starting January 1, 2007, with annual increases for inflation.",yes,56.7,pass,"$6.85 + annual inflation indexing; initiated constitutional amendment (Section 34a, Article II)",,Issue 3 - permit slot machines at racetracks and two other locations; Issue 4 - constitutional smoking ban with designated-area exceptions; Issue 5 - statutory smoking ban in public places and workplaces,"https://ballotpedia.org/Ohio_Issue_2,_Minimum_Wage_Increase_Initiative_(2006)"
or_20061107_measure_43,OR_2006-11-07,OR,2006-11-07,general,abortion,Measure 43,A YES vote requires 48-hour written notice to a parent before providing an abortion to an unemancipated minor aged 15-17.,no,45.2,fail,parental notification only,,Measure 39 (eminent domain limits); Measure 40 (elect appellate judges by district); Measure 41 (income tax deduction change); Measure 42 (ban insurance credit scoring); Measure 44 (prescription drug program expansion); Measure 45 (legislative term limits); Measure 46 (allow campaign finance limits); Measure 47 (campaign contribution limits); Measure 48 (state spending limit),"https://ballotpedia.org/Oregon_Measure_43,_Parental_Notification_of_Abortion_Initiative_(2006)"
sc_20061107_amendment_1,SC_2006-11-07,SC,2006-11-07,general,marriage,Amendment 1,A YES vote amends the South Carolina Constitution to define marriage as the union of one man and one woman and prohibit the state and its subdivisions from recognizing any other domestic union.,no,78.0,pass,constitutional; bans marriage + civil unions/any other domestic union,,Amendment 2a — rules for special legislative sessions; Amendment 2b — rules for legislative adjournment; Amendment 3a — allow retirement fund equity investing; Amendment 3b — eliminate Retirement Systems Investment Panel; Amendment 6 — limit property value assessment increases; Amendment 7 — eminent domain restrictions,"https://ballotpedia.org/South_Carolina_Amendment_1,_Definition_of_Marriage_and_Prohibition_of_Domestic_Unions_Amendment_(2006)"
sd_20061107_referred_law_6,SD_2006-11-07,SD,2006-11-07,general,abortion,Referred Law 6,"A YES vote upholds HB 1215, banning nearly all abortions in South Dakota with an exception only to save the mother's life.",no,44.4,fail,near-total ban (life-of-mother exception only),sd_20061107_amendment_c; sd_20061107_initiated_measure_4,Amendment C (define marriage as man-woman); Amendment D (property tax acquisition value); Amendment E (special grand juries to penalize judges); Amendment F (legislative expense/term limit changes); Initiated Measure 2 (tobacco tax increase); Initiated Measure 3 (school start date after Aug 31); Initiated Measure 4 (medical marijuana); Initiated Measure 5 (state aircraft use restrictions); Initiated Measure 7 (prohibit video lottery); Initiated Measure 8 (repeal wireless telecom tax),"https://ballotpedia.org/South_Dakota_Referendum_6,_Abortion_Ban_Measure_(2006)"
sd_20061107_amendment_c,SD_2006-11-07,SD,2006-11-07,general,marriage,Amendment C,A YES vote amends the South Dakota Constitution to recognize only marriage between a man and a woman and to prohibit civil unions and domestic partnerships.,no,51.8,pass,constitutional; bans marriage + civil unions + domestic partnerships; narrowest passage of the 2006 wave,sd_20061107_referred_law_6; sd_20061107_initiated_measure_4,Amendment D — property tax assessment on acquisition value (defeated); Amendment E — special grand jurors may penalize judges (defeated); Amendment F — legislative rules and term-limit changes (defeated); Initiative 2 — tobacco tax increase; Initiative 3 — school start date after Aug 31 (defeated); Initiative 4 — medical marijuana (defeated); Initiative 5 — state aircraft use restrictions; Initiative 7 — prohibit video lottery (defeated); Initiative 8 — repeal wireless telecom gross receipts tax (defeated); Referred Law 6 — veto referendum on near-total abortion ban (rejected),"https://ballotpedia.org/South_Dakota_Amendment_C,_Definition_of_Marriage_and_Prohibition_of_Civil_Unions_Amendment_(2006)"
sd_20061107_initiated_measure_4,SD_2006-11-07,SD,2006-11-07,general,cannabis,Initiated Measure 4,"A YES vote allows certified patients with debilitating medical conditions to grow up to six plants, possess up to one ounce, and use marijuana for medical purposes.",yes,47.7,fail,medical only,sd_20061107_referred_law_6; sd_20061107_amendment_c,Amendment C — marriage definition; Amendment D — property tax assessment; Amendment E — judicial accountability grand jury; Amendment F — legislative expenses and term limits; Initiative 2 — tobacco tax increase; Initiative 3 — school start date; Initiative 5 — state aircraft use restrictions; Initiative 7 — video lottery repeal; Initiative 8 — cell phone tax repeal; Referendum 6 — abortion ban,"https://ballotpedia.org/South_Dakota_Medical_Marijuana,_Initiative_4_(2006)"
tn_20061107_amendment_1,TN_2006-11-07,TN,2006-11-07,general,marriage,Amendment 1,A YES vote amends the Tennessee Constitution to provide that marriage is only between a man and a woman.,no,81.3,pass,constitutional; bans marriage only (no civil-union clause); highest 2006 yes share,,Amendment 2 — property tax relief for seniors 65+,"https://ballotpedia.org/Tennessee_Amendment_1,_Definition_of_Marriage_Amendment_(2006)"
va_20061107_question_1_marshall_newman_amendment,VA_2006-11-07,VA,2006-11-07,general,marriage,Question 1 (Marshall-Newman Amendment),"A YES vote amends the Virginia Constitution to define marriage as the union of one man and one woman and deny any other relationship the legal status, rights, benefits, obligations, qualities, or effects of marriage.",no,57.1,pass,constitutional; bans marriage + civil unions + any legal status approximating marriage (among the broadest bans); omitted from Ballotpedia's own master history table but verified on its measure page,,Question 2 — allow churches to incorporate; Question 3 — local property tax exemption for redevelopment areas,"https://ballotpedia.org/Virginia_Question_1,_Definition_of_Marriage_Amendment_(2006)"
wi_20061107_question_1,WI_2006-11-07,WI,2006-11-07,general,marriage,Question 1,A YES vote amends the Wisconsin Constitution to provide that only marriage between one man and one woman is valid and that no legal status identical or substantially similar to marriage is recognized for unmarried individuals.,no,59.4,pass,constitutional; bans marriage + substantially-similar statuses (civil unions),,Question 2 — advisory referendum on enacting the death penalty,"https://ballotpedia.org/Wisconsin_Question_1,_Definition_of_Marriage_Amendment_(2006)"
or_20071106_measure_50,OR_2007-11-06,OR,2007-11-06,odd-year general,healthcare,Measure 50,"Amends the constitution to raise the cigarette tax by 84.5 cents per pack (from $1.18) to fund the Healthy Kids Program providing health coverage for uninsured Oregon children, plus anti-smoking programs.",yes,40.7,fail,tobacco tax funding children's health coverage (Healthy Kids),,Measure 49 — land use and property rights,https://ballotpedia.org/Oregon_Ballot_Measure_50_(2007)
az_20081104_proposition_102,AZ_2008-11-04,AZ,2008-11-04,general,marriage,Proposition 102,A YES vote amends the Arizona Constitution to provide that only a union of one man and one woman shall be valid or recognized as a marriage.,no,56.2,pass,constitutional; bans marriage only — deliberately narrower than the failed 2006 Prop 107 (which had also banned civil unions/partner benefits),az_20081104_proposition_101,Proposition 100 — prohibit real estate transfer taxes; Proposition 101 — freedom of choice in health care (defeated); Proposition 105 — majority-of-registered-voters rule for tax initiatives (defeated); Proposition 200 — payday loan reform (defeated); Proposition 201 — homeowners' rights in construction disputes (defeated); Proposition 202 — employer sanctions for hiring unauthorized workers (defeated); Proposition 300 — legislative salary increase (defeated),"https://ballotpedia.org/Arizona_Proposition_102,_Definition_of_Marriage_Amendment_(2008)"
az_20081104_proposition_101,AZ_2008-11-04,AZ,2008-11-04,general,healthcare,Proposition 101,Amends the Arizona Constitution to bar any law restricting a person's choice of private health care plan or the right to pay directly for lawful medical services.,no,49.8,fail,"constitutional health-mandate block (pre-ACA), narrowly defeated",az_20081104_proposition_102,Proposition 100 — real estate transfer tax ban; Proposition 102 — marriage definition; Proposition 105 — initiative approval threshold; Proposition 200 — payday loan regulation; Proposition 201 — new-home warranties; Proposition 202 — employer immigration sanctions; Proposition 300 — legislative salaries,"https://ballotpedia.org/Arizona_Medical_Freedom_to_Choose,_Proposition_101_(2008)"
ca_20081104_proposition_4,CA_2008-11-04,CA,2008-11-04,general,abortion,Proposition 4,A YES vote requires physician notification of a parent or adult relative and a waiting period before an unemancipated minor's abortion.,no,48.0,fail,parental notification only,ca_20081104_proposition_8,"Proposition 1A (high-speed rail bonds); Proposition 2 (farm animal confinement standards); Proposition 3 (children's hospital bonds); Proposition 5 (drug offense sentencing/rehabilitation); Proposition 6 (police funding and gang crime laws); Proposition 7 (renewable portfolio standards); Proposition 8 (ban same-sex marriage); Proposition 9 (victims' rights, Marsy's Law); Proposition 10 (alternative fuel bonds); Proposition 11 (citizens redistricting commission); Proposition 12 (veterans' home loan bonds)","https://ballotpedia.org/California_Proposition_4,_Parental_Notification_for_Minor%27s_Abortion_(2008)"
ca_20081104_proposition_8,CA_2008-11-04,CA,2008-11-04,general,marriage,Proposition 8,"A YES vote adds to the California Constitution that only marriage between a man and a woman is valid or recognized, reversing the May 2008 state supreme court ruling that legalized same-sex marriage.",no,52.2,pass,"constitutional (initiated); bans marriage only, but stripped an existing right — enacted after ~18,000 same-sex couples had already married; second CA vote after statutory Prop 22 (2000)",ca_20081104_proposition_4,Proposition 1A — high-speed rail bond; Proposition 2 — farm animal confinement standards; Proposition 3 — children's hospital bond; Proposition 4 — parental notification for minor's abortion (defeated); Proposition 5 — nonviolent drug offense sentencing (defeated); Proposition 6 — police funding and gang crime penalties (defeated); Proposition 7 — renewable energy portfolio standards (defeated); Proposition 9 — Marsy's Law crime victims' rights; Proposition 10 — alternative fuel vehicles bond (defeated); Proposition 11 — citizens redistricting commission; Proposition 12 — veterans' farm and home bond,"https://ballotpedia.org/California_Proposition_8,_Same-Sex_Marriage_Ban_Initiative_(2008)"
co_20081104_amendment_48,CO_2008-11-04,CO,2008-11-04,general,abortion,Amendment 48,A YES vote defines 'person' in the Colorado constitution to include any human being from the moment of fertilization.,no,26.8,fail,personhood at fertilization (most extreme tier),co_20081104_amendment_47,Amendment 46 (ban affirmative action preferences); Amendment 47 (right to work); Amendment 49 (limit public payroll deductions); Amendment 50 (casino gaming expansion); Amendment 51 (sales tax for disability services); Amendment 52 (severance tax for highways); Amendment 54 (government contractor contribution limits); Amendment 58 (oil and gas severance tax increase); Amendment 59 (excess revenue to education); Referendum L (lower legislator age to 21); Referendum M (remove obsolete land provision); Referendum N (remove obsolete alcohol provisions); Referendum O (initiative process changes),"https://ballotpedia.org/Colorado_Amendment_48,_Definition_of_Person_Initiative_(2008)"
co_20081104_amendment_47,CO_2008-11-04,CO,2008-11-04,general,labor,Amendment 47,A YES vote would have amended the Colorado constitution to prohibit requiring union membership or payment of union dues or fees as a condition of employment (right-to-work).,no,43.9,fail,Constitutional right-to-work ban on union-security agreements; defeated 43.89%-56.11%,co_20081104_amendment_48,Amendment 46 - ban discrimination and preferential treatment by the state; Amendment 48 - define person as beginning at fertilization; Amendment 49 - prohibit public employee paycheck deductions; Amendment 50 - expand gambling and gaming tax provisions; Amendment 51 - sales tax increase for developmental disability services; Amendment 52 - apportion severance taxes to highway projects; Amendment 54 - campaign contribution limits for government contractors; Amendment 58 - increase severance tax on natural resource extraction; Amendment 59 - spend excess state funds on public education; Referendum L - lower legislative service age from 25 to 21; Referendum M - remove obsolete land-value constitutional provision; Referendum N - repeal obsolete alcohol provisions; Referendum O - adjust citizen initiative ballot procedures,"https://ballotpedia.org/Colorado_Amendment_47,_Prohibition_of_a_Union_Requirement_for_Employment_Initiative_(2008)"
fl_20081104_amendment_2,FL_2008-11-04,FL,2008-11-04,general,marriage,Amendment 2,A YES vote amends the Florida Constitution to define marriage as the legal union of one man and one woman and bar recognition of any other legal union treated as marriage or its substantial equivalent.,no,61.9,pass,constitutional (initiated); bans marriage + substantial equivalents (civil unions); required and cleared Florida's 60% supermajority threshold,,Amendment 1 — repeal alien land ownership restriction (defeated); Amendment 3 — tax exemption for hurricane/renewable-energy home improvements; Amendment 4 — conservation land property tax exemption; Amendment 6 — working waterfront property assessment; Amendment 8 — local option sales tax for community colleges (defeated),"https://ballotpedia.org/Florida_Amendment_2,_Definition_of_Marriage_Initiative_(2008)"
ma_20081104_question_2,MA_2008-11-04,MA,2008-11-04,general,cannabis,Question 2,A YES vote replaces criminal penalties for possession of one ounce or less of marijuana with a $100 civil fine.,yes,62.8,pass,decriminalization only,,Question 1 — state income tax repeal; Question 3 — dog racing ban,"https://ballotpedia.org/Massachusetts_Sensible_Marijuana_Policy_Initiative,_Question_2_(2008)"
mi_20081104_proposal_1,MI_2008-11-04,MI,2008-11-04,general,cannabis,Proposal 1,"A YES vote allows seriously ill patients to use and cultivate marijuana for medical purposes with physician approval, with a state registry ID card system.",yes,62.7,pass,medical only,,Proposal 2 — embryonic stem cell research,"https://ballotpedia.org/Michigan_Medical_Marijuana_Initiative,_Proposal_1_(2008)"
sd_20081104_initiated_measure_11,SD_2008-11-04,SD,2008-11-04,general,abortion,Initiated Measure 11,"A YES vote bans abortion in South Dakota except in cases of rape, incest, or serious risk to the mother's life or health.",no,44.8,fail,near-total ban with rape/incest/health exceptions (softened rerun of 2006),,Amendment G (legislator travel reimbursement); Amendment H (corporate structure provisions); Amendment I (legislative session length); Amendment J (remove legislative term limits); Initiated Measure 9 (prohibit short selling of stocks); Initiated Measure 10 (ban tax funds for lobbying),"https://ballotpedia.org/South_Dakota_Initiative_11,_Abortion_Ban_Measure_(2008)"
me_20091103_question_1,ME_2009-11-03,ME,2009-11-03,odd-year general,marriage,Question 1,"A YES vote rejects (people's veto) the legislature's 2009 law allowing same-sex couples to marry, prohibiting same-sex marriage in Maine.",no,52.9,pass,"statutory people's veto; repealed a marriage-equality law before it took effect — no constitutional ban, no civil-union impact",me_20091103_question_5,Question 2 — cut auto excise tax for efficient vehicles (defeated); Question 3 — repeal school district consolidation law (defeated); Question 4 — TABOR-style government spending limits (defeated); Question 5 — medical marijuana dispensaries; Question 6 — $71.25M transportation bond; Question 7 — initiative signature certification timeline (defeated),"https://ballotpedia.org/Maine_Question_1,_Same-Sex_Marriage_Referendum_(2009)"
me_20091103_question_5,ME_2009-11-03,ME,2009-11-03,odd-year general,cannabis,Question 5,"A YES vote expands Maine's existing medical marijuana law by creating nonprofit dispensaries, a patient registry ID card system, and additional qualifying conditions.",yes,58.9,pass,medical only (dispensaries and registry added to existing program),me_20091103_question_1,Question 1 — same-sex marriage law repeal; Question 2 — vehicle excise tax cut; Question 3 — school district consolidation repeal; Question 4 — government spending limits (TABOR); Question 6 — transportation bonds; Question 7 — initiative signature certification timing,"https://ballotpedia.org/Maine_Medical_Marijuana_Initiative,_Question_5_(2009)"
wa_20091103_referendum_71,WA_2009-11-03,WA,2009-11-03,odd-year general,marriage,Referendum 71,"A YES (approve) vote upholds SB 5688, expanding registered domestic partners' rights and responsibilities to be equivalent to those of married spouses ('everything but marriage').",yes,53.2,pass,statutory veto referendum; upholds 'everything but marriage' domestic-partnership expansion — first statewide vote won by the pro-LGBT side on a partnership/marriage question,,Initiative 1033 — limit state/county/city revenue growth (defeated),"https://ballotpedia.org/Washington_Referendum_71,_Domestic_Partners_Rights_and_Responsibilities_Measure_(2009)"
mo_20100803_proposition_c,MO_2010-08-03,MO,2010-08-03,primary,healthcare,Proposition C,Enacts a statute denying government the power to compel purchase of health insurance or to penalize going without it (first statewide anti-ACA vote).,no,71.1,pass,"statutory ACA-mandate block, on a primary ballot",,,"https://ballotpedia.org/Missouri_Healthcare_Freedom,_Proposition_C_(August_2010)"
ak_20100824_ballot_measure_2,AK_2010-08-24,AK,2010-08-24,primary,abortion,Ballot Measure 2,A YES vote requires a doctor to notify a parent before performing an abortion on a minor under 18.,no,56.1,pass,parental notification only,,Ballot Measure 1 (ban public funds for campaigns/lobbying),"https://ballotpedia.org/Alaska_Ballot_Measure_2,_Parental_Notification_of_Abortion_Initiative_(August_2010)"
az_20101102_proposition_203,AZ_2010-11-02,AZ,2010-11-02,general,cannabis,Proposition 203,"A YES vote authorizes marijuana use for patients with debilitating medical conditions, supplied through state-regulated nonprofit dispensaries.",yes,50.1,pass,"medical only (passed by ~4,300 votes)",az_20101102_proposition_106,Proposition 106 — healthcare freedom; Proposition 107 — affirmative action ban; Proposition 109 — right to hunt and fish; Proposition 110 — state trust land sales; Proposition 111 — lieutenant governor office; Proposition 112 — initiative filing deadline; Proposition 113 — secret ballot in union elections; Proposition 301 — land conservation fund transfer; Proposition 302 — end early childhood program,"https://ballotpedia.org/Arizona_Proposition_203,_Medicinal_Marijuana_Initiative_(2010)"
az_20101102_proposition_106,AZ_2010-11-02,AZ,2010-11-02,general,healthcare,Proposition 106,Amends the Arizona Constitution to prohibit any rule or law compelling participation in a health care system and to preserve direct payment for care.,no,55.3,pass,constitutional ACA-mandate block (legislatively referred),az_20101102_proposition_203,Proposition 107 — affirmative action ban; Proposition 109 — right to hunt; Proposition 110 — state trust lands; Proposition 111 — lieutenant governor rename; Proposition 112 — initiative filing deadline; Proposition 113 — secret-ballot union elections; Proposition 203 — medical marijuana; Proposition 301 — land conservation fund transfer; Proposition 302 — First Things First repeal,"https://ballotpedia.org/Arizona_Health_Insurance_Reform_Amendment,_Proposition_106_(2010)"
ca_20101102_proposition_19,CA_2010-11-02,CA,2010-11-02,general,cannabis,Proposition 19,A YES vote legalizes recreational marijuana for adults 21+ and allows state and local governments to regulate and tax commercial production and sales.,yes,46.5,fail,full recreational,,Proposition 20 — congressional redistricting commission; Proposition 21 — vehicle surcharge for state parks; Proposition 22 — protect local revenues; Proposition 23 — suspend AB 32 climate law; Proposition 24 — repeal corporate tax breaks; Proposition 25 — majority-vote state budget; Proposition 26 — two-thirds vote for fees; Proposition 27 — abolish redistricting commission,"https://ballotpedia.org/California_Proposition_19,_Marijuana_Legalization_Initiative_(2010)"
co_20101102_amendment_62,CO_2010-11-02,CO,2010-11-02,general,abortion,Amendment 62,A YES vote applies the term 'person' in the Colorado constitution to every human being from the beginning of biological development.,no,29.5,fail,personhood from biological development (rerun of 2008 Amendment 48),co_20101102_amendment_63,Amendment 60 (property tax limits); Amendment 61 (prohibit state borrowing); Amendment 63 (healthcare choice right); Amendment P (transfer gambling licensing); Amendment Q (temporary state seat relocation); Amendment R (eliminate small possessory property tax); Proposition 101 (income and vehicle tax cuts); Proposition 102 (bail bond restrictions),"https://ballotpedia.org/Colorado_Amendment_62,_Definition_of_Person_Amendment_(2010)"
co_20101102_amendment_63,CO_2010-11-02,CO,2010-11-02,general,healthcare,Amendment 63,"Adds a constitutional right to health care choice, barring the state from requiring participation in any public or private health insurance plan.",no,46.9,fail,"constitutional ACA-mandate block (citizen-initiated), defeated",co_20101102_amendment_62,Amendment 60 — property tax cuts; Amendment 61 — government debt limits; Amendment 62 — fetal personhood; Proposition 101 — vehicle/income/telecom tax cuts; Proposition 102 — bail and pretrial release; Referendum P — gambling licensing transfer; Referendum Q — temporary state seat relocation; Referendum R — tax on private use of public property,"https://ballotpedia.org/Colorado_Healthcare_Choice,_Initiative_63_(2010)"
ok_20101102_state_question_756,OK_2010-11-02,OK,2010-11-02,general,healthcare,State Question 756,"Amends the Oklahoma Constitution to prohibit compelling any person, employer, or health care provider to participate in a health care system.",no,64.7,pass,constitutional ACA-mandate block (legislatively referred),,State Question 744 — education funding formula; State Question 746 — voter photo ID; State Question 747 — term limits for state officials; State Question 748 — redistricting commission; State Question 750 — initiative signature requirements; State Question 751 — official English; State Question 752 — judicial nominating commission; State Question 754 — budget formula prohibition; State Question 755 — Sharia/international law ban; State Question 757 — rainy day fund increase,"https://ballotpedia.org/Oklahoma_Healthcare_Freedom,_State_Question_756_(2010)"
or_20101102_measure_74,OR_2010-11-02,OR,2010-11-02,general,cannabis,Measure 74,"A YES vote establishes a licensed medical marijuana supply system with dispensaries, low-income assistance for cardholders, and a research program.",yes,44.2,fail,medical dispensaries only (supply system for existing medical program),,Measure 70 — veterans' home loans; Measure 71 — annual legislative sessions; Measure 72 — state borrowing for projects; Measure 73 — mandatory minimum sentences; Measure 75 — Multnomah County casino; Measure 76 — lottery funds for parks,"https://ballotpedia.org/Oregon_Measure_74,_Regulated_Medical_Marijuana_Supply_System_Initiative_(2010)"
sd_20101102_initiated_measure_13,SD_2010-11-02,SD,2010-11-02,general,cannabis,Initiated Measure 13,"A YES vote legalizes possession, use, and cultivation of marijuana for physician-certified patients registered with the state Department of Health.",yes,36.7,fail,medical only,,Amendment K — secret ballot right; Amendment L — trust fund transfer repeal; Referendum 12 — statewide smoking ban,"https://ballotpedia.org/South_Dakota_Medical_Marijuana,_Initiative_13_(2010)"
ms_20111108_initiative_26,MS_2011-11-08,MS,2011-11-08,odd-year general,abortion,Initiative 26,A YES vote defines personhood in the Mississippi constitution as beginning at the moment of fertilization.,no,42.4,fail,personhood at fertilization (most extreme tier; failed even in deep-red state),,Initiative 27 (voter ID requirement); Initiative 31 (eminent domain restrictions),"https://ballotpedia.org/Mississippi_Initiative_26,_Definition_of_Person_Amendment_(2011)"
oh_20111108_issue_2_senate_bill_5_veto_referendum,OH_2011-11-08,OH,2011-11-08,odd-year general,labor,Issue 2 (Senate Bill 5 Veto Referendum),"A YES vote upholds Senate Bill 5, the law limiting collective bargaining for Ohio's roughly 400,000 public employees; the NO side won, repealing SB5.",no,38.4,fail,Sweeping statewide veto referendum on collective-bargaining restrictions covering all public employees; defeat repealed SB5 outright,oh_20111108_issue_3,Issue 1 - judicial retirement age increase; Issue 3 - healthcare mandate exemption amendment,"https://ballotpedia.org/Ohio_Issue_2,_Public_Employee_Collective_Bargaining_Referendum_(2011)"
oh_20111108_issue_3,OH_2011-11-08,OH,2011-11-08,odd-year general,healthcare,Issue 3,"Amends the Ohio Constitution to exempt Ohio residents from health care mandates, providing that no law shall compel participation in a health care system.",no,65.6,pass,"constitutional ACA-mandate block (citizen-initiated, odd-year ballot)",oh_20111108_issue_2_senate_bill_5_veto_referendum,Issue 1 — judicial retirement age; Issue 2 — collective bargaining law referendum (SB 5),"https://ballotpedia.org/Ohio_Health_Care_Amendment,_Issue_3_(2011)"
nc_20120508_amendment_1,NC_2012-05-08,NC,2012-05-08,primary,marriage,Amendment 1,A YES vote amends the North Carolina Constitution to make marriage between one man and one woman the only domestic legal union valid or recognized in the state.,no,61.0,pass,constitutional; bans marriage + civil unions + domestic partnerships; the last state to enact a constitutional ban; placed on a low-turnout primary ballot,,,"https://ballotpedia.org/North_Carolina_Amendment_1,_Definition_of_Marriage_and_Prohibition_of_Civil_Unions_Amendment_(May_2012)"
ca_20120605_proposition_29,CA_2012-06-05,CA,2012-06-05,primary,healthcare,Proposition 29,"Raises the cigarette tax by $1.00 per pack (from $0.87 to $1.87, with comparable increases on other tobacco products) to fund cancer and tobacco-related disease research through the California Cancer Research Life Sciences Innovation Trust Fund.",yes,49.8,fail,tobacco tax funding cancer research,,Proposition 28 — legislative term limits,"https://ballotpedia.org/California_Proposition_29,_Tobacco_Tax_for_Cancer_Research_Fund_Initiative_(June_2012)"
al_20121106_amendment_7_secret_ballot_amendment,AL_2012-11-06,AL,2012-11-06,general,labor,Amendment 7 (Secret Ballot Amendment),A YES vote adds a state constitutional guarantee of secret-ballot voting in union representation elections and in public elections and referenda.,no,67.1,pass,Largely preemptive/symbolic anti-card-check amendment (federal NLRA governs union elections); legislatively referred constitutional amendment,al_20121106_amendment_6,Amendment 1 - Forever Wild land trust funding; Amendment 2 - general obligation bond authority; Amendment 3 - Stockton landmark district; Amendment 4 - remove segregation-era constitutional language; Amendment 5 - water and sewer system transfer; Amendment 6 - healthcare mandate prohibition; Amendment 8 - legislator compensation limits; Amendment 9 - corporate business privilege tax; Amendment 10 - legislature and banking authority; Amendment 11 - Lawrence County municipal ordinance limits,"https://ballotpedia.org/Alabama_Secret_Ballot_Amendment,_Amendment_7_(2012)"
al_20121106_amendment_6,AL_2012-11-06,AL,2012-11-06,general,healthcare,Amendment 6,"Amends the Alabama Constitution to prohibit any person, employer, or health care provider from being compelled to participate in any health care system.",no,59.0,pass,constitutional ACA-mandate block (legislatively referred),al_20121106_amendment_7_secret_ballot_amendment,Amendment 1 — Forever Wild land trust funding; Amendment 2 — general obligation bonds; Amendment 3 — Stockton landmark district; Amendment 4 — segregation-era constitutional language; Amendment 5 — Mobile water and sewer system; Amendment 7 — secret-ballot union elections; Amendment 8 — legislator compensation; Amendment 9 — corporate business/privilege tax authority; Amendment 10 — state banking authority; Amendment 11 — Lawrence County municipal ordinances,"https://ballotpedia.org/Alabama_Health_Care_Amendment,_Amendment_6_(2012)"
ar_20121106_issue_5,AR_2012-11-06,AR,2012-11-06,general,cannabis,Issue 5,"A YES vote makes medical use of marijuana legal under Arkansas law for qualifying patients, supplied through nonprofit dispensaries with limited home cultivation.",yes,48.6,fail,medical only,,"Issue 1 — sales tax increase for highways; Issue 2 — redevelopment project bonds; Issues 3 and 4 — casino gaming (on ballot but invalidated, votes not counted)","https://ballotpedia.org/Arkansas_Medical_Marijuana_Question,_Issue_5_(2012)"
co_20121106_amendment_64,CO_2012-11-06,CO,2012-11-06,general,cannabis,Amendment 64,A YES vote legalizes possession and use of marijuana for adults 21+ and establishes a regulated commercial cultivation and retail system in the state constitution.,yes,55.3,pass,full recreational (constitutional amendment),,Amendment 65 — campaign finance federal amendment; Amendment S — state personnel system,"https://ballotpedia.org/Colorado_Amendment_64,_Regulation_of_Marijuana_Initiative_(2012)"
fl_20121106_amendment_6,FL_2012-11-06,FL,2012-11-06,general,abortion,Amendment 6,A YES vote prohibits public funds for abortions or abortion coverage and bars interpreting the state constitution's privacy right more broadly than the federal one.,no,44.9,fail,public funding ban + narrows state privacy right; required 60% approval,fl_20121106_amendment_1,Amendment 1 (prohibit compulsory health insurance); Amendment 2 (veteran homestead tax discount); Amendment 3 (state revenue limitation); Amendment 4 (property assessment changes); Amendment 5 (legislative power over courts); Amendment 8 (religious organization funding); Amendment 9 (surviving spouse homestead exemption); Amendment 10 (tangible personal property exemption); Amendment 11 (senior homestead exemption); Amendment 12 (student body president selection),"https://ballotpedia.org/Florida_Amendment_6,_State_Constitution_Interpretation_and_Prohibit_Public_Funds_for_Abortions_Amendment_(2012)"
fl_20121106_amendment_1,FL_2012-11-06,FL,2012-11-06,general,healthcare,Amendment 1,Amends the Florida Constitution to prohibit compelling any person or employer to purchase or provide health insurance (blocking the ACA mandate) and to permit direct payment for care.,no,48.5,fail,constitutional ACA-mandate block (needed 60%); certified yes 48.5% also fell short of a simple majority,fl_20121106_amendment_6,Amendment 2 — combat-injured veterans property tax discount; Amendment 3 — state revenue limitation; Amendment 4 — property assessment and homestead exemption; Amendment 5 — judiciary rules and appointments; Amendment 6 — public funding of abortion ban; Amendment 8 — religious institutions public funding; Amendment 9 — first responder/military surviving spouse tax exemption; Amendment 10 — tangible personal property tax exemption; Amendment 11 — senior low-income homestead exemption; Amendment 12 — university board student member,"https://ballotpedia.org/Florida_Healthcare,_Amendment_1_(2012)"
ma_20121106_question_3,MA_2012-11-06,MA,2012-11-06,general,cannabis,Question 3,"A YES vote eliminates state penalties for medical use of marijuana by qualifying patients, supplied through state-regulated treatment centers or hardship home cultivation.",yes,63.3,pass,medical only,,Question 1 — auto right to repair; Question 2 — physician-assisted death,"https://ballotpedia.org/Massachusetts_Medical_Marijuana_Initiative,_Question_3_(2012)"
md_20121106_question_6,MD_2012-11-06,MD,2012-11-06,general,marriage,Question 6,"A YES vote upholds the Civil Marriage Protection Act, allowing same-sex couples to obtain civil marriage licenses in Maryland.",yes,52.4,pass,"statutory veto referendum; upholds/legalizes marriage (law took effect Jan 1, 2013); clergy exempted from performing ceremonies",,"Question 1 — Orphans' Court judge qualifications, Prince George's County; Question 2 — Orphans' Court judge qualifications, Baltimore County; Question 3 — removal of convicted elected officials; Question 4 — in-state tuition for undocumented students (Dream Act referendum); Question 5 — congressional redistricting plan referendum; Question 7 — gaming expansion, new Prince George's County casino","https://ballotpedia.org/Maryland_Same-Sex_Civil_Marriage_Referendum,_Question_6_(2012)"
me_20121106_question_1,ME_2012-11-06,ME,2012-11-06,general,marriage,Question 1,A YES vote enacts a citizen-initiated statute allowing the State of Maine to issue marriage licenses to same-sex couples.,yes,52.7,pass,"statutory citizen initiative; legalizes marriage — first U.S. legalization of same-sex marriage by citizen initiative, reversing Maine's own 2009 people's veto (yes_pct is yes/(yes+no) from certified counts 372,887-334,723; Ballotpedia prints 51.5% because Maine reports shares of all ballots incl. blanks)",,Question 2 — community college bond (defeated); Question 3 — water access and wildlife conservation bond; Question 4 — transportation bond; Question 5 — water and sewer bond,"https://ballotpedia.org/Maine_Same-Sex_Marriage_Question,_Question_1_(2012)"
mi_20121106_proposal_2_protect_our_jobs_amendment,MI_2012-11-06,MI,2012-11-06,general,labor,Proposal 2 (Protect Our Jobs Amendment),"A YES vote establishes a constitutional right for public and private employees to organize and bargain collectively, invalidating laws that limit union participation or conflict with collective bargaining agreements.",yes,42.6,fail,Sweeping: would have constitutionalized collective bargaining for all public and private employees and preempted right-to-work legislation,mi_20121106_proposal_4_in_home_care_workers_initiati,Proposal 1 - emergency manager law veto referendum; Proposal 3 - 25% renewable energy standard; Proposal 4 - in-home care workers collective bargaining; Proposal 5 - two-thirds vote for tax increases; Proposal 6 - voter approval for international bridge,"https://ballotpedia.org/Michigan_Proposal_2,_Constitutional_Right_to_Collective_Bargaining_Initiative_(2012)"
mi_20121106_proposal_4_in_home_care_workers_initiati,MI_2012-11-06,MI,2012-11-06,general,labor,Proposal 4 (In-Home Care Workers Initiative),"A YES vote creates the Michigan Quality Home Care Council, allows in-home care workers to bargain collectively, and authorizes the council to set employment terms and minimum compensation standards.",yes,43.8,fail,Narrow sector scope (in-home care workers only) but constitutional in form,mi_20121106_proposal_2_protect_our_jobs_amendment,Proposal 1 - emergency manager law veto referendum; Proposal 2 - constitutional right to collective bargaining; Proposal 3 - 25% renewable energy standard; Proposal 5 - two-thirds vote for tax increases; Proposal 6 - voter approval for international bridge,"https://ballotpedia.org/Michigan_Proposal_4,_Establish_Quality_Home_Care_Council_and_Collective_Bargaining_for_In-Home_Care_Workers_Initiative_(2012)"
mn_20121106_amendment_1,MN_2012-11-06,MN,2012-11-06,general,marriage,Amendment 1,A YES vote amends the Minnesota Constitution to define marriage as solely between one man and one woman.,no,48.1,fail,constitutional; would have banned marriage only; DEFEATED — first head-on rejection of a marriage-definition constitutional amendment (blank ballots count against amendments in Minnesota),,Amendment 2 — require photo ID to vote (defeated),"https://ballotpedia.org/Minnesota_Amendment_1,_Definition_of_Marriage_Amendment_(2012)"
mo_20121106_proposition_e,MO_2012-11-06,MO,2012-11-06,general,healthcare,Proposition E,Enacts a statute prohibiting the establishment or operation of a state health insurance exchange unless created by the legislature or a vote of the people.,no,61.7,pass,exchange-establishment block (statutory); barred the governor from setting up an ACA exchange unilaterally,,Amendment 3 — judicial appointment commission; Proposition A — local control of St. Louis police; Proposition B — tobacco tax increase,"https://ballotpedia.org/Missouri_Healthcare_Exchange_Question,_Proposition_E_(2012)"
mt_20121106_lr_120,MT_2012-11-06,MT,2012-11-06,general,abortion,LR-120,A YES vote requires parental notification (with judicial waiver) before an abortion for a minor under 16.,no,70.6,pass,parental notification (under 16) only,mt_20121106_ir_124; mt_20121106_lr_122,"LR-121 (proof of citizenship for state services); LR-122 (prohibit mandatory health insurance); IR-124 (referendum on medical marijuana repeal law); I-166 (prohibit corporate political spending, policy statement)","https://ballotpedia.org/Montana_Parental_Notification_Measure,_LR-120_(2012)"
mt_20121106_ir_124,MT_2012-11-06,MT,2012-11-06,general,cannabis,IR-124,"A YES vote affirms Senate Bill 423, which repealed the 2004 voter-approved medical marijuana program and replaced it with a far more restrictive one (three-patient provider limit, no compensation).",no,57.2,pass,"restrictive referendum on medical program; YES upheld the restrictive law, so the pro-access side lost",mt_20121106_lr_120; mt_20121106_lr_122,I-166 — corporate political spending ban; LR-120 — parental notification for abortion; LR-121 — proof of citizenship for state services; LR-122 — healthcare mandate prohibition,"https://ballotpedia.org/Montana_Medical_Marijuana_Veto_Referendum,_IR-124_(2012)"
mt_20121106_lr_122,MT_2012-11-06,MT,2012-11-06,general,healthcare,LR-122,"Enacts a statute prohibiting the state or federal government from mandating the purchase of health insurance or imposing penalties, taxes, or fines for not purchasing it.",no,67.2,pass,statutory ACA-mandate block (legislative referendum),mt_20121106_lr_120; mt_20121106_ir_124,LR-120 — parental notification for minor's abortion; LR-121 — proof of citizenship for state services; IR-124 — medical marijuana law referendum; I-166 — corporate election spending policy,"https://ballotpedia.org/Montana_Healthcare_Measure,_LR-122_(2012)"
or_20121106_measure_80,OR_2012-11-06,OR,2012-11-06,general,cannabis,Measure 80,"A YES vote allows commercial marijuana cultivation and sale to adults through state-licensed stores regulated by a cannabis commission, plus unlicensed personal cultivation and use.",yes,46.6,fail,"full recreational (state commission model, unlicensed personal grows)",,Measure 77 — catastrophic disaster powers; Measure 78 — constitutional wording on government branches; Measure 79 — real estate transfer tax ban; Measure 81 — gillnet fishing ban; Measure 82 — private casinos amendment; Measure 83 — Multnomah County casino; Measure 84 — estate tax phase-out; Measure 85 — corporate kicker to education,"https://ballotpedia.org/Oregon_Cannabis_Tax_Act_Initiative,_Measure_80_(2012)"
sd_20121106_referred_law_16_teacher_bonus_scholarshi,SD_2012-11-06,SD,2012-11-06,general,labor,"Referred Law 16 (Teacher Bonus, Scholarship, and Tenure Referendum)","A YES vote enacts the referred law (HB 1234) giving bonuses to top-performing teachers, phasing out tenure, and funding scholarships for critical-need teaching fields; the NO side won, blocking the law.",no,32.8,fail,Sector-specific (public school teachers) veto referendum on merit pay and tenure elimination; organized by the South Dakota Education Association,,Constitutional Amendment M - corporate law modernization; Constitutional Amendment N - travel reimbursement repeal; Constitutional Amendment O - cement plant trust fund; Constitutional Amendment P - balanced budget requirement; Referred Law 14 - business project grant fund; Initiated Measure 15 - one-percent sales tax increase,"https://ballotpedia.org/South_Dakota_Referred_Law_16,_Teachers_Scholarship,_Bonus,_and_Tenure_Policies_Referendum_(2012)"
wa_20121106_referendum_74,WA_2012-11-06,WA,2012-11-06,general,marriage,Referendum 74,"A YES (approve) vote upholds SB 6239, legalizing same-sex marriage in Washington while preserving domestic partnerships for seniors and religious refusal rights.",yes,53.7,pass,statutory veto referendum; legalizes marriage,wa_20121106_initiative_502,Initiative 502 — legalize and regulate marijuana; Initiative 1185 — two-thirds legislative vote for tax increases; Initiative 1240 — authorize public charter schools; Advisory Vote 1 — B&O tax deduction elimination (nonbinding); Advisory Vote 2 — petroleum products tax extension (nonbinding); SJR 8221 — phase down constitutional debt limit; SJR 8223 — university public fund investing (defeated),"https://ballotpedia.org/Washington_Referendum_74,_Same-Sex_Marriage_Measure_(2012)"
wa_20121106_initiative_502,WA_2012-11-06,WA,2012-11-06,general,cannabis,Initiative 502,"A YES vote legalizes and regulates the production, possession, and distribution of marijuana for adults 21+, with state-licensed, taxed retail sales.",yes,55.7,pass,full recreational,wa_20121106_referendum_74,Referendum 74 — same-sex marriage; Initiative 1185 — two-thirds vote for taxes; Initiative 1240 — charter schools; SJR 8221 — state debt limit; SJR 8223 — university investment authority; Advisory Vote 1 — tax preference repeal (nonbinding); Advisory Vote 2 — pollution liability insurance tax (nonbinding),"https://ballotpedia.org/Washington_Marijuana_Legalization_and_Regulation,_Initiative_502_(2012)"
wy_20121106_amendment_a,WY_2012-11-06,WY,2012-11-06,general,healthcare,Amendment A,Adds a Right to Health Care Access section to the Wyoming Constitution guaranteeing each competent adult the right to make their own health care decisions and to pay directly for care without penalty.,no,77.0,pass,constitutional ACA-mandate block (legislatively referred; later invoked to protect abortion access),,Amendment B — right to hunt and fish; Amendment C — district court commissioners,"https://ballotpedia.org/Wyoming_Constitutional_Amendment_A,_Right_to_Make_Healthcare_Decisions_and_Direct_Healthcare_Payments_Amendment_(2012)"
nj_20131105_public_question_2_minimum_wage_increase_,NJ_2013-11-05,NJ,2013-11-05,odd-year general,labor,Public Question 2 (Minimum Wage Increase Amendment),"A YES vote amends the state constitution to raise the minimum wage from $7.25 to $8.25 per hour with automatic annual CPI-based increases starting January 1, 2014.",yes,61.3,pass,"Constitutional rather than statutory, with permanent automatic inflation indexing; opposed by Gov. Chris Christie and business groups",,Public Question 1 - veterans' organizations use of gambling proceeds,"https://ballotpedia.org/New_Jersey_Minimum_Wage_Increase_Amendment,_Public_Question_2_(2013)"
ak_20141104_ballot_measure_2,AK_2014-11-04,AK,2014-11-04,general,cannabis,Ballot Measure 2,"A YES vote legalizes recreational marijuana for adults 21+, allowing possession of up to one ounce and six plants, with taxed and regulated commercial sales.",yes,53.2,pass,"full recreational legalization; took effect February 24, 2015",ak_20141104_ballot_measure_3_minimum_wage_increase,Ballot Measure 3 — minimum wage increase; Ballot Measure 4 — Bristol Bay mining ban,"https://ballotpedia.org/Alaska_Marijuana_Legalization,_Ballot_Measure_2_(2014)"
ak_20141104_ballot_measure_3_minimum_wage_increase,AK_2014-11-04,AK,2014-11-04,general,labor,Ballot Measure 3 (Minimum Wage Increase),"A YES vote raises the state minimum wage from $7.75 to $8.75 on January 1, 2015 and $9.75 on January 1, 2016, then adjusts it annually for inflation or keeps it $1 above the federal minimum, whichever is greater.",yes,69.4,pass,"Initiated state statute with permanent inflation indexing and a $1-above-federal floor; on the November general ballot (not the August primary); first increase took effect February 24, 2015 due to the 90-day certification rule",ak_20141104_ballot_measure_2,Ballot Measure 2 - marijuana legalization; Ballot Measure 4 - Bristol Bay mining ban,"https://ballotpedia.org/Alaska_Minimum_Wage_Increase,_Ballot_Measure_3_(2014)"
ar_20141104_issue_5_minimum_wage_initiative,AR_2014-11-04,AR,2014-11-04,general,labor,Issue 5 (Minimum Wage Initiative),"A YES vote raises the state minimum wage from $6.25 to $7.50 on January 1, 2015, $8.00 on January 1, 2016, and $8.50 on January 1, 2017.",yes,65.9,pass,"Statutory, stepped increases only, no inflation indexing; moderate scope",,"Issue 1 - legislative approval of state agency rules; Issue 2 - ballot measure signature requirements; Issue 3 - ethics, transparency, and term limits reform; Issue 4 - alcoholic beverage sales expansion","https://ballotpedia.org/Arkansas_Minimum_Wage_Initiative,_Issue_5_(2014)"
co_20141104_amendment_67,CO_2014-11-04,CO,2014-11-04,general,abortion,Amendment 67,A YES vote includes unborn human beings as 'persons' and 'children' in the Colorado criminal code and wrongful death act.,no,35.1,fail,personhood in criminal code (third Colorado personhood attempt),,Amendment 68 (horse racetrack casino gaming for K-12 fund); Proposition 104 (open school board negotiations); Proposition 105 (GMO food labeling),"https://ballotpedia.org/Colorado_Definition_of_%22Personhood%22_Initiative,_Amendment_67_(2014)"
fl_20141104_amendment_2,FL_2014-11-04,FL,2014-11-04,general,cannabis,Amendment 2,A YES vote adds a state constitutional amendment legalizing medical marijuana for individuals with debilitating diseases as determined by a licensed physician.,yes,57.6,fail,medical only; won a 57.62% majority but FAILED because Florida constitutional amendments require a 60% supermajority,,Amendment 1 — water and land conservation funding; Amendment 3 — prospective judicial vacancy appointments,"https://ballotpedia.org/Florida_Right_to_Medical_Marijuana_Initiative,_Amendment_2_(2014)"
il_20141104_minimum_wage_increase_question,IL_2014-11-04,IL,2014-11-04,general,labor,Minimum Wage Increase Question,"A YES vote advises the legislature to raise the state's hourly minimum wage from $8.25 to $10 by January 1, 2015 (non-binding).",yes,63.7,pass,"ADVISORY, NON-BINDING legislative question; Ballotpedia's percentages are calculated against all ballots cast in the election, so yes+no sum to less than 100% (No was 31.8%)",,"Right to Vote Amendment - voting rights protection; Crime Victims' Bill of Rights Amendment - victims' rights (Marsy's Law); Birth Control in Prescription Drug Coverage Question - advisory, contraception coverage; Millionaire Tax Increase for Education Question - advisory, income tax on millionaires for schools",https://ballotpedia.org/Illinois_Minimum_Wage_Increase_Question_(2014)
ma_20141104_question_4_paid_sick_days_initiative,MA_2014-11-04,MA,2014-11-04,general,labor,Question 4 (Paid Sick Days Initiative),"A YES vote entitles employees to earn and use up to 40 hours of sick time per year, paid for those working at employers with eleven or more employees.",yes,59.4,pass,Statutory earned-sick-time mandate; paid leave applies only to employers with 11+ employees; a companion minimum wage initiative was withdrawn after the legislature raised the wage in 2014,,Question 1 - gas tax automatic indexing repeal; Question 2 - bottle deposit law expansion; Question 3 - casino law repeal,"https://ballotpedia.org/Massachusetts_Question_4,_Paid_Sick_Days_Initiative_(2014)"
mo_20141104_amendment_3_teacher_performance_evaluati,MO_2014-11-04,MO,2014-11-04,general,labor,Amendment 3 (Teacher Performance Evaluation),"A YES vote requires student-performance-based teacher evaluations governing dismissal, retention, demotion, and promotion, and prohibits teachers from collectively bargaining over the terms of those evaluations.",no,23.6,fail,Sector-specific (public school teachers) but constitutional in form; included an explicit collective-bargaining prohibition; defeated by a landslide 76.4% No,,Amendment 2 - prior criminal acts evidence in child sex abuse trials; Amendment 6 - six-day early voting period; Amendment 10 - limits on governor's budget powers,"https://ballotpedia.org/Missouri_Teacher_Performance_Evaluation,_Amendment_3_(2014)"
nd_20141104_measure_1,ND_2014-11-04,ND,2014-11-04,general,abortion,Measure 1,A YES vote adds to the state constitution an 'inalienable right to life of every human being at any stage of development'.,no,35.9,fail,right-to-life-at-any-stage amendment (personhood-adjacent),,Measure 2 (ban taxes on property transfers); Measure 3 (replace higher education board); Measure 4 (bar initiatives with fiscal impact from special elections); Measure 5 (oil tax revenue for conservation); Measure 6 (equal parental rights presumption); Measure 7 (pharmacy ownership rules); Measure 8 (school start after Labor Day),"https://ballotpedia.org/North_Dakota_%22Life_Begins_at_Conception%22_Amendment,_Measure_1_(2014)"
ne_20141104_initiative_425_minimum_wage_increase,NE_2014-11-04,NE,2014-11-04,general,labor,Initiative 425 (Minimum Wage Increase),"A YES vote raises the state minimum wage from $7.25 to $8.00 on January 1, 2015 and to $9.00 on January 1, 2016.",yes,59.5,pass,"Statutory, stepped increases only, no inflation indexing; the only measure on Nebraska's 2014 statewide ballot (the horse race wagering amendment was removed by court order)",,,"https://ballotpedia.org/Nebraska_Minimum_Wage_Increase,_Initiative_425_(2014)"
or_20141104_measure_91,OR_2014-11-04,OR,2014-11-04,general,cannabis,Measure 91,"A YES vote legalizes recreational marijuana for adults 21+, allowing possession of up to 8 oz at home and 4 plants, taxed and regulated by the Oregon Liquor Control Commission.",yes,56.1,pass,full recreational legalization with state-regulated commercial sales,,Measure 86 — post-secondary education fund; Measure 87 — judges' outside employment; Measure 88 — immigrant driver cards referendum; Measure 89 — equal rights for women; Measure 90 — top-two open primary; Measure 92 — GMO food labeling,"https://ballotpedia.org/Oregon_Legalized_Marijuana_Initiative,_Measure_91_(2014)"
sd_20141104_initiated_measure_18_increased_minimum_w,SD_2014-11-04,SD,2014-11-04,general,labor,Initiated Measure 18 (Increased Minimum Wage),"A YES vote raises the minimum wage from $7.25 to $8.50 per hour on January 1, 2015 with annual inflation adjustments thereafter, and sets the tipped wage at half the minimum ($2.13 to $4.25).",yes,55.1,pass,Statutory with permanent annual inflation indexing plus a tipped-wage increase; sponsored by the South Dakota Democratic Party and labor unions,,Initiated Measure 17 - any-willing-provider health insurance; Amendment Q - Deadwood gambling game expansion,"https://ballotpedia.org/South_Dakota_Increased_Minimum_Wage,_Initiated_Measure_18_(2014)"
tn_20141104_amendment_1,TN_2014-11-04,TN,2014-11-04,general,abortion,Amendment 1,"A YES vote declares that the Tennessee constitution secures no right to abortion and empowers the legislature to enact, amend, or repeal abortion statutes.",no,52.6,pass,no-right amendment; grants legislature plenary power over abortion,,Amendment 2 (governor appoints judges with confirmation); Amendment 3 (prohibit payroll/income tax); Amendment 4 (charity event lotteries),"https://ballotpedia.org/Tennessee_Amendment_1,_No_State_Constitutional_Right_to_Abortion_and_Legislative_Power_to_Regulate_Abortion_Amendment_(2014)"
oh_20151103_issue_3,OH_2015-11-03,OH,2015-11-03,odd-year general,cannabis,Issue 3,A YES vote adds a constitutional amendment legalizing recreational and medical marijuana while granting exclusive commercial growing rights to ten pre-designated investor-owned sites.,yes,36.4,fail,"full recreational + medical, but its constitutional grower monopoly (10 investor sites, the ResponsibleOhio plan) drove opposition even among legalization supporters; lost all 88 counties; the legislature's companion Issue 2 anti-monopoly amendment passed (51.3%) specifically to block it",,Issue 1 — legislative redistricting commission; Issue 2 — anti-monopoly initiative restrictions,"https://ballotpedia.org/Ohio_Marijuana_Legalization_Initiative,_Issue_3_(2015)"
al_20161108_alabama_right_to_work_amendment_8,AL_2016-11-08,AL,2016-11-08,general,labor,"Alabama Right to Work, Amendment 8","Adds Alabama's existing statutory right-to-work policy, prohibiting employers from requiring union membership, to the state constitution.",no,69.6,pass,Constitutionalizes an already-existing statutory right-to-work policy; symbolic entrenchment rather than new policy,,Amendment 1 - Auburn University board of trustees; Amendment 2 - prohibit reallocation of state park funds; Amendment 3 - rules governing local constitutional amendments; Amendment 4 - county administration of local affairs; Amendment 5 - separation of powers language; Amendment 6 - impeachment rules; Amendment 7 - Etowah County sheriff employees supervision; Amendment 9 - Pickens County probate judge maximum age; Amendment 10 - Calhoun County police/planning jurisdiction; Amendment 11 - manufacturing zone tax revenue; Amendment 12 - toll bridge and toll road districts; Amendment 13 - repeal age restrictions for government officials; Amendment 14 - budget isolation resolution on local laws,"https://ballotpedia.org/Alabama_Right_to_Work,_Amendment_8_(2016)"
ar_20161108_issue_6,AR_2016-11-08,AR,2016-11-08,general,cannabis,Issue 6,"A YES vote adds a constitutional amendment legalizing medical marijuana for patients with qualifying conditions, with state-licensed dispensaries.",yes,53.1,pass,"medical only, but constitutional; its competing statutory initiative Issue 7 was struck from the ballot by the Arkansas Supreme Court on October 27, 2016, before votes were counted; first medical marijuana approval in the Bible Belt",,Issue 1 — four-year terms for county officials; Issue 2 — governor's powers when out of state; Issue 3 — removal of economic development bond cap,"https://ballotpedia.org/Arkansas_Medical_Marijuana_Amendment,_Issue_6_(2016)"
az_20161108_proposition_205,AZ_2016-11-08,AZ,2016-11-08,general,cannabis,Proposition 205,A YES vote would have legalized recreational marijuana for adults 21+ with a 15% tax and licensed retail sales.,yes,48.7,fail,full recreational attempt; the only 2016 statewide marijuana measure to fail; Arizona later legalized via Prop 207 in 2020,az_20161108_arizona_minimum_wage_and_paid_time_off_p,Proposition 206 — minimum wage increase and paid sick leave,"https://ballotpedia.org/Arizona_Marijuana_Legalization,_Proposition_205_(2016)"
az_20161108_arizona_minimum_wage_and_paid_time_off_p,AZ_2016-11-08,AZ,2016-11-08,general,labor,"Arizona Minimum Wage and Paid Time Off, Proposition 206","Raises the minimum wage from $8.05 to $10 in 2017 and incrementally to $12 by 2020, and creates a right to earned paid sick time.",yes,58.3,pass,$12 by 2020 (from $8.05) + earned paid sick time; initiated state statute,az_20161108_proposition_205,Proposition 205 - recreational marijuana legalization,"https://ballotpedia.org/Arizona_Minimum_Wage_and_Paid_Time_Off,_Proposition_206_(2016)"
ca_20161108_proposition_64,CA_2016-11-08,CA,2016-11-08,general,cannabis,Proposition 64,A YES vote legalizes recreational marijuana for adults 21+ with state taxes on cultivation and retail sales and a commercial licensing system.,yes,57.1,pass,full recreational legalization in the largest state; anchor of the 2016 marijuana wave,ca_20161108_proposition_52; ca_20161108_proposition_61; ca_20161108_proposition_56,Proposition 51 — school construction bonds; Proposition 52 — Medi-Cal hospital fee; Proposition 53 — voter approval of revenue bonds; Proposition 54 — legislature transparency; Proposition 55 — income tax extension; Proposition 56 — cigarette tax increase; Proposition 57 — parole and juvenile sentencing; Proposition 58 — bilingual education; Proposition 59 — Citizens United advisory question; Proposition 60 — condoms in adult films; Proposition 61 — prescription drug price standards; Proposition 62 — death penalty repeal; Proposition 63 — ammunition background checks; Proposition 65 — carryout bag revenue; Proposition 66 — death penalty procedure speedup; Proposition 67 — plastic bag ban referendum,"https://ballotpedia.org/California_Proposition_64,_Marijuana_Legalization_(2016)"
ca_20161108_proposition_52,CA_2016-11-08,CA,2016-11-08,general,healthcare,Proposition 52,Makes the Medi-Cal hospital quality-assurance fee program permanent and requires voter approval before the legislature can divert its revenue from Medi-Cal.,yes,70.1,pass,Medicaid (Medi-Cal) hospital fee funding,ca_20161108_proposition_64; ca_20161108_proposition_61; ca_20161108_proposition_56,Proposition 51 — school bonds; Proposition 53 — voter approval of revenue bonds; Proposition 54 — legislative transparency; Proposition 55 — income tax extension for education/healthcare; Proposition 56 — tobacco tax increase; Proposition 57 — parole and juvenile justice; Proposition 58 — bilingual education; Proposition 59 — overturn Citizens United advisory; Proposition 60 — condoms in adult films; Proposition 61 — drug price standards (VA pricing); Proposition 62 — death penalty repeal; Proposition 63 — ammunition background checks; Proposition 64 — marijuana legalization; Proposition 65 — carryout bag revenue; Proposition 66 — death penalty procedures; Proposition 67 — plastic bag ban referendum,"https://ballotpedia.org/California_Proposition_52,_Continued_Hospital_Fee_Revenue_Dedicated_to_Medi-Cal_Unless_Voters_Approve_Changes_(2016)"
ca_20161108_proposition_61,CA_2016-11-08,CA,2016-11-08,general,healthcare,Proposition 61,Prohibits state agencies from paying more for prescription drugs than the lowest price paid by the U.S. Department of Veterans Affairs.,yes,46.8,fail,drug pricing (VA benchmark),ca_20161108_proposition_64; ca_20161108_proposition_52; ca_20161108_proposition_56,Proposition 51 — school bonds; Proposition 52 — Medi-Cal hospital fee program; Proposition 53 — voter approval of revenue bonds; Proposition 54 — legislative transparency; Proposition 55 — income tax extension for education/healthcare; Proposition 56 — tobacco tax increase; Proposition 57 — parole and juvenile justice; Proposition 58 — bilingual education; Proposition 59 — overturn Citizens United advisory; Proposition 60 — condoms in adult films; Proposition 62 — death penalty repeal; Proposition 63 — ammunition background checks; Proposition 64 — marijuana legalization; Proposition 65 — carryout bag revenue; Proposition 66 — death penalty procedures; Proposition 67 — plastic bag ban referendum,"https://ballotpedia.org/California_Proposition_61,_Drug_Price_Standards_(2016)"
ca_20161108_proposition_56,CA_2016-11-08,CA,2016-11-08,general,healthcare,Proposition 56,"Raises the cigarette tax by $2.00 per pack, with equivalent increases on other tobacco products and e-cigarettes, allocating most new revenue to Medi-Cal (California's Medicaid program) plus physician training, dental disease prevention, and tobacco-related disease research.",yes,64.4,pass,tobacco tax funding Medi-Cal (Medicaid),ca_20161108_proposition_64; ca_20161108_proposition_52; ca_20161108_proposition_61,Proposition 51 — school bonds; Proposition 52 — hospital fee program; Proposition 53 — revenue bond voter approval; Proposition 54 — legislative transparency; Proposition 55 — income tax extension; Proposition 57 — parole and juvenile trials; Proposition 58 — bilingual education; Proposition 59 — Citizens United advisory; Proposition 60 — condoms in adult films; Proposition 61 — prescription drug prices; Proposition 62 — death penalty repeal; Proposition 63 — ammunition background checks; Proposition 64 — marijuana legalization; Proposition 65 — carryout bag revenue; Proposition 66 — death penalty procedures; Proposition 67 — plastic bag ban referendum,"https://ballotpedia.org/California_Proposition_56,_Tobacco_Tax_Increase_(2016)"
co_20161108_colorado_12_minimum_wage_amendment_70,CO_2016-11-08,CO,2016-11-08,general,labor,"Colorado $12 Minimum Wage, Amendment 70","Raises the minimum wage from $8.31 to $9.30 in 2017, then by 90 cents each year until reaching $12.00 in 2020.",yes,55.4,pass,$12 by 2020 (from $8.31); constitutional amendment,co_20161108_amendment_69; co_20161108_amendment_72,Amendment T - remove slavery exception constitutional language; Amendment U - property tax exemption for small possessory interests; Amendment 69 - ColoradoCare universal healthcare system; Amendment 71 - supermajority/distribution requirements for initiated amendments; Amendment 72 - cigarette tax increase $1.75/pack; Proposition 106 - medical aid in dying (assisted death); Proposition 107 - open presidential primary elections; Proposition 108 - unaffiliated voters in party primaries,"https://ballotpedia.org/Colorado_%2412_Minimum_Wage,_Amendment_70_(2016)"
co_20161108_amendment_69,CO_2016-11-08,CO,2016-11-08,general,healthcare,Amendment 69,"Creates ColoradoCare, a resident-governed universal healthcare payment system covering all Coloradans, financed by a 10% payroll/income tax.",yes,21.2,fail,single payer (universal state coverage),co_20161108_colorado_12_minimum_wage_amendment_70; co_20161108_amendment_72,Amendment T — remove slavery exception from constitution; Amendment U — possessory-interest property tax exemption; Amendment 70 — $12 minimum wage; Amendment 71 — raise requirements for constitutional initiatives; Amendment 72 — tobacco tax increase; Proposition 106 — medical aid in dying; Proposition 107 — presidential primary election; Proposition 108 — unaffiliated voters in primaries,"https://ballotpedia.org/Colorado_Creation_of_ColoradoCare_System,_Amendment_69_(2016)"
co_20161108_amendment_72,CO_2016-11-08,CO,2016-11-08,general,healthcare,Amendment 72,"Constitutionally raises the cigarette tax by $1.75 per pack (and other tobacco taxes), dedicating roughly $300 million a year to tobacco-related health research, prevention, veterans' health and support grants, child mental health, community health centers, and rural healthcare workforce programs.",yes,46.9,fail,tobacco tax funding health programs and medical research,co_20161108_colorado_12_minimum_wage_amendment_70; co_20161108_amendment_69,Amendment T — slavery exception removal; Amendment U — possessory interest tax exemption; Amendment 69 — ColoradoCare universal healthcare; Amendment 70 — minimum wage increase; Amendment 71 — initiative requirements; Proposition 106 — medical aid in dying; Proposition 107 — open presidential primaries; Proposition 108 — unaffiliated voters in primaries,"https://ballotpedia.org/Colorado_Tobacco_Tax_Increase,_Amendment_72_(2016)"
fl_20161108_amendment_2,FL_2016-11-08,FL,2016-11-08,general,cannabis,Amendment 2,"A YES vote adds a constitutional amendment legalizing medical marijuana for patients with qualifying debilitating conditions (cancer, epilepsy, HIV/AIDS, PTSD, ALS, and others).",yes,71.3,pass,"medical only; cleared Florida's 60% supermajority easily (71.32%), reversing the same measure's 2014 near-miss at 57.6%",,Amendment 1 — solar energy subsidies and utility-backed solar limits; Amendment 3 — tax exemption for disabled first responders; Amendment 5 — senior citizen homestead tax exemption,"https://ballotpedia.org/Florida_Medical_Marijuana_Legalization,_Amendment_2_(2016)"
ma_20161108_question_4,MA_2016-11-08,MA,2016-11-08,general,cannabis,Question 4,"A YES vote legalizes, regulates, and taxes recreational marijuana for adults 21 and older.",yes,53.7,pass,full recreational legalization; first on the US East Coast alongside Maine,,Question 1 — second slots-parlor license; Question 2 — charter school expansion; Question 3 — farm animal confinement standards,"https://ballotpedia.org/Massachusetts_Question_4,_Marijuana_Legalization_(2016)"
me_20161108_question_1,ME_2016-11-08,ME,2016-11-08,general,cannabis,Question 1,A YES vote legalizes recreational marijuana for adults 21 and older with a 10% tax on retail sales.,yes,50.3,pass,"full recreational legalization by the narrowest margin of any successful US legalization measure (50.26%, ~4,000 votes); opponents' recount was abandoned",me_20161108_maine_minimum_wage_increase_question_4,Question 2 — education income surtax on incomes over $200k; Question 3 — gun sale background checks; Question 4 — minimum wage increase; Question 5 — ranked-choice voting; Question 6 — transportation bond,"https://ballotpedia.org/Maine_Marijuana_Legalization,_Question_1_(2016)"
me_20161108_maine_minimum_wage_increase_question_4,ME_2016-11-08,ME,2016-11-08,general,labor,"Maine Minimum Wage Increase, Question 4","Raises the minimum wage to $12 by 2020 with CPI indexing thereafter, and phases the tipped minimum wage up to the full minimum by 2024.",yes,55.5,pass,$12 by 2020 (from $7.50) + CPI indexing; tipped minimum phased to full wage by 2024 - tipped provision partially repealed in 2017 when legislature restored the 50% tip credit (LD 673),me_20161108_question_1,"Question 1 - marijuana legalization; Question 2 - 3% income surtax over $200,000 for public education; Question 3 - background checks for gun sales; Question 5 - ranked-choice voting; Question 6 - $100 million transportation bond","https://ballotpedia.org/Maine_Minimum_Wage_Increase,_Question_4_(2016)"
mo_20161108_constitutional_amendment_3,MO_2016-11-08,MO,2016-11-08,general,healthcare,Constitutional Amendment 3,"Raises the cigarette tax from 17 to 77 cents per pack by 2020 plus a 67-cent-per-pack fee on some wholesalers, funding an Early Childhood Health and Education Trust Fund devoted mostly to early childhood education with about 10% for healthcare facility grants and 5% for smoking prevention.",yes,40.4,fail,tobacco tax funding early childhood health and education,,Amendment 1 — parks and soil sales tax renewal; Amendment 2 — campaign contribution limits; Amendment 4 — prohibit new sales taxes on services; Amendment 6 — voter ID; Proposition A — 23-cent cigarette tax for transportation,"https://ballotpedia.org/Missouri_60_Cent_Cigarette_Tax,_Constitutional_Amendment_3_(2016)"
mt_20161108_i_182,MT_2016-11-08,MT,2016-11-08,general,cannabis,I-182,"A YES vote restores and expands Montana's medical marijuana program by repealing the three-patient limit on providers, adding chronic pain and PTSD as qualifying conditions, and ending unannounced law-enforcement inspections.",yes,57.9,pass,"medical only — restoration/expansion of a program gutted by SB 423's three-patient provider cap, not a new legalization; Ballotpedia reports 57.87% yes",,CI-116 — Marsy's Law crime victims' rights; I-177 — trapping ban on public lands; I-181 — biomedical research authority bonds,"https://ballotpedia.org/Montana_Medical_Marijuana_Initiative,_I-182_(2016)"
nd_20161108_initiated_statutory_measure_5,ND_2016-11-08,ND,2016-11-08,general,cannabis,Initiated Statutory Measure 5,"A YES vote enacts the North Dakota Compassionate Care Act, legalizing medical marijuana for patients with debilitating conditions such as cancer, AIDS, hepatitis C, ALS, glaucoma, and epilepsy.",yes,63.8,pass,"medical only; statutory (not constitutional); took effect December 8, 2016",nd_20161108_initiated_statutory_measure_4,Constitutional Measure 1 — legislator district residency requirement; Constitutional Measure 2 — oil extraction tax fund allocation; Initiated Measure 3 — Marsy's Law crime victims' rights; Initiated Measure 4 — tobacco tax increase,"https://ballotpedia.org/North_Dakota_Medical_Marijuana_Legalization,_Initiated_Statutory_Measure_5_(2016)"
nd_20161108_initiated_statutory_measure_4,ND_2016-11-08,ND,2016-11-08,general,healthcare,Initiated Statutory Measure 4,"Raises the cigarette tax from 44 cents to $2.20 per pack and doubles the tax on other tobacco products (including e-cigarette liquids) to 56% of wholesale price, with revenue funding veterans' services and community health programs.",yes,38.3,fail,tobacco tax funding veterans' and health services,nd_20161108_initiated_statutory_measure_5,Measure 1 — legislator residency requirement; Measure 2 — extraction tax revenue for schools; Measure 3 — crime victims' rights (Marsy's Law); Measure 5 — medical marijuana,"https://ballotpedia.org/North_Dakota_Tobacco_Tax_Increase,_Initiated_Statutory_Measure_4_(2016)"
nv_20161108_question_2,NV_2016-11-08,NV,2016-11-08,general,cannabis,Question 2,"A YES vote legalizes recreational marijuana for adults 21+, allowing possession of up to one ounce with taxed, licensed retail sales.",yes,54.5,pass,"full recreational legalization; effective January 1, 2017",,Question 1 — gun purchase background checks; Question 3 — energy market deregulation; Question 4 — medical equipment sales tax exemption,"https://ballotpedia.org/Nevada_Marijuana_Legalization,_Question_2_(2016)"
sd_20161108_south_dakota_decreased_youth_minimum_wag,SD_2016-11-08,SD,2016-11-08,general,labor,"South Dakota Decreased Youth Minimum Wage Veto Referendum, Referred Law 20","A YES vote upholds Senate Bill 177, a law decreasing the minimum wage for workers under age 18 from $8.50 to $7.50 with no inflation indexing.",no,28.9,fail,Narrow scope: $7.50 youth (under-18) subminimum vs $8.50 general wage; defeat (71% NO) repealed the youth subminimum wage law,sd_20161108_south_dakota_initiated_measure_23_right_,Amendment R - governance of postsecondary technical education institutes; Amendment S - Marsy's Law crime victims' rights; Amendment T - independent redistricting commission; Amendment U - statutory interest rate limits for loans; Amendment V - nonpartisan top-two elections; Referred Law 19 - petition regulations for independent candidates; Initiated Measure 21 - 36% rate cap on payday loans; Initiated Measure 22 - campaign finance and lobbying overhaul; Initiated Measure 23 - unions/organizations right to charge fees for services,"https://ballotpedia.org/South_Dakota_Decreased_Youth_Minimum_Wage_Veto_Referendum,_Referred_Law_20_(2016)"
sd_20161108_south_dakota_initiated_measure_23_right_,SD_2016-11-08,SD,2016-11-08,general,labor,"South Dakota Initiated Measure 23, Right for Unions and Organizations to Charge Fees for Services Measure","Gives corporate and nonprofit organizations, including unions, the right to charge a fee for any service provided, effectively allowing unions to charge nonmembers for representation despite right-to-work.",yes,20.3,fail,Union-backed attempt to blunt right-to-work by permitting agency-type fees; crushed roughly 20-80,sd_20161108_south_dakota_decreased_youth_minimum_wag,Amendment R - governance of postsecondary technical education institutes; Amendment S - Marsy's Law crime victims' rights; Amendment T - independent redistricting commission; Amendment U - statutory interest rate limits for loans; Amendment V - nonpartisan top-two elections; Referred Law 19 - petition regulations for independent candidates; Referred Law 20 - youth subminimum wage veto referendum; Initiated Measure 21 - 36% rate cap on payday loans; Initiated Measure 22 - campaign finance and lobbying overhaul,"https://ballotpedia.org/South_Dakota_Initiated_Measure_23,_Right_for_Unions_and_Organizations_to_Charge_Fees_for_Services_Measure_(2016)"
va_20161108_virginia_right_to_work_amendment_questio,VA_2016-11-08,VA,2016-11-08,general,labor,"Virginia Right to Work Amendment, Question 1",Adds a right-to-work section to the Virginia Constitution making it illegal for workplaces to require union membership as a condition of employment.,no,46.4,fail,Would have constitutionalized Virginia's existing statutory right-to-work law; rare defeat of a right-to-work measure,,Question 2 - property tax exemption for surviving spouses of first responders killed in the line of duty,"https://ballotpedia.org/Virginia_Right_to_Work_Amendment,_Question_1_(2016)"
wa_20161108_washington_minimum_wage_increase_initiat,WA_2016-11-08,WA,2016-11-08,general,labor,"Washington Minimum Wage Increase, Initiative 1433",Incrementally raises the state minimum wage from $9.47 to $13.50 by 2020 and mandates that employers provide paid sick leave.,yes,57.4,pass,$13.50 by 2020 (from $9.47) + mandatory paid sick leave; highest statewide wage target of the 2016 wave,,Initiative 732 - carbon emissions tax; Initiative 735 - advisory question urging constitutional amendment on corporate personhood and campaign money; Initiative 1464 - public campaign financing and campaign finance reform; Initiative 1491 - extreme risk protection orders removing firearm access; Initiative 1501 - increased penalties for identity theft and fraud against seniors; Advisory Vote 14 - tax on stand-alone dental plans; Advisory Vote 15 - alternative fuel vehicle tax exemption; SJR 8210 - earlier redistricting completion deadline,"https://ballotpedia.org/Washington_Minimum_Wage_Increase,_Initiative_1433_(2016)"
me_20171107_question_2,ME_2017-11-07,ME,2017-11-07,odd-year general,healthcare,Question 2,Expands Medicaid (MaineCare) under the ACA to adults under 65 with incomes at or below 138% of the federal poverty level — the first ballot-initiative Medicaid expansion in the nation.,yes,58.9,pass,straight statutory expansion (initiated state statute),,Question 1 — York County casino; Question 3 — transportation bond; Question 4 — public pension liabilities amendment,"https://ballotpedia.org/Maine_Question_2,_Medicaid_Expansion_Initiative_(2017)"
oh_20171107_issue_2,OH_2017-11-07,OH,2017-11-07,odd-year general,healthcare,Issue 2,Requires the state and state agencies to pay no more for prescription drugs than the lowest price paid by the U.S. Department of Veterans Affairs.,yes,20.8,fail,drug pricing (VA benchmark),,Issue 1 — Marsy's Law crime victim rights,"https://ballotpedia.org/Ohio_Issue_2,_Drug_Price_Standards_Initiative_(2017)"
or_20180123_measure_101,OR_2018-01-23,OR,2018-01-23,special,healthcare,Measure 101,"Upholds HB 2391's assessments on healthcare insurers, managed care organizations, and hospitals that fund Oregon's Medicaid program and its expansion.",yes,61.7,pass,Medicaid funding referendum (standalone special election),,,"https://ballotpedia.org/Oregon_Measure_101,_Healthcare_Insurance_Premiums_Tax_for_Medicaid_Referendum_(January_2018)"
ok_20180626_state_question_788,OK_2018-06-26,OK,2018-06-26,primary,cannabis,State Question 788,"A YES vote legalizes the licensed cultivation, use, and possession of marijuana for medical purposes in Oklahoma.",yes,56.9,pass,medical only; unusually broad physician discretion (no fixed qualifying-condition list); appeared on the June primary ballot,,,"https://ballotpedia.org/Oklahoma_State_Question_788,_Medical_Marijuana_Legalization_Initiative_(June_2018)"
mo_20180807_missouri_proposition_a_right_to_work_ref,MO_2018-08-07,MO,2018-08-07,primary,labor,"Missouri Proposition A, Right to Work Referendum","A YES vote upholds Senate Bill 19, the 2017 right-to-work law barring mandatory union dues as a condition of employment; a NO vote repeals it.",no,32.5,fail,"Veto referendum on SB 19; defeat (67.5% NO) repealed right-to-work, which would have made Missouri the 28th RTW state; only statewide measure on the August primary ballot",,,"https://ballotpedia.org/Missouri_Proposition_A,_Right_to_Work_Referendum_(August_2018)"
al_20181106_amendment_2,AL_2018-11-06,AL,2018-11-06,general,abortion,Amendment 2,"A YES vote makes it state constitutional policy to recognize the rights of unborn children and support the sanctity of unborn life, and declares no state right to abortion or its funding.",no,59.0,pass,"no-right + unborn-rights policy amendment (trigger-style, pre-Dobbs)",,Amendment 1 (Ten Commandments display); Amendment 3 (University of Alabama trustees); Amendment 4 (legislative vacancy procedures),"https://ballotpedia.org/Alabama_Amendment_2,_State_Abortion_Policy_Amendment_(2018)"
ar_20181106_arkansas_issue_5_minimum_wage_increase_i,AR_2018-11-06,AR,2018-11-06,general,labor,"Arkansas Issue 5, Minimum Wage Increase Initiative","Raises the minimum wage from $8.50 to $11.00 per hour by 2021 ($9.25 in 2019, $10.00 in 2020, $11.00 in 2021).",yes,68.5,pass,$11 by 2021 (from $8.50); no inflation indexing; passed by a landslide in a deep-red state,,"Issue 2 - voter photo ID requirement; Issue 4 - authorizes four casinos in specific counties; Issue 1 - caps on attorney's fees and lawsuit damages (on ballot but ruled invalid, votes not counted); Issue 3 - legislative term limits (on ballot but ruled invalid, votes not counted)","https://ballotpedia.org/Arkansas_Issue_5,_Minimum_Wage_Increase_Initiative_(2018)"
id_20181106_proposition_2,ID_2018-11-06,ID,2018-11-06,general,healthcare,Proposition 2,Expands Medicaid under the ACA to adults under 65 with incomes at or below 138% of the federal poverty level.,yes,60.6,pass,straight statutory expansion (initiated state statute),,Proposition 1 — historical horse race betting,"https://ballotpedia.org/Idaho_Proposition_2,_Medicaid_Expansion_Initiative_(2018)"
mi_20181106_proposal_1,MI_2018-11-06,MI,2018-11-06,general,cannabis,Proposal 1,"A YES vote legalizes recreational marijuana for adults 21 and older, allows home cultivation, and enacts a 10% excise tax on retail sales.",yes,55.9,pass,full recreational legalization; first state in the Midwest to legalize,,"Proposal 2 — independent redistricting commission; Proposal 3 — voting policies (same-day registration, straight-ticket, absentee)","https://ballotpedia.org/Michigan_Proposal_1,_Marijuana_Legalization_Initiative_(2018)"
mo_20181106_amendment_2,MO_2018-11-06,MO,2018-11-06,general,cannabis,Amendment 2,A YES vote legalizes medical marijuana via constitutional amendment with a 4% retail tax funding veterans' healthcare services.,yes,65.6,pass,medical only; one of three competing medical marijuana measures on the same ballot — the only one approved,mo_20181106_amendment_3; mo_20181106_proposition_c; mo_20181106_missouri_proposition_b_12_minimum_wage_i,"Amendment 3 — competing medical marijuana amendment; Proposition C — competing medical marijuana statute; Amendment 1 — lobbying, campaign finance, and redistricting; Amendment 4 — bingo game rules; Proposition B — minimum wage increase; Proposition D — gas tax increase","https://ballotpedia.org/Missouri_Amendment_2,_Medical_Marijuana_and_Veteran_Healthcare_Services_Initiative_(2018)"
mo_20181106_amendment_3,MO_2018-11-06,MO,2018-11-06,general,cannabis,Amendment 3,A YES vote legalizes medical marijuana via constitutional amendment with a 15% tax funding a biomedical research and drug development institute chaired by the measure's sponsor.,yes,31.5,fail,medical only; one of three competing medical marijuana measures on the same ballot; defeated,mo_20181106_amendment_2; mo_20181106_proposition_c; mo_20181106_missouri_proposition_b_12_minimum_wage_i,"Amendment 2 — competing medical marijuana amendment; Proposition C — competing medical marijuana statute; Amendment 1 — lobbying, campaign finance, and redistricting; Amendment 4 — bingo game rules; Proposition B — minimum wage increase; Proposition D — gas tax increase","https://ballotpedia.org/Missouri_Amendment_3,_Medical_Marijuana_and_Biomedical_Research_and_Drug_Development_Institute_Initiative_(2018)"
mo_20181106_proposition_c,MO_2018-11-06,MO,2018-11-06,general,cannabis,Proposition C,"A YES vote legalizes medical marijuana by state statute with a 2% retail tax funding veterans' services, education, drug treatment, and public safety.",yes,43.6,fail,medical only; statutory (not constitutional) option among three competing medical marijuana measures on the same ballot; defeated,mo_20181106_amendment_2; mo_20181106_amendment_3; mo_20181106_missouri_proposition_b_12_minimum_wage_i,"Amendment 2 — competing medical marijuana amendment; Amendment 3 — competing medical marijuana amendment; Amendment 1 — lobbying, campaign finance, and redistricting; Amendment 4 — bingo game rules; Proposition B — minimum wage increase; Proposition D — gas tax increase","https://ballotpedia.org/Missouri_Proposition_C,_Medical_Marijuana_and_Veterans_Healthcare_Services,_Education,_Drug_Treatment,_and_Public_Safety_Initiative_(2018)"
mo_20181106_missouri_proposition_b_12_minimum_wage_i,MO_2018-11-06,MO,2018-11-06,general,labor,"Missouri Proposition B, $12 Minimum Wage Initiative","Raises the minimum wage from $7.85 to $12.00 by 2023 in annual steps ($8.60 in 2019 through $12 in 2023), with CPI-W adjustment thereafter.",yes,62.3,pass,$12 by 2023 (from $7.85) + CPI indexing; exempts government employers; doubles damages for underpayment,mo_20181106_amendment_2; mo_20181106_amendment_3; mo_20181106_proposition_c,"Amendment 1 - Clean Missouri: lobbying, campaign finance limits, redistricting; Amendment 2 - medical marijuana legalization (approved); Amendment 3 - competing medical marijuana measure (defeated); Amendment 4 - bingo game management and advertising rules; Proposition C - competing medical marijuana measure (defeated); Proposition D - gas tax increase for roads (defeated)","https://ballotpedia.org/Missouri_Proposition_B,_%2412_Minimum_Wage_Initiative_(2018)"
mt_20181106_i_185,MT_2018-11-06,MT,2018-11-06,general,healthcare,I-185,Extends Montana's existing Medicaid expansion program beyond its 2019 sunset and raises tobacco taxes to fund it.,yes,47.3,fail,expansion continuation + tobacco tax funding (initiated state statute),,I-186 — hard rock mining permit requirements; LR-128 — university system property tax; LR-129 — ballot collection ban,"https://ballotpedia.org/Montana_I-185,_Extend_Medicaid_Expansion_and_Increase_Tobacco_Taxes_Initiative_(2018)"
nd_20181106_measure_3,ND_2018-11-06,ND,2018-11-06,general,cannabis,Measure 3,A YES vote removes marijuana from the state's controlled-substances list for people 21 and older and provides automatic expungement of convictions for legalized substances.,yes,40.6,fail,"unusually sweeping full recreational legalization with no possession limits or regulatory framework, plus automatic expungement; defeated",,Measure 1 — ethics commission and lobbying rules; Measure 2 — citizen-only voting; Measure 4 — volunteer emergency responder benefits,"https://ballotpedia.org/North_Dakota_Measure_3,_Marijuana_Legalization_and_Automatic_Expungement_Initiative_(2018)"
ne_20181106_initiative_427,NE_2018-11-06,NE,2018-11-06,general,healthcare,Initiative 427,Expands Medicaid under the ACA to cover adults under 65 with incomes at or below 138% of the federal poverty level.,yes,53.6,pass,straight statutory expansion (initiated state statute),,,"https://ballotpedia.org/Nebraska_Initiative_427,_Medicaid_Expansion_Initiative_(2018)"
or_20181106_measure_106,OR_2018-11-06,OR,2018-11-06,general,abortion,Measure 106,A YES vote prohibits spending public funds on abortions in Oregon except when medically necessary or federally required.,no,35.5,fail,public funding ban only,,Measure 102 (affordable housing bond flexibility); Measure 103 (ban grocery taxes); Measure 104 (supermajority for revenue bills); Measure 105 (repeal sanctuary state law),"https://ballotpedia.org/Oregon_Measure_106,_Ban_Public_Funds_for_Abortions_Initiative_(2018)"
ut_20181106_proposition_2,UT_2018-11-06,UT,2018-11-06,general,cannabis,Proposition 2,A YES vote legalizes medical marijuana for individuals with qualifying illnesses under a state-issued card system.,yes,52.8,pass,medical only; the legislature replaced it with a compromise bill (H.B. 3001) in a December 2018 special session,ut_20181106_proposition_3,Constitutional Amendment A — military property tax exemption; Constitutional Amendment B — government-leased property tax exemption; Constitutional Amendment C — legislative special sessions; Nonbinding Opinion Question 1 — gas tax advisory; Proposition 3 — Medicaid expansion; Proposition 4 — independent redistricting commission,"https://ballotpedia.org/Utah_Proposition_2,_Medical_Marijuana_Initiative_(2018)"
ut_20181106_proposition_3,UT_2018-11-06,UT,2018-11-06,general,healthcare,Proposition 3,"Expands Medicaid under the ACA to adults with incomes at or below 138% of the federal poverty level, funded by raising the state sales tax by 0.15%.",yes,53.3,pass,statutory expansion with sales tax funding (later scaled back by legislature),ut_20181106_proposition_2,Proposition 2 — medical marijuana; Proposition 4 — independent redistricting commission; Constitutional Amendment A — military property tax exemption; Constitutional Amendment B — government-leased property tax exemption; Constitutional Amendment C — legislative special sessions; Nonbinding Opinion Question 1 — gas tax increase for education,"https://ballotpedia.org/Utah_Proposition_3,_Medicaid_Expansion_Initiative_(2018)"
wv_20181106_amendment_1,WV_2018-11-06,WV,2018-11-06,general,abortion,Amendment 1,A YES vote declares that nothing in the West Virginia constitution secures or protects a right to abortion or requires funding of abortion.,no,51.7,pass,no-right + no-funding amendment,,Amendment 2 (legislative oversight of judicial budget),"https://ballotpedia.org/West_Virginia_Amendment_1,_No_Right_to_Abortion_in_Constitution_Measure_(2018)"
ok_20200630_state_question_802,OK_2020-06-30,OK,2020-06-30,primary,healthcare,State Question 802,Amends the Oklahoma Constitution to expand Medicaid to adults 18-65 with incomes below 138% of the federal poverty level.,yes,50.5,pass,constitutional expansion (initiated amendment; only statewide measure on the June 30 primary ballot),,,"https://ballotpedia.org/Oklahoma_State_Question_802,_Medicaid_Expansion_Initiative_(June_2020)"
mo_20200804_amendment_2,MO_2020-08-04,MO,2020-08-04,primary,healthcare,Amendment 2,Amends the Missouri Constitution to expand Medicaid to adults 19-64 with incomes at or below 138% of the federal poverty level.,yes,53.3,pass,constitutional expansion (initiated amendment; only statewide measure on the Aug 4 primary ballot),,,"https://ballotpedia.org/Missouri_Amendment_2,_Medicaid_Expansion_Initiative_(August_2020)"
az_20201103_proposition_207,AZ_2020-11-03,AZ,2020-11-03,general,cannabis,Proposition 207,"A YES vote legalizes recreational marijuana for adults 21 and older, taxes sales at 16%, and allows expungement of prior marijuana convictions.",yes,60.0,pass,full recreational legalization with conviction expungement; passed four years after a similar 2016 measure narrowly failed,,Proposition 208 — income tax surcharge for education,"https://ballotpedia.org/Arizona_Proposition_207,_Marijuana_Legalization_Initiative_(2020)"
ca_20201103_california_proposition_22_app_based_driv,CA_2020-11-03,CA,2020-11-03,general,labor,"California Proposition 22, App-Based Drivers as Contractors and Labor Policies Initiative","Classifies app-based rideshare and delivery drivers as independent contractors exempt from AB 5 employee classification, with app-specific wage and benefit policies.",no,58.6,pass,"Statewide gig-economy carve-out from AB 5; ~$225M raised (about $206M in support from app companies), the costliest measure on the 2020 CA ballot",,Proposition 14 - stem cell research bond; Proposition 15 - commercial property tax by market value; Proposition 16 - repeal affirmative action ban; Proposition 17 - voting rights for parolees; Proposition 18 - primary voting for 17-year-olds; Proposition 19 - property tax transfers and inheritance rules; Proposition 20 - criminal sentencing and parole; Proposition 21 - local rent control expansion; Proposition 23 - dialysis clinic requirements; Proposition 24 - consumer data privacy; Proposition 25 - replace cash bail with risk assessments,"https://ballotpedia.org/California_Proposition_22,_App-Based_Drivers_as_Contractors_and_Labor_Policies_Initiative_(2020)"
co_20201103_proposition_115,CO_2020-11-03,CO,2020-11-03,general,abortion,Proposition 115,A YES vote prohibits abortion after 22 weeks gestational age except to save the mother's life.,no,41.0,fail,22-week gestational ban,co_20201103_colorado_proposition_118_paid_medical_an,Amendment B (repeal Gallagher property tax amendment); Amendment C (charitable gaming rules); Amendment 76 (citizenship voting requirement); Amendment 77 (gaming town bet limits); Proposition EE (tobacco and nicotine taxes); Proposition 113 (National Popular Vote compact); Proposition 114 (gray wolf reintroduction); Proposition 116 (income tax rate cut); Proposition 117 (voter approval for enterprises); Proposition 118 (paid family and medical leave),"https://ballotpedia.org/Colorado_Proposition_115,_22-Week_Abortion_Ban_Initiative_(2020)"
co_20201103_colorado_proposition_118_paid_medical_an,CO_2020-11-03,CO,2020-11-03,general,labor,"Colorado Proposition 118, Paid Medical and Family Leave Initiative","Establishes a state paid family and medical leave program providing 12 weeks (up to 16 in certain cases) of paid leave, capped at $1,100 per week, funded by a payroll premium split 50/50 between employers and employees.",yes,57.8,pass,"12-16 weeks paid family/medical leave with $1,100/week maximum benefit, payroll-premium funded",co_20201103_proposition_115,"Amendment B - Gallagher Amendment repeal, property tax assessment; Amendment C - charitable gaming rules; Amendment 76 - citizens-only voting language; Amendment 77 - expand casino town gaming limits; Proposition EE - tobacco and nicotine tax increase; Proposition 113 - National Popular Vote compact; Proposition 114 - gray wolf reintroduction; Proposition 115 - 22-week abortion ban; Proposition 116 - income tax rate cut; Proposition 117 - voter approval of TABOR-exempt enterprises","https://ballotpedia.org/Colorado_Proposition_118,_Paid_Medical_and_Family_Leave_Initiative_(2020)"
fl_20201103_florida_amendment_2_15_minimum_wage_init,FL_2020-11-03,FL,2020-11-03,general,labor,"Florida Amendment 2, $15 Minimum Wage Initiative","Raises Florida's minimum wage in steps from $8.56 to $15.00 per hour by September 30, 2026, with CPI indexing thereafter.",yes,60.8,pass,$15 by 2026 via constitutional amendment; required a 60% supermajority and passed with 60.82%,,Amendment 1 - citizens-only voting language; Amendment 3 - top-two open primaries; Amendment 4 - require constitutional amendments to pass twice; Amendment 5 - Save Our Homes property tax portability; Amendment 6 - homestead tax discount for deceased veterans' spouses,"https://ballotpedia.org/Florida_Amendment_2,_$15_Minimum_Wage_Initiative_(2020)"
la_20201103_amendment_1,LA_2020-11-03,LA,2020-11-03,general,abortion,Amendment 1,A YES vote adds language stating that nothing in the Louisiana constitution protects a right to abortion or requires funding of abortion.,no,62.1,pass,no-right amendment (pre-Dobbs insurance for trigger ban),,Amendment 2 (oil and gas well tax assessment); Amendment 3 (rainy day fund for disasters); Amendment 4 (expenditure limit growth formula); Amendment 5 (payments in lieu of property taxes); Amendment 6 (homestead assessment income limit); Amendment 7 (unclaimed property trust fund),"https://ballotpedia.org/Louisiana_Amendment_1,_No_Right_to_Abortion_in_Constitution_Amendment_(2020)"
ms_20201103_initiative_65,MS_2020-11-03,MS,2020-11-03,general,cannabis,Initiative 65,A YES vote (choosing Initiative 65) amends the state constitution to legalize medical marijuana for patients with any of 22 debilitating medical conditions.,yes,73.7,pass,"medical only; presented as Ballot Measure 1 in a two-part vote against legislative Alternative 65A (the either/neither question passed 68.5%, and Initiative 65 beat 65A 73.7%–26.3%); struck down May 14, 2021 by the Mississippi Supreme Court for failing the constitution's five-district signature-distribution requirement, so it never took effect",,Alternative 65A — legislative alternative medical marijuana (same ballot measure); Ballot Measure 2 — gubernatorial runoff elections; Ballot Measure 3 — new state flag design,"https://ballotpedia.org/Mississippi_Ballot_Measure_1,_Initiative_65_and_Alternative_65A,_Medical_Marijuana_Amendment_(2020)"
mt_20201103_i_190,MT_2020-11-03,MT,2020-11-03,general,cannabis,I-190,A YES vote legalizes marijuana for adults over 21 and taxes non-medical marijuana sales at 20%.,yes,56.9,pass,full recreational legalization (statutory); paired with constitutional companion CI-118 on the same ballot,mt_20201103_ci_118,CI-118 — marijuana legal age (companion amendment); LR-130 — limits local firearms regulation; C-46 — initiated amendment distribution requirements; C-47 — initiated statute/referendum distribution requirements,"https://ballotpedia.org/Montana_I-190,_Marijuana_Legalization_Initiative_(2020)"
mt_20201103_ci_118,MT_2020-11-03,MT,2020-11-03,general,cannabis,CI-118,"A YES vote amends the Montana Constitution to authorize the legislature or a citizen initiative to establish a legal age for marijuana purchase, use, and possession.",yes,57.8,pass,"companion constitutional amendment enabling I-190's age-21 limit, not itself a legalization measure",mt_20201103_i_190,I-190 — marijuana legalization (companion statute); LR-130 — limits local firearms regulation; C-46 — initiated amendment distribution requirements; C-47 — initiated statute/referendum distribution requirements,"https://ballotpedia.org/Montana_CI-118,_Allow_for_a_Legal_Age_for_Marijuana_Amendment_(2020)"
nj_20201103_public_question_1,NJ_2020-11-03,NJ,2020-11-03,general,cannabis,Public Question 1,"A YES vote amends the state constitution to legalize the possession and use of marijuana for adults 21 and older and legalizes its cultivation, processing, and retail sale.",yes,67.1,pass,full recreational legalization; first legislatively referred legalization amendment in the U.S.; required enabling legislation to take effect,,Public Question 2 — peacetime veterans property tax deduction; Public Question 3 — redistricting timeline delay,"https://ballotpedia.org/New_Jersey_Public_Question_1,_Marijuana_Legalization_Amendment_(2020)"
nv_20201103_question_2,NV_2020-11-03,NV,2020-11-03,general,marriage,Question 2,"A YES vote amends the Nevada Constitution to recognize marriage between couples regardless of gender, repealing the 2000/2002 one-man-one-woman definition, with a religious solemnization exemption.",yes,62.4,pass,constitutional; repeals dormant ban AND affirmatively recognizes marriage regardless of gender — first state to remove a marriage ban from its constitution by popular vote,,Question 1 — remove constitutional status of Board of Regents (defeated); Question 3 — State Board of Pardons Commissioners duties; Question 4 — constitutional rights of voters; Question 6 — 50% renewable energy standard by 2030 (second vote),"https://ballotpedia.org/Nevada_Question_2,_Marriage_Regardless_of_Gender_Amendment_(2020)"
or_20201103_measure_108,OR_2020-11-03,OR,2020-11-03,general,healthcare,Measure 108,"Raises the cigarette tax by $2.00 to $3.33 per pack and taxes e-cigarettes and other nicotine inhalants at 65% of wholesale price, dedicating revenue to the Oregon Health Authority for the state's Medical Assistance Program (Medicaid) and other health programs.",yes,66.3,pass,tobacco tax funding Medicaid (Oregon Health Plan),,Measure 107 — campaign finance limits; Measure 109 — psilocybin program; Measure 110 — drug decriminalization,"https://ballotpedia.org/Oregon_Measure_108,_Tobacco_and_E-Cigarette_Tax_Increase_for_Health_Programs_Measure_(2020)"
sd_20201103_constitutional_amendment_a,SD_2020-11-03,SD,2020-11-03,general,cannabis,Constitutional Amendment A,"A YES vote legalizes recreational marijuana and requires the legislature to pass laws providing for medical marijuana and hemp sales by April 1, 2022.",yes,54.2,pass,"full recreational plus medical/hemp directives; struck down after passing — a circuit court ruled it violated the single-subject rule, upheld by the South Dakota Supreme Court on November 24, 2021, so it never took effect",sd_20201103_initiated_measure_26,Initiated Measure 26 — medical marijuana; Constitutional Amendment B — Deadwood sports betting,"https://ballotpedia.org/South_Dakota_Constitutional_Amendment_A,_Marijuana_Legalization_Initiative_(2020)"
sd_20201103_initiated_measure_26,SD_2020-11-03,SD,2020-11-03,general,cannabis,Initiated Measure 26,A YES vote establishes a medical marijuana program in South Dakota for individuals with debilitating medical conditions.,yes,69.9,pass,"medical only; survived (unlike companion Amendment A, which was struck down) and took effect July 1, 2021",sd_20201103_constitutional_amendment_a,Constitutional Amendment A — recreational marijuana legalization; Constitutional Amendment B — Deadwood sports betting,"https://ballotpedia.org/South_Dakota_Initiated_Measure_26,_Medical_Marijuana_Initiative_(2020)"
ks_20220802_value_them_both_amendment,KS_2022-08-02,KS,2022-08-02,primary,abortion,Value Them Both Amendment,A YES vote amends the Kansas constitution to declare it creates no right to abortion or abortion funding and to authorize the legislature to regulate abortion.,no,41.0,fail,no-right amendment (would have enabled a ban); first post-Dobbs test,,,https://ballotpedia.org/Kansas_No_State_Constitutional_Right_to_Abortion_and_Legislative_Power_to_Regulate_Abortion_Amendment_(August_2022)
ar_20221108_issue_4,AR_2022-11-08,AR,2022-11-08,general,cannabis,Issue 4,A YES vote legalizes recreational marijuana for adults 21 and older in Arkansas and authorizes licensed commercial sales.,yes,43.8,fail,full recreational,,Issue 1 — legislative special sessions; Issue 2 — 60% vote for ballot initiatives; Issue 3 — religious freedom amendment,"https://ballotpedia.org/Arkansas_Issue_4,_Marijuana_Legalization_Initiative_(2022)"
ca_20221108_proposition_1,CA_2022-11-08,CA,2022-11-08,general,abortion,Proposition 1,"A YES vote enshrines a state constitutional right to reproductive freedom, including abortion and contraception.",yes,66.9,pass,enshrines right (broad reproductive freedom),,Proposition 26 (tribal in-person sports betting); Proposition 27 (online sports betting); Proposition 28 (arts and music education funding); Proposition 29 (dialysis clinic staffing); Proposition 30 (high-income tax for electric vehicles); Proposition 31 (flavored tobacco sales ban referendum),"https://ballotpedia.org/California_Proposition_1,_Right_to_Reproductive_Freedom_Amendment_(2022)"
il_20221108_illinois_amendment_1_right_to_collective,IL_2022-11-08,IL,2022-11-08,general,labor,"Illinois Amendment 1, Right to Collective Bargaining Measure",Amends the Illinois Constitution to create a fundamental right for employees to organize and bargain collectively and to prohibit any law (including right-to-work laws) that interferes with or diminishes that right.,yes,58.7,pass,Constitutional collective-bargaining right that preempts right-to-work laws; dual passage threshold — 60% of votes on the measure OR a simple majority of all ballots cast in the election — passed via the latter with 58.72% on the question,,,"https://ballotpedia.org/Illinois_Amendment_1,_Right_to_Collective_Bargaining_Measure_(2022)"
ky_20221108_constitutional_amendment_2,KY_2022-11-08,KY,2022-11-08,general,abortion,Constitutional Amendment 2,A YES vote amends the Kentucky constitution to state that it creates no right to abortion or requirement to fund abortion.,no,47.7,fail,no-right amendment,,Constitutional Amendment 1 (legislative session flexibility),"https://ballotpedia.org/Kentucky_Constitutional_Amendment_2,_No_Right_to_Abortion_in_Constitution_Amendment_(2022)"
md_20221108_question_4,MD_2022-11-08,MD,2022-11-08,general,cannabis,Question 4,"A YES vote legalizes recreational marijuana for adults 21 and older in Maryland and directs the legislature to enact laws for its use, distribution, regulation, and taxation.",yes,67.2,pass,full recreational (legislatively referred constitutional amendment),,Question 1 — appellate courts renaming; Question 2 — legislator residency requirement; Question 3 — civil jury trial threshold; Question 5 — Howard County Orphans' Court judges,"https://ballotpedia.org/Maryland_Question_4,_Marijuana_Legalization_Amendment_(2022)"
mi_20221108_proposal_3,MI_2022-11-08,MI,2022-11-08,general,abortion,Proposal 3,"A YES vote establishes a state constitutional right to reproductive freedom, including abortion, contraception, and pregnancy care.",yes,56.7,pass,enshrines right (nullified dormant 1931 ban),,Proposal 1 (legislative term limits and financial disclosure); Proposal 2 (voting rights and election policies),"https://ballotpedia.org/Michigan_Proposal_3,_Right_to_Reproductive_Freedom_Initiative_(2022)"
mo_20221108_amendment_3,MO_2022-11-08,MO,2022-11-08,general,cannabis,Amendment 3,"A YES vote legalizes recreational marijuana for adults 21 and older, allows petitions to expunge nonviolent marijuana offenses, and imposes a 6% sales tax on marijuana.",yes,53.1,pass,full recreational with expungement provisions,,Amendment 1 — state treasurer investment authority; Amendment 4 — Kansas City police funding; Amendment 5 — National Guard department; Constitutional Convention Question — constitutional convention,"https://ballotpedia.org/Missouri_Amendment_3,_Marijuana_Legalization_Initiative_(2022)"
mt_20221108_lr_131,MT_2022-11-08,MT,2022-11-08,general,abortion,LR-131,"A YES vote declares infants born alive at any stage legal persons and requires medical care for them, with criminal penalties for providers.",no,47.5,fail,born-alive care mandate with criminal penalties (abortion-adjacent),,C-48 (search warrant for electronic data),"https://ballotpedia.org/Montana_LR-131,_Medical_Care_Requirements_for_Born-Alive_Infants_Measure_(2022)"
nd_20221108_statutory_measure_2,ND_2022-11-08,ND,2022-11-08,general,cannabis,Statutory Measure 2,A YES vote legalizes recreational marijuana use for adults 21 and older in North Dakota.,yes,45.1,fail,full recreational; North Dakota's second recreational defeat after 2018,,Constitutional Measure 1 — term limits,"https://ballotpedia.org/North_Dakota_Statutory_Measure_2,_Marijuana_Legalization_Initiative_(2022)"
ne_20221108_nebraska_initiative_433_minimum_wage_inc,NE_2022-11-08,NE,2022-11-08,general,labor,"Nebraska Initiative 433, Minimum Wage Increase Initiative",Raises Nebraska's minimum wage from $9 to $15 per hour by 2026.,yes,58.7,pass,$9 to $15 by 2026 via initiated state statute in a red state; approved 58.66%,,Amendment 1 - local airport commercial air service funding; Initiative 432 - voter photo ID requirement,"https://ballotpedia.org/Nebraska_Initiative_433,_Minimum_Wage_Increase_Initiative_(2022)"
nv_20221108_nevada_question_2_minimum_wage_amendment,NV_2022-11-08,NV,2022-11-08,general,labor,"Nevada Question 2, Minimum Wage Amendment","Amends the constitution to raise the minimum wage to $12 per hour for all employees by July 1, 2024, eliminating the lower wage tier for workers offered health benefits and the constitutional inflation adjustments, while allowing the legislature to set a higher rate.",yes,55.2,pass,$12 by July 2024; removes the two-tier health-benefit wage system and constitutional CPI adjustments; legislature may go higher,,Question 1 - state Equal Rights Amendment; Question 3 - top-five open primaries and ranked-choice voting,"https://ballotpedia.org/Nevada_Question_2,_Minimum_Wage_Amendment_(2022)"
or_20221108_measure_111,OR_2022-11-08,OR,2022-11-08,general,healthcare,Measure 111,"Amends the Oregon Constitution to establish access to cost-effective, clinically appropriate, and affordable health care as a fundamental right of every resident.",yes,50.7,pass,constitutional right to healthcare,,Measure 112 — remove slavery exception from constitution; Measure 113 — disqualify legislators with unexcused absences; Measure 114 — firearm purchase permits and magazine limits,"https://ballotpedia.org/Oregon_Measure_111,_Right_to_Healthcare_Amendment_(2022)"
sd_20221108_initiated_measure_27,SD_2022-11-08,SD,2022-11-08,general,cannabis,Initiated Measure 27,A YES vote legalizes recreational marijuana possession and use for adults 21 and older in South Dakota.,yes,47.1,fail,full recreational; retry after the 2020 legalization amendment was struck down in court,sd_20221108_constitutional_amendment_d,Constitutional Amendment D — Medicaid expansion,"https://ballotpedia.org/South_Dakota_Initiated_Measure_27,_Marijuana_Legalization_Initiative_(2022)"
sd_20221108_constitutional_amendment_d,SD_2022-11-08,SD,2022-11-08,general,healthcare,Constitutional Amendment D,"Amends the South Dakota Constitution to expand Medicaid to adults with incomes below 138% of the federal poverty level starting July 1, 2023.",yes,56.2,pass,constitutional expansion (initiated constitutional amendment),sd_20221108_initiated_measure_27,Initiated Measure 27 — marijuana legalization,"https://ballotpedia.org/South_Dakota_Constitutional_Amendment_D,_Medicaid_Expansion_Initiative_(2022)"
tn_20221108_tennessee_constitutional_amendment_1_rig,TN_2022-11-08,TN,2022-11-08,general,labor,"Tennessee Constitutional Amendment 1, Right-to-Work Amendment",Adds a section to the state constitution making it illegal for workplaces to require labor union membership as a condition of employment (right-to-work).,no,69.8,pass,Elevates Tennessee's existing statutory right-to-work law into the state constitution; approved 69.8% to 30.2%,,Amendment 2 - acting governor line of succession; Amendment 3 - remove slavery/involuntary servitude as criminal punishment; Amendment 4 - allow religious ministers to serve in legislature,"https://ballotpedia.org/Tennessee_Constitutional_Amendment_1,_Right-to-Work_Amendment_(2022)"
vt_20221108_proposal_5,VT_2022-11-08,VT,2022-11-08,general,abortion,Proposal 5,A YES vote adds a right to personal reproductive autonomy (Article 22) to the Vermont constitution.,yes,76.8,pass,enshrines right (broadest margin of 2022 wave),,Proposal 2 (prohibit slavery and indentured servitude),"https://ballotpedia.org/Vermont_Proposal_5,_Right_to_Personal_Reproductive_Autonomy_Amendment_(2022)"
ok_20230307_state_question_820,OK_2023-03-07,OK,2023-03-07,special,cannabis,State Question 820,A YES vote legalizes recreational marijuana for adults 21 and older in Oklahoma with a 15% excise tax and resentencing/expungement provisions.,yes,38.3,fail,full recreational; standalone March special election — the only measure on the ballot,,,"https://ballotpedia.org/Oklahoma_State_Question_820,_Marijuana_Legalization_Initiative_(March_2023)"
oh_20231107_issue_1,OH_2023-11-07,OH,2023-11-07,odd-year general,abortion,Issue 1,"A YES vote establishes a state constitutional right to make one's own reproductive decisions, including abortion up to fetal viability.",yes,56.8,pass,enshrines right to viability (after August 60%-threshold measure failed),oh_20231107_issue_2,Issue 2 (recreational marijuana legalization),"https://ballotpedia.org/Ohio_Issue_1,_Right_to_Make_Reproductive_Decisions_Including_Abortion_Initiative_(2023)"
oh_20231107_issue_2,OH_2023-11-07,OH,2023-11-07,odd-year general,cannabis,Issue 2,"A YES vote legalizes recreational marijuana for adults 21 and older in Ohio, including purchase, possession, home growth of up to six plants, and a regulated commercial market.",yes,57.2,pass,full recreational (indirect initiated statute); made Ohio the 24th legalization state,oh_20231107_issue_1,Issue 1 — abortion rights amendment,"https://ballotpedia.org/Ohio_Issue_2,_Marijuana_Legalization_Initiative_(2023)"
ak_20241105_alaska_ballot_measure_1_minimum_wage_inc,AK_2024-11-05,AK,2024-11-05,general,labor,"Alaska Ballot Measure 1, Minimum Wage Increase and Paid Sick Leave Initiative","Raises the minimum wage to $15 per hour by July 1, 2027, provides accrued paid sick leave (up to 56 hours at employers with 15+ employees, 40 hours at smaller ones), and bars employer retaliation against workers who skip employer-sponsored political or religious meetings.",yes,58.0,pass,$15 by 2027 plus paid sick leave plus a captive-audience meeting ban bundled in one initiative,,Ballot Measure 2 - repeal top-four ranked-choice voting,"https://ballotpedia.org/Alaska_Ballot_Measure_1,_Minimum_Wage_Increase_and_Paid_Sick_Leave_Initiative_(2024)"
ar_20241105_issue_3,AR_2024-11-05,AR,2024-11-05,general,cannabis,Issue 3,"A YES vote expands Arkansas's medical marijuana program: patient home cultivation, broader practitioner certification, expanded qualifying conditions, telemedicine assessments, and out-of-state card acceptance.",yes,,fail,"medical expansion; the Arkansas Supreme Court ruled on October 21, 2024 that the ballot language was misleading, so although the measure remained printed on ballots, votes were never counted or certified",,Issue 1 — lottery scholarships for vocational programs; Issue 2 — Pope County casino repeal,https://ballotpedia.org/Arkansas_Medical_Marijuana_Expansion_Initiative_(2024)
az_20241105_proposition_139,AZ_2024-11-05,AZ,2024-11-05,general,abortion,Proposition 139,A YES vote establishes a fundamental state constitutional right to abortion before fetal viability.,yes,61.6,pass,enshrines right to viability (replaced 15-week limit),az_20241105_arizona_proposition_138_wages_for_tipped,"Proposition 133 (require partisan primaries); Proposition 134 (initiative signature distribution requirement); Proposition 135 (legislative emergency powers); Proposition 136 (pre-election challenges to initiatives); Proposition 137 (end judicial term limits/retention elections); Proposition 138 (tipped worker wages); Proposition 140 (open primaries, single ballot); Proposition 311 (first responder death benefit fee); Proposition 312 (property tax refund for nuisance non-enforcement); Proposition 313 (life sentence for child sex trafficking); Proposition 314 (border and immigration enforcement); Proposition 315 (regulatory cost approval requirement)","https://ballotpedia.org/Arizona_Proposition_139,_Right_to_Abortion_Initiative_(2024)"
az_20241105_arizona_proposition_138_wages_for_tipped,AZ_2024-11-05,AZ,2024-11-05,general,labor,"Arizona Proposition 138, Wages for Tipped Workers Amendment","Allows tipped workers to be paid 25% less per hour than the minimum wage, provided tips bring their total pay to at least the minimum wage plus $2 for all hours worked.",no,25.2,fail,Would have constitutionalized a 25%-below-minimum tipped wage; rejected roughly 3-to-1 (25.24% yes),az_20241105_proposition_139,Proposition 133 - require partisan primaries; Proposition 134 - initiative signature distribution requirement; Proposition 135 - legislative check on governor's emergency powers; Proposition 136 - pre-election challenges to initiatives; Proposition 137 - end judicial term limits and retention elections; Proposition 139 - constitutional right to abortion; Proposition 140 - open primaries and majority-vote general elections; Proposition 311 - fee-funded death benefit for first responders; Proposition 312 - property tax refund for unenforced nuisance laws; Proposition 313 - life sentence for child sex trafficking; Proposition 314 - state immigration enforcement powers; Proposition 315 - legislative ratification of costly regulations,"https://ballotpedia.org/Arizona_Proposition_138,_Wages_for_Tipped_Workers_Amendment_(2024)"
ca_20241105_proposition_3,CA_2024-11-05,CA,2024-11-05,general,marriage,Proposition 3,A YES vote repeals Proposition 8 (2008) from the California Constitution and declares that the right to marry is a fundamental right.,yes,62.6,pass,constitutional; repeals dormant ban + enshrines affirmative fundamental right to marry,ca_20241105_california_proposition_32_18_minimum_wag; ca_20241105_proposition_35,Proposition 2 — public education facilities bond; Proposition 4 — climate/water/wildfire bond; Proposition 5 — 55% threshold for local housing bonds (defeated); Proposition 6 — remove involuntary servitude from constitution (defeated); Proposition 32 — $18 minimum wage (defeated); Proposition 33 — repeal Costa-Hawkins rent control limits (defeated); Proposition 34 — health provider drug-revenue spending rules; Proposition 35 — permanent managed-care organization tax; Proposition 36 — increase drug and theft crime penalties,"https://ballotpedia.org/California_Proposition_3,_Right_to_Marry_and_Repeal_Proposition_8_Amendment_(2024)"
ca_20241105_california_proposition_32_18_minimum_wag,CA_2024-11-05,CA,2024-11-05,general,labor,"California Proposition 32, $18 Minimum Wage Initiative","Raises California's minimum wage to $18 per hour by 2026 for all employers, with annual cost-of-living adjustments thereafter.",yes,49.3,fail,"$18 by 2026, which would have been the highest state minimum; failed 49.29% to 50.71% — with Massachusetts, the first state rejections of a minimum-wage increase measure since 1996",ca_20241105_proposition_3; ca_20241105_proposition_35,Proposition 2 - public education facilities bond; Proposition 3 - constitutional right to marry; Proposition 4 - climate and water bond; Proposition 5 - lower local bond vote threshold to 55%; Proposition 6 - remove involuntary servitude from constitution; Proposition 33 - repeal Costa-Hawkins rent control limits; Proposition 34 - healthcare provider drug revenue spending rules; Proposition 35 - managed care organization tax for Medi-Cal; Proposition 36 - increase drug and theft crime penalties,"https://ballotpedia.org/California_Proposition_32,_$18_Minimum_Wage_Initiative_(2024)"
ca_20241105_proposition_35,CA_2024-11-05,CA,2024-11-05,general,healthcare,Proposition 35,Makes the existing tax on managed care organizations permanent and dedicates its revenue to Medi-Cal services.,yes,67.8,pass,Medicaid (Medi-Cal) funding tax,ca_20241105_proposition_3; ca_20241105_california_proposition_32_18_minimum_wag,Proposition 2 — school facility bonds; Proposition 3 — constitutional right to marry; Proposition 4 — climate and water bond; Proposition 5 — lower local bond vote threshold; Proposition 6 — end involuntary servitude as punishment; Proposition 32 — minimum wage increase; Proposition 33 — expand local rent control; Proposition 34 — restrict provider drug-revenue spending; Proposition 36 — increased drug/theft penalties,"https://ballotpedia.org/California_Proposition_35,_Managed_Care_Organization_Tax_Authorization_Initiative_(2024)"
co_20241105_amendment_79,CO_2024-11-05,CO,2024-11-05,general,abortion,Amendment 79,A YES vote creates a state constitutional right to abortion and repeals the 1984 ban on public funding of abortion.,yes,62.0,pass,enshrines right + repeals funding ban; required 55% threshold (met),co_20241105_amendment_j,Amendment 80 (school choice right); Amendment G (veteran disability property tax exemption); Amendment H (judicial discipline board); Amendment I (deny bail in first-degree murder); Amendment J (repeal same-sex marriage ban language); Amendment K (initiative filing deadlines); Proposition 127 (ban mountain lion hunting); Proposition 128 (violent crime parole requirements); Proposition 129 (veterinary professional associates); Proposition 130 (law enforcement funding); Proposition 131 (top-four primaries with RCV); Proposition JJ (retain sports betting tax revenue); Proposition KK (firearms and ammunition excise tax),"https://ballotpedia.org/Colorado_Amendment_79,_Right_to_Abortion_and_Health_Insurance_Coverage_Initiative_(2024)"
co_20241105_amendment_j,CO_2024-11-05,CO,2024-11-05,general,marriage,Amendment J,A YES vote removes from the Colorado Constitution the provision stating that only a union of one man and one woman is valid or recognized as a marriage.,yes,64.3,pass,constitutional; repeal of the dormant 2006 Amendment 43 ban only (no affirmative right added); simple majority sufficed because it only repealed language,co_20241105_amendment_79,Amendment G — property tax exemption for disabled veterans; Amendment H — independent judicial discipline board; Amendment I — deny bail in first-degree murder cases; Amendment K — earlier initiative/judicial filing deadlines (defeated); Amendment 79 — constitutional right to abortion; Amendment 80 — constitutional right to school choice (defeated); Proposition 127 — prohibit mountain lion/bobcat/lynx hunting (defeated); Proposition 128 — parole eligibility for violent crimes; Proposition 129 — veterinary professional associate profession; Proposition 130 — law enforcement funding; Proposition 131 — top-four ranked-choice voting (defeated); Proposition JJ — retain sports betting tax revenue for water projects; Proposition KK — firearms and ammunition excise tax,"https://ballotpedia.org/Colorado_Amendment_J,_Remove_Constitutional_Same-Sex_Marriage_Ban_Amendment_(2024)"
fl_20241105_amendment_4,FL_2024-11-05,FL,2024-11-05,general,abortion,Amendment 4,A YES vote establishes a state constitutional right to abortion before fetal viability.,yes,57.2,fail,enshrines right to viability; failed despite majority because of 60% threshold,fl_20241105_amendment_3,Amendment 1 (partisan school board elections); Amendment 2 (right to hunt and fish); Amendment 3 (recreational marijuana legalization); Amendment 5 (homestead exemption inflation adjustment); Amendment 6 (repeal public campaign financing),"https://ballotpedia.org/Florida_Amendment_4,_Right_to_Abortion_Initiative_(2024)"
fl_20241105_amendment_3,FL_2024-11-05,FL,2024-11-05,general,cannabis,Amendment 3,A YES vote legalizes recreational or personal use of marijuana for adults 21 and older in Florida and allows existing medical marijuana centers to sell to adults.,yes,55.9,fail,full recreational; won a 55.9% majority but failed because Florida constitutional amendments require a 60% supermajority,fl_20241105_amendment_4,Amendment 1 — partisan school board elections; Amendment 2 — right to hunt and fish; Amendment 4 — abortion rights amendment; Amendment 5 — homestead exemption inflation adjustment; Amendment 6 — repeal public campaign financing,"https://ballotpedia.org/Florida_Amendment_3,_Marijuana_Legalization_Initiative_(2024)"
hi_20241105_remove_legislature_authority_to_limit_ma,HI_2024-11-05,HI,2024-11-05,general,marriage,Remove Legislature Authority to Limit Marriage to Opposite-Sex Couples Amendment,A YES vote removes the Hawaii Constitution's provision (added 1998) that the legislature shall have the power to reserve marriage to opposite-sex couples.,yes,55.9,pass,constitutional; cleanup repeal of the 1998 legislative-authority provision (Hawaii's 1998 measure had empowered the legislature rather than banning marriage directly); Hawaii con-ams must also win >50% of all ballots cast,,Judicial Appointments and Confirmations Amendment — district judge appointment process,https://ballotpedia.org/Hawaii_Remove_Legislature_Authority_to_Limit_Marriage_to_Opposite-Sex_Couples_Amendment_(2024)
ma_20241105_massachusetts_question_5_minimum_wage_fo,MA_2024-11-05,MA,2024-11-05,general,labor,"Massachusetts Question 5, Minimum Wage for Tipped Employees Initiative","Gradually raises the wage of tipped employees until it equals the full state minimum wage in 2029, while continuing to permit tipping on top.",yes,35.9,fail,Full phase-out of the tipped subminimum wage by 2029; defeated decisively 35.87% to 64.13%,ma_20241105_massachusetts_question_3_unionization_an,Question 1 - state auditor authority to audit legislature; Question 2 - eliminate MCAS graduation requirement; Question 3 - rideshare driver unionization and collective bargaining; Question 4 - legalize natural psychedelic substances,"https://ballotpedia.org/Massachusetts_Question_5,_Minimum_Wage_for_Tipped_Employees_Initiative_(2024)"
ma_20241105_massachusetts_question_3_unionization_an,MA_2024-11-05,MA,2024-11-05,general,labor,"Massachusetts Question 3, Unionization and Collective Bargaining for Transportation Network Drivers Initiative","Gives transportation network (rideshare) drivers the right to unionize and collectively bargain over wages, benefits, and working conditions in state-overseen negotiations.",yes,54.1,pass,State-moderated sectoral bargaining for gig drivers; agreements require approval by a majority of drivers with 100+ trips in the prior quarter,ma_20241105_massachusetts_question_5_minimum_wage_fo,Question 1 - state auditor authority to audit legislature; Question 2 - eliminate MCAS graduation requirement; Question 4 - legalize natural psychedelic substances; Question 5 - tipped employee minimum wage phase-in,"https://ballotpedia.org/Massachusetts_Question_3,_Unionization_and_Collective_Bargaining_for_Transportation_Network_Drivers_Initiative_(2024)"
md_20241105_question_1,MD_2024-11-05,MD,2024-11-05,general,abortion,Question 1,"A YES vote establishes a state constitutional right to reproductive freedom, including decisions to end a pregnancy.",yes,76.1,pass,enshrines right (highest 2024 margin),,,"https://ballotpedia.org/Maryland_Question_1,_Right_to_Reproductive_Freedom_Amendment_(2024)"
mo_20241105_amendment_3,MO_2024-11-05,MO,2024-11-05,general,abortion,Amendment 3,"A YES vote establishes a state constitutional right to reproductive freedom, including abortion until fetal viability, overriding the near-total ban.",yes,51.6,pass,enshrines right to viability; first vote to overturn an active near-total ban,mo_20241105_missouri_proposition_a_minimum_wage_and_,Amendment 2 (sports wagering legalization); Amendment 5 (Osage River gambling boat license); Amendment 6 (court costs for law enforcement funds); Amendment 7 (prohibit noncitizen voting and ranked-choice voting); Proposition A ($15 minimum wage and paid sick leave),"https://ballotpedia.org/Missouri_Amendment_3,_Right_to_Reproductive_Freedom_Initiative_(2024)"
mo_20241105_missouri_proposition_a_minimum_wage_and_,MO_2024-11-05,MO,2024-11-05,general,labor,"Missouri Proposition A, Minimum Wage and Earned Paid Sick Time Initiative","Raises the minimum wage to $13.75 in 2025 and $15 per hour by 2026 with CPI adjustments, and requires employers to provide one hour of earned paid sick leave per 30 hours worked.",yes,57.6,pass,"$15 by 2026 plus paid sick leave (1 hr per 30 hrs worked, capped at 56/40 hrs by employer size) in one measure",mo_20241105_amendment_3,Amendment 2 - legalize sports wagering; Amendment 3 - constitutional right to abortion; Amendment 5 - Osage River gambling boat license; Amendment 6 - court fees for law enforcement salaries; Amendment 7 - prohibit noncitizen voting and ranked-choice voting,"https://ballotpedia.org/Missouri_Proposition_A,_Minimum_Wage_and_Earned_Paid_Sick_Time_Initiative_(2024)"
mt_20241105_ci_128,MT_2024-11-05,MT,2024-11-05,general,abortion,CI-128,A YES vote establishes a state constitutional right to abortion before fetal viability.,yes,57.8,pass,enshrines right to viability (codifies existing Armstrong precedent),,CI-126 (top-four primaries); CI-127 (majority vote requirement for election),"https://ballotpedia.org/Montana_CI-128,_Right_to_Abortion_Initiative_(2024)"
nd_20241105_initiated_measure_5,ND_2024-11-05,ND,2024-11-05,general,cannabis,Initiated Measure 5,A YES vote legalizes recreational or personal use of marijuana for adults 21 and older in North Dakota.,yes,47.5,fail,full recreational; North Dakota's third recreational legalization defeat since 2018,,Constitutional Measure 1 — constitutional language update; Constitutional Measure 2 — initiative process restrictions; Constitutional Measure 3 — legacy fund transfers; Initiated Measure 4 — property tax prohibition,"https://ballotpedia.org/North_Dakota_Initiated_Measure_5,_Marijuana_Legalization_Initiative_(2024)"
ne_20241105_initiative_434,NE_2024-11-05,NE,2024-11-05,general,abortion,Initiative 434,"A YES vote amends the constitution to prohibit abortion after the first trimester except for medical emergencies, rape, or incest.",no,54.9,pass,constitutionalizes first-trimester (12-week) ban; only pro-life win of 2024,ne_20241105_initiative_439; ne_20241105_initiative_437; ne_20241105_initiative_438; ne_20241105_nebraska_initiative_436_paid_sick_leave_,Initiative 439 (right to abortion until viability - competing measure); Referendum 435 (uphold private school scholarship program); Initiative 436 (paid sick leave); Initiative 437 (medical cannabis legalization); Initiative 438 (medical cannabis regulation commission),"https://ballotpedia.org/Nebraska_Initiative_434,_Prohibit_Abortions_After_the_First_Trimester_Amendment_(2024)"
ne_20241105_initiative_439,NE_2024-11-05,NE,2024-11-05,general,abortion,Initiative 439,A YES vote establishes a state constitutional right to abortion until fetal viability.,yes,49.0,fail,enshrines right to viability; lost head-to-head against competing Initiative 434 on the same ballot,ne_20241105_initiative_434; ne_20241105_initiative_437; ne_20241105_initiative_438; ne_20241105_nebraska_initiative_436_paid_sick_leave_,Initiative 434 (prohibit abortion after first trimester - competing measure); Referendum 435 (uphold private school scholarship program); Initiative 436 (paid sick leave); Initiative 437 (medical cannabis legalization); Initiative 438 (medical cannabis regulation commission),"https://ballotpedia.org/Nebraska_Initiative_439,_Right_to_Abortion_Initiative_(2024)"
ne_20241105_initiative_437,NE_2024-11-05,NE,2024-11-05,general,cannabis,Initiative 437,A YES vote legalizes the medical use of marijuana in Nebraska for qualified patients with a health care practitioner's recommendation.,yes,71.0,pass,medical only (legalization half of a two-measure package with Initiative 438),ne_20241105_initiative_434; ne_20241105_initiative_439; ne_20241105_initiative_438; ne_20241105_nebraska_initiative_436_paid_sick_leave_,Initiative 438 — medical cannabis regulation commission; Initiative 434 — abortion restriction amendment; Referendum 435 — private school scholarships referendum; Initiative 436 — paid sick leave; Initiative 439 — abortion rights amendment,"https://ballotpedia.org/Nebraska_Initiative_437,_Medical_Marijuana_Legalization_Initiative_(2024)"
ne_20241105_initiative_438,NE_2024-11-05,NE,2024-11-05,general,cannabis,Initiative 438,A YES vote establishes the Nebraska Medical Cannabis Commission to regulate the state's medical marijuana program.,yes,67.3,pass,medical only (regulatory half of a two-measure package with Initiative 437),ne_20241105_initiative_434; ne_20241105_initiative_439; ne_20241105_initiative_437; ne_20241105_nebraska_initiative_436_paid_sick_leave_,Initiative 437 — medical marijuana legalization; Initiative 434 — abortion restriction amendment; Referendum 435 — private school scholarships referendum; Initiative 436 — paid sick leave; Initiative 439 — abortion rights amendment,"https://ballotpedia.org/Nebraska_Initiative_438,_Medical_Marijuana_Regulation_Initiative_(2024)"
ne_20241105_nebraska_initiative_436_paid_sick_leave_,NE_2024-11-05,NE,2024-11-05,general,labor,"Nebraska Initiative 436, Paid Sick Leave Initiative",Requires Nebraska businesses to provide earned paid sick leave — up to seven days per year at businesses with 20 or more employees and five days at smaller businesses.,yes,74.6,pass,Universal earned paid sick leave mandate; landslide 74.56% approval in a red state,ne_20241105_initiative_434; ne_20241105_initiative_439; ne_20241105_initiative_437; ne_20241105_initiative_438,Initiative 434 - prohibit abortion after first trimester; Initiative 437 - legalize medical marijuana; Initiative 438 - medical cannabis regulatory commission; Initiative 439 - constitutional right to abortion until viability; Referendum 435 - uphold private school scholarship program,"https://ballotpedia.org/Nebraska_Initiative_436,_Paid_Sick_Leave_Initiative_(2024)"
nv_20241105_question_6,NV_2024-11-05,NV,2024-11-05,general,abortion,Question 6,A YES vote establishes a state constitutional right to abortion before fetal viability (first of two required votes; must pass again in 2026).,yes,64.4,pass,enshrines right to viability; requires second approval in 2026 to take effect,,Question 1 (remove Board of Regents from constitution); Question 2 (update constitutional language on disabilities); Question 3 (top-five primaries and ranked-choice voting); Question 4 (remove slavery exception language); Question 5 (diaper sales tax exemption); Question 7 (voter photo ID requirement),"https://ballotpedia.org/Nevada_Question_6,_Right_to_Abortion_Initiative_(2024)"
ny_20241105_proposal_1,NY_2024-11-05,NY,2024-11-05,general,abortion,Proposal 1,"A YES vote adds an equal-protection amendment barring discrimination based on, among other categories, pregnancy, pregnancy outcomes, and reproductive healthcare and autonomy.",yes,62.5,pass,equal-rights amendment covering pregnancy outcomes (indirect abortion protection),,,"https://ballotpedia.org/New_York_Proposal_1,_Equal_Protection_of_Law_Amendment_(2024)"
or_20241105_oregon_measure_119_unionization_of_canna,OR_2024-11-05,OR,2024-11-05,general,labor,"Oregon Measure 119, Unionization of Cannabis Workers Initiative",Requires cannabis businesses to submit a signed labor peace agreement with a labor organization (pledging employer neutrality on unionization) as a condition of licensure or renewal.,yes,56.7,pass,Union labor-peace agreement as a state licensing condition for an entire industry; approved 56.74% but later overturned by a federal court,,Measure 115 - allow impeachment of state executives; Measure 116 - independent public official salary commission; Measure 117 - ranked-choice voting for federal/state offices; Measure 118 - corporate tax surplus rebates to residents,"https://ballotpedia.org/Oregon_Measure_119,_Unionization_of_Cannabis_Workers_Initiative_(2024)"
sd_20241105_constitutional_amendment_g,SD_2024-11-05,SD,2024-11-05,general,abortion,Constitutional Amendment G,"A YES vote establishes a state constitutional right to abortion under a Roe-style trimester framework, unrestricted in the first trimester.",yes,41.4,fail,trimester-framework right (Roe-style); failed against active near-total ban,sd_20241105_initiated_measure_29; sd_20241105_constitutional_amendment_f,Constitutional Amendment E (gender-neutral constitutional language); Constitutional Amendment F (Medicaid work requirements); Constitutional Amendment H (top-two primaries); Initiated Measure 28 (repeal grocery sales tax); Initiated Measure 29 (recreational marijuana legalization); Referred Law 21 (carbon dioxide pipeline regulations),"https://ballotpedia.org/South_Dakota_Constitutional_Amendment_G,_Right_to_Abortion_Initiative_(2024)"
sd_20241105_initiated_measure_29,SD_2024-11-05,SD,2024-11-05,general,cannabis,Initiated Measure 29,A YES vote legalizes recreational or personal use of marijuana for adults 21 and older in South Dakota.,yes,44.5,fail,full recreational; South Dakota's third consecutive recreational attempt (after 2020's court-voided Amendment A and 2022's IM 27),sd_20241105_constitutional_amendment_g; sd_20241105_constitutional_amendment_f,Constitutional Amendment E — gender-neutral constitutional language; Constitutional Amendment F — Medicaid work requirement; Constitutional Amendment G — abortion rights amendment; Constitutional Amendment H — top-two primaries; Initiated Measure 28 — consumables sales tax repeal; Referred Law 21 — carbon pipeline regulations,"https://ballotpedia.org/South_Dakota_Initiated_Measure_29,_Marijuana_Legalization_Initiative_(2024)"
sd_20241105_constitutional_amendment_f,SD_2024-11-05,SD,2024-11-05,general,healthcare,Constitutional Amendment F,Allows the legislature to impose work requirements on the Medicaid expansion population (except those diagnosed as physically or mentally disabled).,no,56.1,pass,Medicaid expansion work requirement (coverage restriction),sd_20241105_constitutional_amendment_g; sd_20241105_initiated_measure_29,Amendment E — gender-neutral constitutional language; Amendment G — abortion rights; Amendment H — top-two primaries; Initiated Measure 28 — grocery/consumables sales tax repeal; Initiated Measure 29 — marijuana legalization; Referred Law 21 — carbon dioxide pipeline law referendum,"https://ballotpedia.org/South_Dakota_Constitutional_Amendment_F,_Medicaid_Work_Requirement_Amendment_(2024)"
wa_20241105_initiative_2124,WA_2024-11-05,WA,2024-11-05,general,healthcare,Initiative 2124,"Makes participation in WA Cares, the state's payroll-tax-funded long-term care social insurance program, optional for employees and self-employed workers (effectively defunding it).",no,44.5,fail,long-term care social insurance opt-out (funding-mandate rollback),,Initiative 2066 — natural gas access; Initiative 2109 — capital gains tax repeal; Initiative 2117 — carbon market (cap-and-trade) repeal,"https://ballotpedia.org/Washington_Initiative_2124,_Opt-Out_of_Long-Term_Services_Insurance_Program_Initiative_(2024)"
