fips,county,measure,electorate,progressive_side,county_share,statewide_share,gap
29001,Adair,cleanmo_2018,midterm,yes,0.6144,0.6202,-0.0058
29003,Andrew,cleanmo_2018,midterm,yes,0.5425,0.6202,-0.0777
29005,Atchison,cleanmo_2018,midterm,yes,0.5294,0.6202,-0.0909
29007,Audrain,cleanmo_2018,midterm,yes,0.5445,0.6202,-0.0758
29009,Barry,cleanmo_2018,midterm,yes,0.574,0.6202,-0.0463
29011,Barton,cleanmo_2018,midterm,yes,0.3518,0.6202,-0.2684
29013,Bates,cleanmo_2018,midterm,yes,0.5712,0.6202,-0.049
29015,Benton,cleanmo_2018,midterm,yes,0.5907,0.6202,-0.0295
29017,Bollinger,cleanmo_2018,midterm,yes,0.4292,0.6202,-0.191
29019,Boone,cleanmo_2018,midterm,yes,0.7289,0.6202,0.1087
29021,Buchanan,cleanmo_2018,midterm,yes,0.6287,0.6202,0.0085
29023,Butler,cleanmo_2018,midterm,yes,0.5057,0.6202,-0.1145
29025,Caldwell,cleanmo_2018,midterm,yes,0.5838,0.6202,-0.0364
29027,Callaway,cleanmo_2018,midterm,yes,0.557,0.6202,-0.0632
29029,Camden,cleanmo_2018,midterm,yes,0.595,0.6202,-0.0252
29031,Cape Girardeau,cleanmo_2018,midterm,yes,0.5446,0.6202,-0.0756
29033,Carroll,cleanmo_2018,midterm,yes,0.4609,0.6202,-0.1593
29035,Carter,cleanmo_2018,midterm,yes,0.4636,0.6202,-0.1566
29037,Cass,cleanmo_2018,midterm,yes,0.671,0.6202,0.0508
29039,Cedar,cleanmo_2018,midterm,yes,0.526,0.6202,-0.0942
29041,Chariton,cleanmo_2018,midterm,yes,0.4664,0.6202,-0.1538
29043,Christian,cleanmo_2018,midterm,yes,0.582,0.6202,-0.0382
29045,Clark,cleanmo_2018,midterm,yes,0.5602,0.6202,-0.06
29047,Clay,cleanmo_2018,midterm,yes,0.7432,0.6202,0.123
29049,Clinton,cleanmo_2018,midterm,yes,0.6146,0.6202,-0.0056
29051,Cole,cleanmo_2018,midterm,yes,0.556,0.6202,-0.0642
29053,Cooper,cleanmo_2018,midterm,yes,0.5189,0.6202,-0.1013
29055,Crawford,cleanmo_2018,midterm,yes,0.5079,0.6202,-0.1123
29057,Dade,cleanmo_2018,midterm,yes,0.5161,0.6202,-0.1041
29059,Dallas,cleanmo_2018,midterm,yes,0.5036,0.6202,-0.1166
29061,Daviess,cleanmo_2018,midterm,yes,0.5478,0.6202,-0.0724
29063,Dekalb,cleanmo_2018,midterm,yes,0.4956,0.6202,-0.1247
29065,Dent,cleanmo_2018,midterm,yes,0.496,0.6202,-0.1242
29067,Douglas,cleanmo_2018,midterm,yes,0.4434,0.6202,-0.1768
29069,Dunklin,cleanmo_2018,midterm,yes,0.5357,0.6202,-0.0845
29071,Franklin,cleanmo_2018,midterm,yes,0.5486,0.6202,-0.0716
29073,Gasconade,cleanmo_2018,midterm,yes,0.4347,0.6202,-0.1855
29075,Gentry,cleanmo_2018,midterm,yes,0.4742,0.6202,-0.146
29077,Greene,cleanmo_2018,midterm,yes,0.6645,0.6202,0.0443
29079,Grundy,cleanmo_2018,midterm,yes,0.4732,0.6202,-0.147
29081,Harrison,cleanmo_2018,midterm,yes,0.4716,0.6202,-0.1486
29083,Henry,cleanmo_2018,midterm,yes,0.6044,0.6202,-0.0158
29085,Hickory,cleanmo_2018,midterm,yes,0.4748,0.6202,-0.1455
29087,Holt,cleanmo_2018,midterm,yes,0.4404,0.6202,-0.1798
29089,Howard,cleanmo_2018,midterm,yes,0.5236,0.6202,-0.0966
29091,Howell,cleanmo_2018,midterm,yes,0.5199,0.6202,-0.1003
29093,Iron,cleanmo_2018,midterm,yes,0.5337,0.6202,-0.0865
29095,Jackson,cleanmo_2018,midterm,yes,0.7239,0.6202,0.1037
29097,Jasper,cleanmo_2018,midterm,yes,0.5189,0.6202,-0.1013
29099,Jefferson,cleanmo_2018,midterm,yes,0.6006,0.6202,-0.0197
29101,Johnson,cleanmo_2018,midterm,yes,0.581,0.6202,-0.0392
29103,Knox,cleanmo_2018,midterm,yes,0.4838,0.6202,-0.1364
29105,Laclede,cleanmo_2018,midterm,yes,0.5029,0.6202,-0.1173
29107,Lafayette,cleanmo_2018,midterm,yes,0.6155,0.6202,-0.0047
29109,Lawrence,cleanmo_2018,midterm,yes,0.5472,0.6202,-0.073
29111,Lewis,cleanmo_2018,midterm,yes,0.5627,0.6202,-0.0575
29113,Lincoln,cleanmo_2018,midterm,yes,0.5705,0.6202,-0.0497
29115,Linn,cleanmo_2018,midterm,yes,0.5435,0.6202,-0.0767
29117,Livingston,cleanmo_2018,midterm,yes,0.5167,0.6202,-0.1035
29119,McDonald,cleanmo_2018,midterm,yes,0.4896,0.6202,-0.1307
29121,Macon,cleanmo_2018,midterm,yes,0.4527,0.6202,-0.1675
29123,Madison,cleanmo_2018,midterm,yes,0.5181,0.6202,-0.1021
29125,Maries,cleanmo_2018,midterm,yes,0.4689,0.6202,-0.1513
29127,Marion,cleanmo_2018,midterm,yes,0.5659,0.6202,-0.0543
29129,Mercer,cleanmo_2018,midterm,yes,0.438,0.6202,-0.1822
29131,Miller,cleanmo_2018,midterm,yes,0.5032,0.6202,-0.117
29133,Mississippi,cleanmo_2018,midterm,yes,0.5455,0.6202,-0.0747
29135,Moniteau,cleanmo_2018,midterm,yes,0.4523,0.6202,-0.1679
29137,Monroe,cleanmo_2018,midterm,yes,0.4953,0.6202,-0.1249
29139,Montgomery,cleanmo_2018,midterm,yes,0.5004,0.6202,-0.1198
29141,Morgan,cleanmo_2018,midterm,yes,0.5425,0.6202,-0.0777
29143,New Madrid,cleanmo_2018,midterm,yes,0.4938,0.6202,-0.1264
29145,Newton,cleanmo_2018,midterm,yes,0.4854,0.6202,-0.1348
29147,Nodaway,cleanmo_2018,midterm,yes,0.541,0.6202,-0.0793
29149,Oregon,cleanmo_2018,midterm,yes,0.5517,0.6202,-0.0685
29151,Osage,cleanmo_2018,midterm,yes,0.3867,0.6202,-0.2335
29153,Ozark,cleanmo_2018,midterm,yes,0.5484,0.6202,-0.0718
29155,Pemiscot,cleanmo_2018,midterm,yes,0.5248,0.6202,-0.0954
29157,Perry,cleanmo_2018,midterm,yes,0.5311,0.6202,-0.0891
29159,Pettis,cleanmo_2018,midterm,yes,0.5785,0.6202,-0.0417
29161,Phelps,cleanmo_2018,midterm,yes,0.5806,0.6202,-0.0396
29163,Pike,cleanmo_2018,midterm,yes,0.5371,0.6202,-0.0831
29165,Platte,cleanmo_2018,midterm,yes,0.7218,0.6202,0.1016
29167,Polk,cleanmo_2018,midterm,yes,0.5392,0.6202,-0.081
29169,Pulaski,cleanmo_2018,midterm,yes,0.5551,0.6202,-0.0651
29171,Putnam,cleanmo_2018,midterm,yes,0.464,0.6202,-0.1562
29173,Ralls,cleanmo_2018,midterm,yes,0.5231,0.6202,-0.0971
29175,Randolph,cleanmo_2018,midterm,yes,0.5337,0.6202,-0.0865
29177,Ray,cleanmo_2018,midterm,yes,0.6423,0.6202,0.0221
29179,Reynolds,cleanmo_2018,midterm,yes,0.5033,0.6202,-0.1169
29181,Ripley,cleanmo_2018,midterm,yes,0.5235,0.6202,-0.0968
29183,St. Charles,cleanmo_2018,midterm,yes,0.6293,0.6202,0.0091
29185,St. Clair,cleanmo_2018,midterm,yes,0.5409,0.6202,-0.0793
29186,Ste. Genevieve,cleanmo_2018,midterm,yes,0.6162,0.6202,-0.004
29187,St. Francois,cleanmo_2018,midterm,yes,0.5964,0.6202,-0.0238
29189,St. Louis County,cleanmo_2018,midterm,yes,0.6208,0.6202,0.0006
29195,Saline,cleanmo_2018,midterm,yes,0.5823,0.6202,-0.0379
29197,Schuyler,cleanmo_2018,midterm,yes,0.4771,0.6202,-0.1431
29199,Scotland,cleanmo_2018,midterm,yes,0.4637,0.6202,-0.1565
29201,Scott,cleanmo_2018,midterm,yes,0.4653,0.6202,-0.1549
29203,Shannon,cleanmo_2018,midterm,yes,0.5339,0.6202,-0.0863
29205,Shelby,cleanmo_2018,midterm,yes,0.4636,0.6202,-0.1566
29207,Stoddard,cleanmo_2018,midterm,yes,0.4786,0.6202,-0.1416
29209,Stone,cleanmo_2018,midterm,yes,0.6129,0.6202,-0.0073
29211,Sullivan,cleanmo_2018,midterm,yes,0.4945,0.6202,-0.1257
29213,Taney,cleanmo_2018,midterm,yes,0.602,0.6202,-0.0182
29215,Texas,cleanmo_2018,midterm,yes,0.5011,0.6202,-0.1191
29217,Vernon,cleanmo_2018,midterm,yes,0.5111,0.6202,-0.1091
29219,Warren,cleanmo_2018,midterm,yes,0.5529,0.6202,-0.0673
29221,Washington,cleanmo_2018,midterm,yes,0.548,0.6202,-0.0722
29223,Wayne,cleanmo_2018,midterm,yes,0.4938,0.6202,-0.1264
29225,Webster,cleanmo_2018,midterm,yes,0.5654,0.6202,-0.0548
29227,Worth,cleanmo_2018,midterm,yes,0.4319,0.6202,-0.1883
29229,Wright,cleanmo_2018,midterm,yes,0.451,0.6202,-0.1692
2938000,Kansas City,cleanmo_2018,midterm,yes,0.6743,0.6202,0.0541
29510,St. Louis City,cleanmo_2018,midterm,yes,0.8003,0.6202,0.18
29001,Adair,cannabis_med_2018,midterm,yes,0.5989,0.6559,-0.057
29003,Andrew,cannabis_med_2018,midterm,yes,0.5675,0.6559,-0.0884
29005,Atchison,cannabis_med_2018,midterm,yes,0.5769,0.6559,-0.079
29007,Audrain,cannabis_med_2018,midterm,yes,0.589,0.6559,-0.0669
29009,Barry,cannabis_med_2018,midterm,yes,0.54,0.6559,-0.1159
29011,Barton,cannabis_med_2018,midterm,yes,0.4509,0.6559,-0.205
29013,Bates,cannabis_med_2018,midterm,yes,0.5909,0.6559,-0.065
29015,Benton,cannabis_med_2018,midterm,yes,0.5703,0.6559,-0.0856
29017,Bollinger,cannabis_med_2018,midterm,yes,0.4882,0.6559,-0.1677
29019,Boone,cannabis_med_2018,midterm,yes,0.7268,0.6559,0.0709
29021,Buchanan,cannabis_med_2018,midterm,yes,0.6515,0.6559,-0.0044
29023,Butler,cannabis_med_2018,midterm,yes,0.5843,0.6559,-0.0716
29025,Caldwell,cannabis_med_2018,midterm,yes,0.6181,0.6559,-0.0378
29027,Callaway,cannabis_med_2018,midterm,yes,0.614,0.6559,-0.0419
29029,Camden,cannabis_med_2018,midterm,yes,0.6047,0.6559,-0.0512
29031,Cape Girardeau,cannabis_med_2018,midterm,yes,0.5761,0.6559,-0.0798
29033,Carroll,cannabis_med_2018,midterm,yes,0.5382,0.6559,-0.1177
29035,Carter,cannabis_med_2018,midterm,yes,0.5736,0.6559,-0.0823
29037,Cass,cannabis_med_2018,midterm,yes,0.6859,0.6559,0.03
29039,Cedar,cannabis_med_2018,midterm,yes,0.4805,0.6559,-0.1754
29041,Chariton,cannabis_med_2018,midterm,yes,0.5,0.6559,-0.1559
29043,Christian,cannabis_med_2018,midterm,yes,0.5584,0.6559,-0.0975
29045,Clark,cannabis_med_2018,midterm,yes,0.5197,0.6559,-0.1362
29047,Clay,cannabis_med_2018,midterm,yes,0.7155,0.6559,0.0596
29049,Clinton,cannabis_med_2018,midterm,yes,0.6162,0.6559,-0.0397
29051,Cole,cannabis_med_2018,midterm,yes,0.5552,0.6559,-0.1007
29053,Cooper,cannabis_med_2018,midterm,yes,0.5874,0.6559,-0.0685
29055,Crawford,cannabis_med_2018,midterm,yes,0.5916,0.6559,-0.0643
29057,Dade,cannabis_med_2018,midterm,yes,0.4655,0.6559,-0.1904
29059,Dallas,cannabis_med_2018,midterm,yes,0.5095,0.6559,-0.1464
29061,Daviess,cannabis_med_2018,midterm,yes,0.5126,0.6559,-0.1433
29063,Dekalb,cannabis_med_2018,midterm,yes,0.5363,0.6559,-0.1196
29065,Dent,cannabis_med_2018,midterm,yes,0.4944,0.6559,-0.1615
29067,Douglas,cannabis_med_2018,midterm,yes,0.4639,0.6559,-0.192
29069,Dunklin,cannabis_med_2018,midterm,yes,0.5983,0.6559,-0.0576
29071,Franklin,cannabis_med_2018,midterm,yes,0.6009,0.6559,-0.055
29073,Gasconade,cannabis_med_2018,midterm,yes,0.5406,0.6559,-0.1153
29075,Gentry,cannabis_med_2018,midterm,yes,0.5067,0.6559,-0.1492
29077,Greene,cannabis_med_2018,midterm,yes,0.6335,0.6559,-0.0224
29079,Grundy,cannabis_med_2018,midterm,yes,0.4937,0.6559,-0.1621
29081,Harrison,cannabis_med_2018,midterm,yes,0.4444,0.6559,-0.2115
29083,Henry,cannabis_med_2018,midterm,yes,0.5921,0.6559,-0.0638
29085,Hickory,cannabis_med_2018,midterm,yes,0.5136,0.6559,-0.1422
29087,Holt,cannabis_med_2018,midterm,yes,0.484,0.6559,-0.1719
29089,Howard,cannabis_med_2018,midterm,yes,0.6051,0.6559,-0.0508
29091,Howell,cannabis_med_2018,midterm,yes,0.5113,0.6559,-0.1446
29093,Iron,cannabis_med_2018,midterm,yes,0.5722,0.6559,-0.0837
29095,Jackson,cannabis_med_2018,midterm,yes,0.7029,0.6559,0.047
29097,Jasper,cannabis_med_2018,midterm,yes,0.5885,0.6559,-0.0674
29099,Jefferson,cannabis_med_2018,midterm,yes,0.6725,0.6559,0.0166
29101,Johnson,cannabis_med_2018,midterm,yes,0.644,0.6559,-0.0119
29103,Knox,cannabis_med_2018,midterm,yes,0.5311,0.6559,-0.1248
29105,Laclede,cannabis_med_2018,midterm,yes,0.4858,0.6559,-0.1701
29107,Lafayette,cannabis_med_2018,midterm,yes,0.6217,0.6559,-0.0342
29109,Lawrence,cannabis_med_2018,midterm,yes,0.5273,0.6559,-0.1286
29111,Lewis,cannabis_med_2018,midterm,yes,0.5865,0.6559,-0.0694
29113,Lincoln,cannabis_med_2018,midterm,yes,0.6303,0.6559,-0.0256
29115,Linn,cannabis_med_2018,midterm,yes,0.5275,0.6559,-0.1284
29117,Livingston,cannabis_med_2018,midterm,yes,0.5537,0.6559,-0.1022
29119,McDonald,cannabis_med_2018,midterm,yes,0.5487,0.6559,-0.1072
29121,Macon,cannabis_med_2018,midterm,yes,0.4868,0.6559,-0.1691
29123,Madison,cannabis_med_2018,midterm,yes,0.5944,0.6559,-0.0615
29125,Maries,cannabis_med_2018,midterm,yes,0.5086,0.6559,-0.1473
29127,Marion,cannabis_med_2018,midterm,yes,0.6032,0.6559,-0.0527
29129,Mercer,cannabis_med_2018,midterm,yes,0.4708,0.6559,-0.185
29131,Miller,cannabis_med_2018,midterm,yes,0.5534,0.6559,-0.1025
29133,Mississippi,cannabis_med_2018,midterm,yes,0.6271,0.6559,-0.0288
29135,Moniteau,cannabis_med_2018,midterm,yes,0.5064,0.6559,-0.1494
29137,Monroe,cannabis_med_2018,midterm,yes,0.5794,0.6559,-0.0765
29139,Montgomery,cannabis_med_2018,midterm,yes,0.5705,0.6559,-0.0854
29141,Morgan,cannabis_med_2018,midterm,yes,0.6177,0.6559,-0.0381
29143,New Madrid,cannabis_med_2018,midterm,yes,0.6397,0.6559,-0.0161
29145,Newton,cannabis_med_2018,midterm,yes,0.5337,0.6559,-0.1222
29147,Nodaway,cannabis_med_2018,midterm,yes,0.5296,0.6559,-0.1262
29149,Oregon,cannabis_med_2018,midterm,yes,0.5069,0.6559,-0.149
29151,Osage,cannabis_med_2018,midterm,yes,0.4685,0.6559,-0.1874
29153,Ozark,cannabis_med_2018,midterm,yes,0.515,0.6559,-0.1409
29155,Pemiscot,cannabis_med_2018,midterm,yes,0.6476,0.6559,-0.0083
29157,Perry,cannabis_med_2018,midterm,yes,0.5943,0.6559,-0.0616
29159,Pettis,cannabis_med_2018,midterm,yes,0.6168,0.6559,-0.0391
29161,Phelps,cannabis_med_2018,midterm,yes,0.5945,0.6559,-0.0614
29163,Pike,cannabis_med_2018,midterm,yes,0.5791,0.6559,-0.0767
29165,Platte,cannabis_med_2018,midterm,yes,0.7196,0.6559,0.0637
29167,Polk,cannabis_med_2018,midterm,yes,0.5049,0.6559,-0.151
29169,Pulaski,cannabis_med_2018,midterm,yes,0.5833,0.6559,-0.0726
29171,Putnam,cannabis_med_2018,midterm,yes,0.4995,0.6559,-0.1564
29173,Ralls,cannabis_med_2018,midterm,yes,0.5998,0.6559,-0.0561
29175,Randolph,cannabis_med_2018,midterm,yes,0.6223,0.6559,-0.0336
29177,Ray,cannabis_med_2018,midterm,yes,0.6429,0.6559,-0.013
29179,Reynolds,cannabis_med_2018,midterm,yes,0.613,0.6559,-0.0428
29181,Ripley,cannabis_med_2018,midterm,yes,0.5799,0.6559,-0.076
29183,St. Charles,cannabis_med_2018,midterm,yes,0.6682,0.6559,0.0123
29185,St. Clair,cannabis_med_2018,midterm,yes,0.5218,0.6559,-0.1341
29186,Ste. Genevieve,cannabis_med_2018,midterm,yes,0.6029,0.6559,-0.053
29187,St. Francois,cannabis_med_2018,midterm,yes,0.6531,0.6559,-0.0028
29189,St. Louis County,cannabis_med_2018,midterm,yes,0.7017,0.6559,0.0458
29195,Saline,cannabis_med_2018,midterm,yes,0.6249,0.6559,-0.031
29197,Schuyler,cannabis_med_2018,midterm,yes,0.5382,0.6559,-0.1177
29199,Scotland,cannabis_med_2018,midterm,yes,0.5104,0.6559,-0.1455
29201,Scott,cannabis_med_2018,midterm,yes,0.5828,0.6559,-0.0731
29203,Shannon,cannabis_med_2018,midterm,yes,0.4995,0.6559,-0.1564
29205,Shelby,cannabis_med_2018,midterm,yes,0.4671,0.6559,-0.1888
29207,Stoddard,cannabis_med_2018,midterm,yes,0.5527,0.6559,-0.1032
29209,Stone,cannabis_med_2018,midterm,yes,0.5231,0.6559,-0.1328
29211,Sullivan,cannabis_med_2018,midterm,yes,0.4442,0.6559,-0.2117
29213,Taney,cannabis_med_2018,midterm,yes,0.535,0.6559,-0.1209
29215,Texas,cannabis_med_2018,midterm,yes,0.4936,0.6559,-0.1623
29217,Vernon,cannabis_med_2018,midterm,yes,0.5248,0.6559,-0.1311
29219,Warren,cannabis_med_2018,midterm,yes,0.6179,0.6559,-0.038
29221,Washington,cannabis_med_2018,midterm,yes,0.6138,0.6559,-0.0421
29223,Wayne,cannabis_med_2018,midterm,yes,0.5647,0.6559,-0.0912
29225,Webster,cannabis_med_2018,midterm,yes,0.5345,0.6559,-0.1214
29227,Worth,cannabis_med_2018,midterm,yes,0.4407,0.6559,-0.2152
29229,Wright,cannabis_med_2018,midterm,yes,0.451,0.6559,-0.2049
2938000,Kansas City,cannabis_med_2018,midterm,yes,0.8136,0.6559,0.1577
29510,St. Louis City,cannabis_med_2018,midterm,yes,0.8285,0.6559,0.1726
29001,Adair,bingo_2018,midterm,yes,0.4977,0.5239,-0.0263
29003,Andrew,bingo_2018,midterm,yes,0.4675,0.5239,-0.0564
29005,Atchison,bingo_2018,midterm,yes,0.4598,0.5239,-0.0642
29007,Audrain,bingo_2018,midterm,yes,0.4735,0.5239,-0.0504
29009,Barry,bingo_2018,midterm,yes,0.4675,0.5239,-0.0564
29011,Barton,bingo_2018,midterm,yes,0.3696,0.5239,-0.1543
29013,Bates,bingo_2018,midterm,yes,0.4709,0.5239,-0.0531
29015,Benton,bingo_2018,midterm,yes,0.494,0.5239,-0.03
29017,Bollinger,bingo_2018,midterm,yes,0.4445,0.5239,-0.0794
29019,Boone,bingo_2018,midterm,yes,0.5982,0.5239,0.0743
29021,Buchanan,bingo_2018,midterm,yes,0.5097,0.5239,-0.0143
29023,Butler,bingo_2018,midterm,yes,0.4291,0.5239,-0.0949
29025,Caldwell,bingo_2018,midterm,yes,0.468,0.5239,-0.0559
29027,Callaway,bingo_2018,midterm,yes,0.4827,0.5239,-0.0413
29029,Camden,bingo_2018,midterm,yes,0.5235,0.5239,-0.0004
29031,Cape Girardeau,bingo_2018,midterm,yes,0.543,0.5239,0.019
29033,Carroll,bingo_2018,midterm,yes,0.4206,0.5239,-0.1033
29035,Carter,bingo_2018,midterm,yes,0.3749,0.5239,-0.1491
29037,Cass,bingo_2018,midterm,yes,0.5285,0.5239,0.0046
29039,Cedar,bingo_2018,midterm,yes,0.437,0.5239,-0.0869
29041,Chariton,bingo_2018,midterm,yes,0.5161,0.5239,-0.0079
29043,Christian,bingo_2018,midterm,yes,0.4812,0.5239,-0.0427
29045,Clark,bingo_2018,midterm,yes,0.4152,0.5239,-0.1087
29047,Clay,bingo_2018,midterm,yes,0.5648,0.5239,0.0408
29049,Clinton,bingo_2018,midterm,yes,0.505,0.5239,-0.019
29051,Cole,bingo_2018,midterm,yes,0.5423,0.5239,0.0184
29053,Cooper,bingo_2018,midterm,yes,0.5398,0.5239,0.0159
29055,Crawford,bingo_2018,midterm,yes,0.4669,0.5239,-0.057
29057,Dade,bingo_2018,midterm,yes,0.436,0.5239,-0.0879
29059,Dallas,bingo_2018,midterm,yes,0.4664,0.5239,-0.0575
29061,Daviess,bingo_2018,midterm,yes,0.4687,0.5239,-0.0553
29063,Dekalb,bingo_2018,midterm,yes,0.4586,0.5239,-0.0654
29065,Dent,bingo_2018,midterm,yes,0.4181,0.5239,-0.1058
29067,Douglas,bingo_2018,midterm,yes,0.3765,0.5239,-0.1474
29069,Dunklin,bingo_2018,midterm,yes,0.4315,0.5239,-0.0924
29071,Franklin,bingo_2018,midterm,yes,0.5329,0.5239,0.0089
29073,Gasconade,bingo_2018,midterm,yes,0.4819,0.5239,-0.042
29075,Gentry,bingo_2018,midterm,yes,0.4342,0.5239,-0.0898
29077,Greene,bingo_2018,midterm,yes,0.5472,0.5239,0.0233
29079,Grundy,bingo_2018,midterm,yes,0.4508,0.5239,-0.0731
29081,Harrison,bingo_2018,midterm,yes,0.454,0.5239,-0.07
29083,Henry,bingo_2018,midterm,yes,0.4845,0.5239,-0.0394
29085,Hickory,bingo_2018,midterm,yes,0.4435,0.5239,-0.0804
29087,Holt,bingo_2018,midterm,yes,0.4153,0.5239,-0.1087
29089,Howard,bingo_2018,midterm,yes,0.477,0.5239,-0.047
29091,Howell,bingo_2018,midterm,yes,0.4233,0.5239,-0.1006
29093,Iron,bingo_2018,midterm,yes,0.4139,0.5239,-0.11
29095,Jackson,bingo_2018,midterm,yes,0.5307,0.5239,0.0067
29097,Jasper,bingo_2018,midterm,yes,0.4328,0.5239,-0.0911
29099,Jefferson,bingo_2018,midterm,yes,0.5422,0.5239,0.0182
29101,Johnson,bingo_2018,midterm,yes,0.5576,0.5239,0.0336
29103,Knox,bingo_2018,midterm,yes,0.4041,0.5239,-0.1199
29105,Laclede,bingo_2018,midterm,yes,0.4164,0.5239,-0.1076
29107,Lafayette,bingo_2018,midterm,yes,0.5061,0.5239,-0.0179
29109,Lawrence,bingo_2018,midterm,yes,0.4596,0.5239,-0.0644
29111,Lewis,bingo_2018,midterm,yes,0.4593,0.5239,-0.0646
29113,Lincoln,bingo_2018,midterm,yes,0.5,0.5239,-0.0239
29115,Linn,bingo_2018,midterm,yes,0.4783,0.5239,-0.0456
29117,Livingston,bingo_2018,midterm,yes,0.4554,0.5239,-0.0686
29119,McDonald,bingo_2018,midterm,yes,0.3781,0.5239,-0.1459
29121,Macon,bingo_2018,midterm,yes,0.431,0.5239,-0.0929
29123,Madison,bingo_2018,midterm,yes,0.4395,0.5239,-0.0844
29125,Maries,bingo_2018,midterm,yes,0.4476,0.5239,-0.0763
29127,Marion,bingo_2018,midterm,yes,0.4787,0.5239,-0.0453
29129,Mercer,bingo_2018,midterm,yes,0.442,0.5239,-0.082
29131,Miller,bingo_2018,midterm,yes,0.4703,0.5239,-0.0537
29133,Mississippi,bingo_2018,midterm,yes,0.4506,0.5239,-0.0733
29135,Moniteau,bingo_2018,midterm,yes,0.4318,0.5239,-0.0922
29137,Monroe,bingo_2018,midterm,yes,0.4273,0.5239,-0.0966
29139,Montgomery,bingo_2018,midterm,yes,0.4598,0.5239,-0.0642
29141,Morgan,bingo_2018,midterm,yes,0.4813,0.5239,-0.0426
29143,New Madrid,bingo_2018,midterm,yes,0.4503,0.5239,-0.0737
29145,Newton,bingo_2018,midterm,yes,0.3885,0.5239,-0.1354
29147,Nodaway,bingo_2018,midterm,yes,0.4745,0.5239,-0.0495
29149,Oregon,bingo_2018,midterm,yes,0.406,0.5239,-0.1179
29151,Osage,bingo_2018,midterm,yes,0.483,0.5239,-0.0409
29153,Ozark,bingo_2018,midterm,yes,0.4552,0.5239,-0.0687
29155,Pemiscot,bingo_2018,midterm,yes,0.4421,0.5239,-0.0818
29157,Perry,bingo_2018,midterm,yes,0.5093,0.5239,-0.0146
29159,Pettis,bingo_2018,midterm,yes,0.5176,0.5239,-0.0064
29161,Phelps,bingo_2018,midterm,yes,0.5334,0.5239,0.0095
29163,Pike,bingo_2018,midterm,yes,0.4334,0.5239,-0.0906
29165,Platte,bingo_2018,midterm,yes,0.5655,0.5239,0.0416
29167,Polk,bingo_2018,midterm,yes,0.4586,0.5239,-0.0653
29169,Pulaski,bingo_2018,midterm,yes,0.4982,0.5239,-0.0258
29171,Putnam,bingo_2018,midterm,yes,0.4429,0.5239,-0.0811
29173,Ralls,bingo_2018,midterm,yes,0.4583,0.5239,-0.0657
29175,Randolph,bingo_2018,midterm,yes,0.456,0.5239,-0.0679
29177,Ray,bingo_2018,midterm,yes,0.505,0.5239,-0.0189
29179,Reynolds,bingo_2018,midterm,yes,0.3995,0.5239,-0.1245
29181,Ripley,bingo_2018,midterm,yes,0.4438,0.5239,-0.0801
29183,St. Charles,bingo_2018,midterm,yes,0.5535,0.5239,0.0295
29185,St. Clair,bingo_2018,midterm,yes,0.4401,0.5239,-0.0838
29186,Ste. Genevieve,bingo_2018,midterm,yes,0.5472,0.5239,0.0233
29187,St. Francois,bingo_2018,midterm,yes,0.4922,0.5239,-0.0318
29189,St. Louis County,bingo_2018,midterm,yes,0.5476,0.5239,0.0237
29195,Saline,bingo_2018,midterm,yes,0.519,0.5239,-0.005
29197,Schuyler,bingo_2018,midterm,yes,0.4731,0.5239,-0.0508
29199,Scotland,bingo_2018,midterm,yes,0.4747,0.5239,-0.0492
29201,Scott,bingo_2018,midterm,yes,0.5077,0.5239,-0.0162
29203,Shannon,bingo_2018,midterm,yes,0.3862,0.5239,-0.1378
29205,Shelby,bingo_2018,midterm,yes,0.4071,0.5239,-0.1169
29207,Stoddard,bingo_2018,midterm,yes,0.4289,0.5239,-0.0951
29209,Stone,bingo_2018,midterm,yes,0.4967,0.5239,-0.0272
29211,Sullivan,bingo_2018,midterm,yes,0.4602,0.5239,-0.0638
29213,Taney,bingo_2018,midterm,yes,0.4858,0.5239,-0.0382
29215,Texas,bingo_2018,midterm,yes,0.4542,0.5239,-0.0697
29217,Vernon,bingo_2018,midterm,yes,0.441,0.5239,-0.0829
29219,Warren,bingo_2018,midterm,yes,0.5187,0.5239,-0.0052
29221,Washington,bingo_2018,midterm,yes,0.4365,0.5239,-0.0874
29223,Wayne,bingo_2018,midterm,yes,0.4122,0.5239,-0.1117
29225,Webster,bingo_2018,midterm,yes,0.4491,0.5239,-0.0749
29227,Worth,bingo_2018,midterm,yes,0.4516,0.5239,-0.0724
29229,Wright,bingo_2018,midterm,yes,0.3624,0.5239,-0.1615
2938000,Kansas City,bingo_2018,midterm,yes,0.5713,0.5239,0.0474
29510,St. Louis City,bingo_2018,midterm,yes,0.5972,0.5239,0.0733
29001,Adair,minwage_2018,midterm,yes,0.5694,0.6234,-0.054
29003,Andrew,minwage_2018,midterm,yes,0.4816,0.6234,-0.1417
29005,Atchison,minwage_2018,midterm,yes,0.5389,0.6234,-0.0845
29007,Audrain,minwage_2018,midterm,yes,0.5288,0.6234,-0.0946
29009,Barry,minwage_2018,midterm,yes,0.5234,0.6234,-0.1
29011,Barton,minwage_2018,midterm,yes,0.3562,0.6234,-0.2672
29013,Bates,minwage_2018,midterm,yes,0.5693,0.6234,-0.0541
29015,Benton,minwage_2018,midterm,yes,0.581,0.6234,-0.0423
29017,Bollinger,minwage_2018,midterm,yes,0.4356,0.6234,-0.1877
29019,Boone,minwage_2018,midterm,yes,0.6506,0.6234,0.0272
29021,Buchanan,minwage_2018,midterm,yes,0.5759,0.6234,-0.0475
29023,Butler,minwage_2018,midterm,yes,0.487,0.6234,-0.1363
29025,Caldwell,minwage_2018,midterm,yes,0.5315,0.6234,-0.0919
29027,Callaway,minwage_2018,midterm,yes,0.5116,0.6234,-0.1117
29029,Camden,minwage_2018,midterm,yes,0.571,0.6234,-0.0524
29031,Cape Girardeau,minwage_2018,midterm,yes,0.4852,0.6234,-0.1382
29033,Carroll,minwage_2018,midterm,yes,0.5045,0.6234,-0.1188
29035,Carter,minwage_2018,midterm,yes,0.4738,0.6234,-0.1496
29037,Cass,minwage_2018,midterm,yes,0.6107,0.6234,-0.0127
29039,Cedar,minwage_2018,midterm,yes,0.5053,0.6234,-0.1181
29041,Chariton,minwage_2018,midterm,yes,0.4828,0.6234,-0.1406
29043,Christian,minwage_2018,midterm,yes,0.5128,0.6234,-0.1106
29045,Clark,minwage_2018,midterm,yes,0.5291,0.6234,-0.0943
29047,Clay,minwage_2018,midterm,yes,0.6625,0.6234,0.0392
29049,Clinton,minwage_2018,midterm,yes,0.5732,0.6234,-0.0502
29051,Cole,minwage_2018,midterm,yes,0.5047,0.6234,-0.1187
29053,Cooper,minwage_2018,midterm,yes,0.5011,0.6234,-0.1223
29055,Crawford,minwage_2018,midterm,yes,0.5334,0.6234,-0.09
29057,Dade,minwage_2018,midterm,yes,0.4732,0.6234,-0.1502
29059,Dallas,minwage_2018,midterm,yes,0.4994,0.6234,-0.124
29061,Daviess,minwage_2018,midterm,yes,0.517,0.6234,-0.1064
29063,Dekalb,minwage_2018,midterm,yes,0.4518,0.6234,-0.1715
29065,Dent,minwage_2018,midterm,yes,0.4645,0.6234,-0.1589
29067,Douglas,minwage_2018,midterm,yes,0.4656,0.6234,-0.1577
29069,Dunklin,minwage_2018,midterm,yes,0.5761,0.6234,-0.0473
29071,Franklin,minwage_2018,midterm,yes,0.5617,0.6234,-0.0617
29073,Gasconade,minwage_2018,midterm,yes,0.5258,0.6234,-0.0975
29075,Gentry,minwage_2018,midterm,yes,0.495,0.6234,-0.1283
29077,Greene,minwage_2018,midterm,yes,0.6013,0.6234,-0.0221
29079,Grundy,minwage_2018,midterm,yes,0.4849,0.6234,-0.1385
29081,Harrison,minwage_2018,midterm,yes,0.444,0.6234,-0.1794
29083,Henry,minwage_2018,midterm,yes,0.5821,0.6234,-0.0413
29085,Hickory,minwage_2018,midterm,yes,0.577,0.6234,-0.0464
29087,Holt,minwage_2018,midterm,yes,0.4351,0.6234,-0.1883
29089,Howard,minwage_2018,midterm,yes,0.5148,0.6234,-0.1086
29091,Howell,minwage_2018,midterm,yes,0.4731,0.6234,-0.1503
29093,Iron,minwage_2018,midterm,yes,0.5781,0.6234,-0.0453
29095,Jackson,minwage_2018,midterm,yes,0.6668,0.6234,0.0435
29097,Jasper,minwage_2018,midterm,yes,0.483,0.6234,-0.1404
29099,Jefferson,minwage_2018,midterm,yes,0.5922,0.6234,-0.0312
29101,Johnson,minwage_2018,midterm,yes,0.5724,0.6234,-0.0509
29103,Knox,minwage_2018,midterm,yes,0.4875,0.6234,-0.1359
29105,Laclede,minwage_2018,midterm,yes,0.5055,0.6234,-0.1179
29107,Lafayette,minwage_2018,midterm,yes,0.5649,0.6234,-0.0585
29109,Lawrence,minwage_2018,midterm,yes,0.4982,0.6234,-0.1252
29111,Lewis,minwage_2018,midterm,yes,0.5303,0.6234,-0.093
29113,Lincoln,minwage_2018,midterm,yes,0.5547,0.6234,-0.0687
29115,Linn,minwage_2018,midterm,yes,0.5429,0.6234,-0.0805
29117,Livingston,minwage_2018,midterm,yes,0.5007,0.6234,-0.1227
29119,McDonald,minwage_2018,midterm,yes,0.4955,0.6234,-0.1278
29121,Macon,minwage_2018,midterm,yes,0.5046,0.6234,-0.1188
29123,Madison,minwage_2018,midterm,yes,0.5131,0.6234,-0.1103
29125,Maries,minwage_2018,midterm,yes,0.4889,0.6234,-0.1344
29127,Marion,minwage_2018,midterm,yes,0.5226,0.6234,-0.1007
29129,Mercer,minwage_2018,midterm,yes,0.4396,0.6234,-0.1838
29131,Miller,minwage_2018,midterm,yes,0.5127,0.6234,-0.1107
29133,Mississippi,minwage_2018,midterm,yes,0.6135,0.6234,-0.0099
29135,Moniteau,minwage_2018,midterm,yes,0.4501,0.6234,-0.1732
29137,Monroe,minwage_2018,midterm,yes,0.5129,0.6234,-0.1104
29139,Montgomery,minwage_2018,midterm,yes,0.5477,0.6234,-0.0757
29141,Morgan,minwage_2018,midterm,yes,0.552,0.6234,-0.0714
29143,New Madrid,minwage_2018,midterm,yes,0.6142,0.6234,-0.0091
29145,Newton,minwage_2018,midterm,yes,0.4526,0.6234,-0.1708
29147,Nodaway,minwage_2018,midterm,yes,0.4942,0.6234,-0.1291
29149,Oregon,minwage_2018,midterm,yes,0.5354,0.6234,-0.088
29151,Osage,minwage_2018,midterm,yes,0.4155,0.6234,-0.2079
29153,Ozark,minwage_2018,midterm,yes,0.5437,0.6234,-0.0796
29155,Pemiscot,minwage_2018,midterm,yes,0.6373,0.6234,0.0139
29157,Perry,minwage_2018,midterm,yes,0.4956,0.6234,-0.1277
29159,Pettis,minwage_2018,midterm,yes,0.5463,0.6234,-0.0771
29161,Phelps,minwage_2018,midterm,yes,0.533,0.6234,-0.0904
29163,Pike,minwage_2018,midterm,yes,0.5466,0.6234,-0.0768
29165,Platte,minwage_2018,midterm,yes,0.6556,0.6234,0.0323
29167,Polk,minwage_2018,midterm,yes,0.4896,0.6234,-0.1338
29169,Pulaski,minwage_2018,midterm,yes,0.5573,0.6234,-0.0661
29171,Putnam,minwage_2018,midterm,yes,0.5024,0.6234,-0.1209
29173,Ralls,minwage_2018,midterm,yes,0.497,0.6234,-0.1264
29175,Randolph,minwage_2018,midterm,yes,0.5077,0.6234,-0.1157
29177,Ray,minwage_2018,midterm,yes,0.6095,0.6234,-0.0139
29179,Reynolds,minwage_2018,midterm,yes,0.5481,0.6234,-0.0753
29181,Ripley,minwage_2018,midterm,yes,0.5024,0.6234,-0.121
29183,St. Charles,minwage_2018,midterm,yes,0.6142,0.6234,-0.0092
29185,St. Clair,minwage_2018,midterm,yes,0.5587,0.6234,-0.0647
29186,Ste. Genevieve,minwage_2018,midterm,yes,0.5814,0.6234,-0.042
29187,St. Francois,minwage_2018,midterm,yes,0.5696,0.6234,-0.0538
29189,St. Louis County,minwage_2018,midterm,yes,0.7061,0.6234,0.0827
29195,Saline,minwage_2018,midterm,yes,0.5685,0.6234,-0.0549
29197,Schuyler,minwage_2018,midterm,yes,0.5175,0.6234,-0.1059
29199,Scotland,minwage_2018,midterm,yes,0.5202,0.6234,-0.1032
29201,Scott,minwage_2018,midterm,yes,0.5088,0.6234,-0.1146
29203,Shannon,minwage_2018,midterm,yes,0.4954,0.6234,-0.1279
29205,Shelby,minwage_2018,midterm,yes,0.4388,0.6234,-0.1846
29207,Stoddard,minwage_2018,midterm,yes,0.4844,0.6234,-0.1389
29209,Stone,minwage_2018,midterm,yes,0.5825,0.6234,-0.0409
29211,Sullivan,minwage_2018,midterm,yes,0.5008,0.6234,-0.1226
29213,Taney,minwage_2018,midterm,yes,0.6025,0.6234,-0.0209
29215,Texas,minwage_2018,midterm,yes,0.4811,0.6234,-0.1422
29217,Vernon,minwage_2018,midterm,yes,0.5026,0.6234,-0.1207
29219,Warren,minwage_2018,midterm,yes,0.5571,0.6234,-0.0663
29221,Washington,minwage_2018,midterm,yes,0.5726,0.6234,-0.0508
29223,Wayne,minwage_2018,midterm,yes,0.5252,0.6234,-0.0982
29225,Webster,minwage_2018,midterm,yes,0.5,0.6234,-0.1233
29227,Worth,minwage_2018,midterm,yes,0.4599,0.6234,-0.1634
29229,Wright,minwage_2018,midterm,yes,0.4327,0.6234,-0.1906
2938000,Kansas City,minwage_2018,midterm,yes,0.8365,0.6234,0.2131
29510,St. Louis City,minwage_2018,midterm,yes,0.8558,0.6234,0.2324
29001,Adair,gastax_2018,midterm,yes,0.4637,0.464,-0.0003
29003,Andrew,gastax_2018,midterm,yes,0.493,0.464,0.029
29005,Atchison,gastax_2018,midterm,yes,0.4707,0.464,0.0067
29007,Audrain,gastax_2018,midterm,yes,0.4438,0.464,-0.0202
29009,Barry,gastax_2018,midterm,yes,0.3777,0.464,-0.0863
29011,Barton,gastax_2018,midterm,yes,0.3702,0.464,-0.0938
29013,Bates,gastax_2018,midterm,yes,0.4369,0.464,-0.027
29015,Benton,gastax_2018,midterm,yes,0.411,0.464,-0.053
29017,Bollinger,gastax_2018,midterm,yes,0.3369,0.464,-0.1271
29019,Boone,gastax_2018,midterm,yes,0.5584,0.464,0.0944
29021,Buchanan,gastax_2018,midterm,yes,0.5138,0.464,0.0498
29023,Butler,gastax_2018,midterm,yes,0.341,0.464,-0.123
29025,Caldwell,gastax_2018,midterm,yes,0.4265,0.464,-0.0375
29027,Callaway,gastax_2018,midterm,yes,0.4431,0.464,-0.0208
29029,Camden,gastax_2018,midterm,yes,0.4318,0.464,-0.0322
29031,Cape Girardeau,gastax_2018,midterm,yes,0.4781,0.464,0.0141
29033,Carroll,gastax_2018,midterm,yes,0.4588,0.464,-0.0051
29035,Carter,gastax_2018,midterm,yes,0.2658,0.464,-0.1982
29037,Cass,gastax_2018,midterm,yes,0.4735,0.464,0.0095
29039,Cedar,gastax_2018,midterm,yes,0.4221,0.464,-0.0419
29041,Chariton,gastax_2018,midterm,yes,0.4584,0.464,-0.0056
29043,Christian,gastax_2018,midterm,yes,0.4307,0.464,-0.0333
29045,Clark,gastax_2018,midterm,yes,0.378,0.464,-0.086
29047,Clay,gastax_2018,midterm,yes,0.5141,0.464,0.0501
29049,Clinton,gastax_2018,midterm,yes,0.446,0.464,-0.018
29051,Cole,gastax_2018,midterm,yes,0.5185,0.464,0.0545
29053,Cooper,gastax_2018,midterm,yes,0.4671,0.464,0.0032
29055,Crawford,gastax_2018,midterm,yes,0.3475,0.464,-0.1165
29057,Dade,gastax_2018,midterm,yes,0.4071,0.464,-0.0569
29059,Dallas,gastax_2018,midterm,yes,0.3893,0.464,-0.0747
29061,Daviess,gastax_2018,midterm,yes,0.4185,0.464,-0.0455
29063,Dekalb,gastax_2018,midterm,yes,0.3922,0.464,-0.0717
29065,Dent,gastax_2018,midterm,yes,0.2972,0.464,-0.1668
29067,Douglas,gastax_2018,midterm,yes,0.2783,0.464,-0.1857
29069,Dunklin,gastax_2018,midterm,yes,0.3543,0.464,-0.1097
29071,Franklin,gastax_2018,midterm,yes,0.4569,0.464,-0.007
29073,Gasconade,gastax_2018,midterm,yes,0.4281,0.464,-0.0359
29075,Gentry,gastax_2018,midterm,yes,0.4404,0.464,-0.0236
29077,Greene,gastax_2018,midterm,yes,0.4815,0.464,0.0175
29079,Grundy,gastax_2018,midterm,yes,0.4219,0.464,-0.0421
29081,Harrison,gastax_2018,midterm,yes,0.4552,0.464,-0.0088
29083,Henry,gastax_2018,midterm,yes,0.4598,0.464,-0.0042
29085,Hickory,gastax_2018,midterm,yes,0.3635,0.464,-0.1005
29087,Holt,gastax_2018,midterm,yes,0.485,0.464,0.021
29089,Howard,gastax_2018,midterm,yes,0.4344,0.464,-0.0296
29091,Howell,gastax_2018,midterm,yes,0.375,0.464,-0.089
29093,Iron,gastax_2018,midterm,yes,0.3279,0.464,-0.1361
29095,Jackson,gastax_2018,midterm,yes,0.4817,0.464,0.0177
29097,Jasper,gastax_2018,midterm,yes,0.3879,0.464,-0.0761
29099,Jefferson,gastax_2018,midterm,yes,0.4215,0.464,-0.0425
29101,Johnson,gastax_2018,midterm,yes,0.4876,0.464,0.0236
29103,Knox,gastax_2018,midterm,yes,0.4201,0.464,-0.0439
29105,Laclede,gastax_2018,midterm,yes,0.3494,0.464,-0.1146
29107,Lafayette,gastax_2018,midterm,yes,0.4907,0.464,0.0267
29109,Lawrence,gastax_2018,midterm,yes,0.3988,0.464,-0.0652
29111,Lewis,gastax_2018,midterm,yes,0.4093,0.464,-0.0547
29113,Lincoln,gastax_2018,midterm,yes,0.3785,0.464,-0.0855
29115,Linn,gastax_2018,midterm,yes,0.4441,0.464,-0.0199
29117,Livingston,gastax_2018,midterm,yes,0.4776,0.464,0.0136
29119,McDonald,gastax_2018,midterm,yes,0.3133,0.464,-0.1507
29121,Macon,gastax_2018,midterm,yes,0.3992,0.464,-0.0648
29123,Madison,gastax_2018,midterm,yes,0.3553,0.464,-0.1087
29125,Maries,gastax_2018,midterm,yes,0.3747,0.464,-0.0893
29127,Marion,gastax_2018,midterm,yes,0.445,0.464,-0.019
29129,Mercer,gastax_2018,midterm,yes,0.3627,0.464,-0.1013
29131,Miller,gastax_2018,midterm,yes,0.4021,0.464,-0.0619
29133,Mississippi,gastax_2018,midterm,yes,0.2625,0.464,-0.2014
29135,Moniteau,gastax_2018,midterm,yes,0.4071,0.464,-0.0569
29137,Monroe,gastax_2018,midterm,yes,0.421,0.464,-0.043
29139,Montgomery,gastax_2018,midterm,yes,0.5,0.464,0.036
29141,Morgan,gastax_2018,midterm,yes,0.3908,0.464,-0.0732
29143,New Madrid,gastax_2018,midterm,yes,0.3645,0.464,-0.0995
29145,Newton,gastax_2018,midterm,yes,0.372,0.464,-0.092
29147,Nodaway,gastax_2018,midterm,yes,0.4732,0.464,0.0092
29149,Oregon,gastax_2018,midterm,yes,0.342,0.464,-0.122
29151,Osage,gastax_2018,midterm,yes,0.4694,0.464,0.0055
29153,Ozark,gastax_2018,midterm,yes,0.3266,0.464,-0.1374
29155,Pemiscot,gastax_2018,midterm,yes,0.3551,0.464,-0.1089
29157,Perry,gastax_2018,midterm,yes,0.4864,0.464,0.0224
29159,Pettis,gastax_2018,midterm,yes,0.4817,0.464,0.0177
29161,Phelps,gastax_2018,midterm,yes,0.4409,0.464,-0.0231
29163,Pike,gastax_2018,midterm,yes,0.4127,0.464,-0.0513
29165,Platte,gastax_2018,midterm,yes,0.5294,0.464,0.0654
29167,Polk,gastax_2018,midterm,yes,0.4104,0.464,-0.0536
29169,Pulaski,gastax_2018,midterm,yes,0.4271,0.464,-0.0369
29171,Putnam,gastax_2018,midterm,yes,0.4467,0.464,-0.0173
29173,Ralls,gastax_2018,midterm,yes,0.3661,0.464,-0.0978
29175,Randolph,gastax_2018,midterm,yes,0.4408,0.464,-0.0232
29177,Ray,gastax_2018,midterm,yes,0.4259,0.464,-0.0381
29179,Reynolds,gastax_2018,midterm,yes,0.2787,0.464,-0.1853
29181,Ripley,gastax_2018,midterm,yes,0.3263,0.464,-0.1377
29183,St. Charles,gastax_2018,midterm,yes,0.4781,0.464,0.0141
29185,St. Clair,gastax_2018,midterm,yes,0.3687,0.464,-0.0953
29186,Ste. Genevieve,gastax_2018,midterm,yes,0.4581,0.464,-0.0059
29187,St. Francois,gastax_2018,midterm,yes,0.4213,0.464,-0.0427
29189,St. Louis County,gastax_2018,midterm,yes,0.4741,0.464,0.0101
29195,Saline,gastax_2018,midterm,yes,0.4673,0.464,0.0034
29197,Schuyler,gastax_2018,midterm,yes,0.3557,0.464,-0.1083
29199,Scotland,gastax_2018,midterm,yes,0.4828,0.464,0.0188
29201,Scott,gastax_2018,midterm,yes,0.3725,0.464,-0.0915
29203,Shannon,gastax_2018,midterm,yes,0.2727,0.464,-0.1913
29205,Shelby,gastax_2018,midterm,yes,0.4379,0.464,-0.026
29207,Stoddard,gastax_2018,midterm,yes,0.3412,0.464,-0.1228
29209,Stone,gastax_2018,midterm,yes,0.4476,0.464,-0.0164
29211,Sullivan,gastax_2018,midterm,yes,0.3782,0.464,-0.0858
29213,Taney,gastax_2018,midterm,yes,0.4327,0.464,-0.0313
29215,Texas,gastax_2018,midterm,yes,0.3191,0.464,-0.1449
29217,Vernon,gastax_2018,midterm,yes,0.3639,0.464,-0.1001
29219,Warren,gastax_2018,midterm,yes,0.4519,0.464,-0.0121
29221,Washington,gastax_2018,midterm,yes,0.3295,0.464,-0.1345
29223,Wayne,gastax_2018,midterm,yes,0.2928,0.464,-0.1711
29225,Webster,gastax_2018,midterm,yes,0.3854,0.464,-0.0786
29227,Worth,gastax_2018,midterm,yes,0.4732,0.464,0.0092
29229,Wright,gastax_2018,midterm,yes,0.282,0.464,-0.182
2938000,Kansas City,gastax_2018,midterm,yes,0.5877,0.464,0.1237
29510,St. Louis City,gastax_2018,midterm,yes,0.5232,0.464,0.0592
29001,Adair,termlimits_2020,presidential,yes,0.4565,0.4716,-0.0152
29003,Andrew,termlimits_2020,presidential,yes,0.5212,0.4716,0.0495
29005,Atchison,termlimits_2020,presidential,yes,0.518,0.4716,0.0464
29007,Audrain,termlimits_2020,presidential,yes,0.4957,0.4716,0.024
29009,Barry,termlimits_2020,presidential,yes,0.5109,0.4716,0.0393
29011,Barton,termlimits_2020,presidential,yes,0.5474,0.4716,0.0757
29013,Bates,termlimits_2020,presidential,yes,0.4646,0.4716,-0.007
29015,Benton,termlimits_2020,presidential,yes,0.478,0.4716,0.0063
29017,Bollinger,termlimits_2020,presidential,yes,0.4956,0.4716,0.0239
29019,Boone,termlimits_2020,presidential,yes,0.4652,0.4716,-0.0064
29021,Buchanan,termlimits_2020,presidential,yes,0.5104,0.4716,0.0388
29023,Butler,termlimits_2020,presidential,yes,0.4832,0.4716,0.0116
29025,Caldwell,termlimits_2020,presidential,yes,0.504,0.4716,0.0324
29027,Callaway,termlimits_2020,presidential,yes,0.4789,0.4716,0.0073
29029,Camden,termlimits_2020,presidential,yes,0.49,0.4716,0.0184
29031,Cape Girardeau,termlimits_2020,presidential,yes,0.503,0.4716,0.0314
29033,Carroll,termlimits_2020,presidential,yes,0.5112,0.4716,0.0396
29035,Carter,termlimits_2020,presidential,yes,0.4499,0.4716,-0.0218
29037,Cass,termlimits_2020,presidential,yes,0.4598,0.4716,-0.0119
29039,Cedar,termlimits_2020,presidential,yes,0.5114,0.4716,0.0397
29041,Chariton,termlimits_2020,presidential,yes,0.4873,0.4716,0.0157
29043,Christian,termlimits_2020,presidential,yes,0.5025,0.4716,0.0309
29045,Clark,termlimits_2020,presidential,yes,0.485,0.4716,0.0133
29047,Clay,termlimits_2020,presidential,yes,0.4625,0.4716,-0.0092
29049,Clinton,termlimits_2020,presidential,yes,0.491,0.4716,0.0193
29051,Cole,termlimits_2020,presidential,yes,0.495,0.4716,0.0234
29053,Cooper,termlimits_2020,presidential,yes,0.5393,0.4716,0.0677
29055,Crawford,termlimits_2020,presidential,yes,0.4626,0.4716,-0.0091
29057,Dade,termlimits_2020,presidential,yes,0.4985,0.4716,0.0268
29059,Dallas,termlimits_2020,presidential,yes,0.5196,0.4716,0.048
29061,Daviess,termlimits_2020,presidential,yes,0.5352,0.4716,0.0636
29063,Dekalb,termlimits_2020,presidential,yes,0.5319,0.4716,0.0602
29065,Dent,termlimits_2020,presidential,yes,0.4915,0.4716,0.0199
29067,Douglas,termlimits_2020,presidential,yes,0.4946,0.4716,0.023
29069,Dunklin,termlimits_2020,presidential,yes,0.5053,0.4716,0.0337
29071,Franklin,termlimits_2020,presidential,yes,0.4379,0.4716,-0.0338
29073,Gasconade,termlimits_2020,presidential,yes,0.4573,0.4716,-0.0143
29075,Gentry,termlimits_2020,presidential,yes,0.5055,0.4716,0.0339
29077,Greene,termlimits_2020,presidential,yes,0.5044,0.4716,0.0328
29079,Grundy,termlimits_2020,presidential,yes,0.5152,0.4716,0.0435
29081,Harrison,termlimits_2020,presidential,yes,0.5628,0.4716,0.0912
29083,Henry,termlimits_2020,presidential,yes,0.4881,0.4716,0.0165
29085,Hickory,termlimits_2020,presidential,yes,0.5062,0.4716,0.0346
29087,Holt,termlimits_2020,presidential,yes,0.5558,0.4716,0.0841
29089,Howard,termlimits_2020,presidential,yes,0.4887,0.4716,0.017
29091,Howell,termlimits_2020,presidential,yes,0.504,0.4716,0.0324
29093,Iron,termlimits_2020,presidential,yes,0.4696,0.4716,-0.002
29095,Jackson,termlimits_2020,presidential,yes,0.4706,0.4716,-0.001
29097,Jasper,termlimits_2020,presidential,yes,0.4979,0.4716,0.0263
29099,Jefferson,termlimits_2020,presidential,yes,0.4302,0.4716,-0.0415
29101,Johnson,termlimits_2020,presidential,yes,0.5062,0.4716,0.0345
29103,Knox,termlimits_2020,presidential,yes,0.5086,0.4716,0.0369
29105,Laclede,termlimits_2020,presidential,yes,0.5567,0.4716,0.0851
29107,Lafayette,termlimits_2020,presidential,yes,0.4883,0.4716,0.0166
29109,Lawrence,termlimits_2020,presidential,yes,0.5341,0.4716,0.0624
29111,Lewis,termlimits_2020,presidential,yes,0.5221,0.4716,0.0505
29113,Lincoln,termlimits_2020,presidential,yes,0.4383,0.4716,-0.0333
29115,Linn,termlimits_2020,presidential,yes,0.53,0.4716,0.0584
29117,Livingston,termlimits_2020,presidential,yes,0.5028,0.4716,0.0311
29119,McDonald,termlimits_2020,presidential,yes,0.4713,0.4716,-0.0003
29121,Macon,termlimits_2020,presidential,yes,0.5324,0.4716,0.0608
29123,Madison,termlimits_2020,presidential,yes,0.4684,0.4716,-0.0033
29125,Maries,termlimits_2020,presidential,yes,0.4659,0.4716,-0.0057
29127,Marion,termlimits_2020,presidential,yes,0.524,0.4716,0.0524
29129,Mercer,termlimits_2020,presidential,yes,0.543,0.4716,0.0714
29131,Miller,termlimits_2020,presidential,yes,0.5293,0.4716,0.0577
29133,Mississippi,termlimits_2020,presidential,yes,0.4856,0.4716,0.014
29135,Moniteau,termlimits_2020,presidential,yes,0.5103,0.4716,0.0386
29137,Monroe,termlimits_2020,presidential,yes,0.4876,0.4716,0.016
29139,Montgomery,termlimits_2020,presidential,yes,0.4506,0.4716,-0.0211
29141,Morgan,termlimits_2020,presidential,yes,0.4842,0.4716,0.0126
29143,New Madrid,termlimits_2020,presidential,yes,0.4834,0.4716,0.0117
29145,Newton,termlimits_2020,presidential,yes,0.4886,0.4716,0.017
29147,Nodaway,termlimits_2020,presidential,yes,0.4919,0.4716,0.0203
29149,Oregon,termlimits_2020,presidential,yes,0.4803,0.4716,0.0086
29151,Osage,termlimits_2020,presidential,yes,0.4957,0.4716,0.0241
29153,Ozark,termlimits_2020,presidential,yes,0.5033,0.4716,0.0316
29155,Pemiscot,termlimits_2020,presidential,yes,0.5174,0.4716,0.0457
29157,Perry,termlimits_2020,presidential,yes,0.4888,0.4716,0.0171
29159,Pettis,termlimits_2020,presidential,yes,0.4804,0.4716,0.0087
29161,Phelps,termlimits_2020,presidential,yes,0.482,0.4716,0.0103
29163,Pike,termlimits_2020,presidential,yes,0.4407,0.4716,-0.0309
29165,Platte,termlimits_2020,presidential,yes,0.4915,0.4716,0.0199
29167,Polk,termlimits_2020,presidential,yes,0.5196,0.4716,0.0479
29169,Pulaski,termlimits_2020,presidential,yes,0.485,0.4716,0.0133
29171,Putnam,termlimits_2020,presidential,yes,0.5053,0.4716,0.0336
29173,Ralls,termlimits_2020,presidential,yes,0.503,0.4716,0.0314
29175,Randolph,termlimits_2020,presidential,yes,0.4946,0.4716,0.0229
29177,Ray,termlimits_2020,presidential,yes,0.4549,0.4716,-0.0167
29179,Reynolds,termlimits_2020,presidential,yes,0.4539,0.4716,-0.0177
29181,Ripley,termlimits_2020,presidential,yes,0.4976,0.4716,0.0259
29183,St. Charles,termlimits_2020,presidential,yes,0.4401,0.4716,-0.0315
29185,St. Clair,termlimits_2020,presidential,yes,0.5274,0.4716,0.0557
29186,Ste. Genevieve,termlimits_2020,presidential,yes,0.4508,0.4716,-0.0209
29187,St. Francois,termlimits_2020,presidential,yes,0.4534,0.4716,-0.0182
29189,St. Louis County,termlimits_2020,presidential,yes,0.4638,0.4716,-0.0079
29195,Saline,termlimits_2020,presidential,yes,0.4794,0.4716,0.0078
29197,Schuyler,termlimits_2020,presidential,yes,0.4941,0.4716,0.0225
29199,Scotland,termlimits_2020,presidential,yes,0.4713,0.4716,-0.0003
29201,Scott,termlimits_2020,presidential,yes,0.5008,0.4716,0.0292
29203,Shannon,termlimits_2020,presidential,yes,0.4624,0.4716,-0.0092
29205,Shelby,termlimits_2020,presidential,yes,0.4895,0.4716,0.0179
29207,Stoddard,termlimits_2020,presidential,yes,0.5133,0.4716,0.0416
29209,Stone,termlimits_2020,presidential,yes,0.5067,0.4716,0.0351
29211,Sullivan,termlimits_2020,presidential,yes,0.4482,0.4716,-0.0234
29213,Taney,termlimits_2020,presidential,yes,0.5193,0.4716,0.0477
29215,Texas,termlimits_2020,presidential,yes,0.5014,0.4716,0.0298
29217,Vernon,termlimits_2020,presidential,yes,0.5286,0.4716,0.057
29219,Warren,termlimits_2020,presidential,yes,0.4268,0.4716,-0.0448
29221,Washington,termlimits_2020,presidential,yes,0.4526,0.4716,-0.019
29223,Wayne,termlimits_2020,presidential,yes,0.4776,0.4716,0.006
29225,Webster,termlimits_2020,presidential,yes,0.5164,0.4716,0.0447
29227,Worth,termlimits_2020,presidential,yes,0.5298,0.4716,0.0582
29229,Wright,termlimits_2020,presidential,yes,0.4863,0.4716,0.0146
2938000,Kansas City,termlimits_2020,presidential,yes,0.4173,0.4716,-0.0543
29510,St. Louis City,termlimits_2020,presidential,yes,0.4388,0.4716,-0.0328
29001,Adair,cleanmo_repeal_2020,presidential,no,0.4717,0.4899,-0.0182
29003,Andrew,cleanmo_repeal_2020,presidential,no,0.4167,0.4899,-0.0732
29005,Atchison,cleanmo_repeal_2020,presidential,no,0.3464,0.4899,-0.1435
29007,Audrain,cleanmo_repeal_2020,presidential,no,0.403,0.4899,-0.0869
29009,Barry,cleanmo_repeal_2020,presidential,no,0.375,0.4899,-0.1148
29011,Barton,cleanmo_repeal_2020,presidential,no,0.287,0.4899,-0.2029
29013,Bates,cleanmo_repeal_2020,presidential,no,0.3876,0.4899,-0.1023
29015,Benton,cleanmo_repeal_2020,presidential,no,0.417,0.4899,-0.0729
29017,Bollinger,cleanmo_repeal_2020,presidential,no,0.3068,0.4899,-0.1831
29019,Boone,cleanmo_repeal_2020,presidential,no,0.5862,0.4899,0.0963
29021,Buchanan,cleanmo_repeal_2020,presidential,no,0.5029,0.4899,0.013
29023,Butler,cleanmo_repeal_2020,presidential,no,0.3824,0.4899,-0.1075
29025,Caldwell,cleanmo_repeal_2020,presidential,no,0.3757,0.4899,-0.1142
29027,Callaway,cleanmo_repeal_2020,presidential,no,0.4414,0.4899,-0.0484
29029,Camden,cleanmo_repeal_2020,presidential,no,0.3945,0.4899,-0.0953
29031,Cape Girardeau,cleanmo_repeal_2020,presidential,no,0.377,0.4899,-0.1128
29033,Carroll,cleanmo_repeal_2020,presidential,no,0.3306,0.4899,-0.1593
29035,Carter,cleanmo_repeal_2020,presidential,no,0.3811,0.4899,-0.1087
29037,Cass,cleanmo_repeal_2020,presidential,no,0.4661,0.4899,-0.0237
29039,Cedar,cleanmo_repeal_2020,presidential,no,0.3581,0.4899,-0.1317
29041,Chariton,cleanmo_repeal_2020,presidential,no,0.363,0.4899,-0.1268
29043,Christian,cleanmo_repeal_2020,presidential,no,0.4135,0.4899,-0.0764
29045,Clark,cleanmo_repeal_2020,presidential,no,0.4237,0.4899,-0.0662
29047,Clay,cleanmo_repeal_2020,presidential,no,0.5027,0.4899,0.0128
29049,Clinton,cleanmo_repeal_2020,presidential,no,0.4502,0.4899,-0.0397
29051,Cole,cleanmo_repeal_2020,presidential,no,0.457,0.4899,-0.0329
29053,Cooper,cleanmo_repeal_2020,presidential,no,0.4224,0.4899,-0.0675
29055,Crawford,cleanmo_repeal_2020,presidential,no,0.3948,0.4899,-0.0951
29057,Dade,cleanmo_repeal_2020,presidential,no,0.3777,0.4899,-0.1121
29059,Dallas,cleanmo_repeal_2020,presidential,no,0.3617,0.4899,-0.1281
29061,Daviess,cleanmo_repeal_2020,presidential,no,0.3874,0.4899,-0.1024
29063,Dekalb,cleanmo_repeal_2020,presidential,no,0.3581,0.4899,-0.1317
29065,Dent,cleanmo_repeal_2020,presidential,no,0.3581,0.4899,-0.1318
29067,Douglas,cleanmo_repeal_2020,presidential,no,0.3753,0.4899,-0.1146
29069,Dunklin,cleanmo_repeal_2020,presidential,no,0.415,0.4899,-0.0749
29071,Franklin,cleanmo_repeal_2020,presidential,no,0.4625,0.4899,-0.0274
29073,Gasconade,cleanmo_repeal_2020,presidential,no,0.4093,0.4899,-0.0806
29075,Gentry,cleanmo_repeal_2020,presidential,no,0.3628,0.4899,-0.1271
29077,Greene,cleanmo_repeal_2020,presidential,no,0.5127,0.4899,0.0228
29079,Grundy,cleanmo_repeal_2020,presidential,no,0.3596,0.4899,-0.1303
29081,Harrison,cleanmo_repeal_2020,presidential,no,0.3166,0.4899,-0.1733
29083,Henry,cleanmo_repeal_2020,presidential,no,0.4304,0.4899,-0.0595
29085,Hickory,cleanmo_repeal_2020,presidential,no,0.3928,0.4899,-0.097
29087,Holt,cleanmo_repeal_2020,presidential,no,0.2834,0.4899,-0.2065
29089,Howard,cleanmo_repeal_2020,presidential,no,0.4399,0.4899,-0.0499
29091,Howell,cleanmo_repeal_2020,presidential,no,0.3792,0.4899,-0.1106
29093,Iron,cleanmo_repeal_2020,presidential,no,0.3945,0.4899,-0.0954
29095,Jackson,cleanmo_repeal_2020,presidential,no,0.5103,0.4899,0.0204
29097,Jasper,cleanmo_repeal_2020,presidential,no,0.3809,0.4899,-0.109
29099,Jefferson,cleanmo_repeal_2020,presidential,no,0.4875,0.4899,-0.0024
29101,Johnson,cleanmo_repeal_2020,presidential,no,0.4533,0.4899,-0.0366
29103,Knox,cleanmo_repeal_2020,presidential,no,0.3779,0.4899,-0.1119
29105,Laclede,cleanmo_repeal_2020,presidential,no,0.3113,0.4899,-0.1786
29107,Lafayette,cleanmo_repeal_2020,presidential,no,0.4409,0.4899,-0.0489
29109,Lawrence,cleanmo_repeal_2020,presidential,no,0.3897,0.4899,-0.1002
29111,Lewis,cleanmo_repeal_2020,presidential,no,0.3601,0.4899,-0.1298
29113,Lincoln,cleanmo_repeal_2020,presidential,no,0.3936,0.4899,-0.0963
29115,Linn,cleanmo_repeal_2020,presidential,no,0.347,0.4899,-0.1428
29117,Livingston,cleanmo_repeal_2020,presidential,no,0.3837,0.4899,-0.1062
29119,McDonald,cleanmo_repeal_2020,presidential,no,0.3658,0.4899,-0.1241
29121,Macon,cleanmo_repeal_2020,presidential,no,0.3425,0.4899,-0.1473
29123,Madison,cleanmo_repeal_2020,presidential,no,0.3929,0.4899,-0.0969
29125,Maries,cleanmo_repeal_2020,presidential,no,0.3846,0.4899,-0.1053
29127,Marion,cleanmo_repeal_2020,presidential,no,0.3766,0.4899,-0.1133
29129,Mercer,cleanmo_repeal_2020,presidential,no,0.2209,0.4899,-0.269
29131,Miller,cleanmo_repeal_2020,presidential,no,0.3368,0.4899,-0.1531
29133,Mississippi,cleanmo_repeal_2020,presidential,no,0.347,0.4899,-0.1429
29135,Moniteau,cleanmo_repeal_2020,presidential,no,0.3573,0.4899,-0.1326
29137,Monroe,cleanmo_repeal_2020,presidential,no,0.3772,0.4899,-0.1127
29139,Montgomery,cleanmo_repeal_2020,presidential,no,0.3625,0.4899,-0.1273
29141,Morgan,cleanmo_repeal_2020,presidential,no,0.3839,0.4899,-0.106
29143,New Madrid,cleanmo_repeal_2020,presidential,no,0.3768,0.4899,-0.1131
29145,Newton,cleanmo_repeal_2020,presidential,no,0.3648,0.4899,-0.1251
29147,Nodaway,cleanmo_repeal_2020,presidential,no,0.3744,0.4899,-0.1155
29149,Oregon,cleanmo_repeal_2020,presidential,no,0.4205,0.4899,-0.0694
29151,Osage,cleanmo_repeal_2020,presidential,no,0.3395,0.4899,-0.1504
29153,Ozark,cleanmo_repeal_2020,presidential,no,0.3764,0.4899,-0.1135
29155,Pemiscot,cleanmo_repeal_2020,presidential,no,0.4209,0.4899,-0.0689
29157,Perry,cleanmo_repeal_2020,presidential,no,0.33,0.4899,-0.1598
29159,Pettis,cleanmo_repeal_2020,presidential,no,0.4357,0.4899,-0.0542
29161,Phelps,cleanmo_repeal_2020,presidential,no,0.4125,0.4899,-0.0774
29163,Pike,cleanmo_repeal_2020,presidential,no,0.391,0.4899,-0.0988
29165,Platte,cleanmo_repeal_2020,presidential,no,0.506,0.4899,0.0162
29167,Polk,cleanmo_repeal_2020,presidential,no,0.4012,0.4899,-0.0887
29169,Pulaski,cleanmo_repeal_2020,presidential,no,0.3853,0.4899,-0.1046
29171,Putnam,cleanmo_repeal_2020,presidential,no,0.3124,0.4899,-0.1775
29173,Ralls,cleanmo_repeal_2020,presidential,no,0.3925,0.4899,-0.0974
29175,Randolph,cleanmo_repeal_2020,presidential,no,0.3977,0.4899,-0.0922
29177,Ray,cleanmo_repeal_2020,presidential,no,0.4559,0.4899,-0.034
29179,Reynolds,cleanmo_repeal_2020,presidential,no,0.3555,0.4899,-0.1344
29181,Ripley,cleanmo_repeal_2020,presidential,no,0.3641,0.4899,-0.1257
29183,St. Charles,cleanmo_repeal_2020,presidential,no,0.4706,0.4899,-0.0192
29185,St. Clair,cleanmo_repeal_2020,presidential,no,0.3825,0.4899,-0.1074
29186,Ste. Genevieve,cleanmo_repeal_2020,presidential,no,0.442,0.4899,-0.0479
29187,St. Francois,cleanmo_repeal_2020,presidential,no,0.4022,0.4899,-0.0877
29189,St. Louis County,cleanmo_repeal_2020,presidential,no,0.5873,0.4899,0.0975
29195,Saline,cleanmo_repeal_2020,presidential,no,0.4503,0.4899,-0.0396
29197,Schuyler,cleanmo_repeal_2020,presidential,no,0.3861,0.4899,-0.1038
29199,Scotland,cleanmo_repeal_2020,presidential,no,0.449,0.4899,-0.0409
29201,Scott,cleanmo_repeal_2020,presidential,no,0.3526,0.4899,-0.1373
29203,Shannon,cleanmo_repeal_2020,presidential,no,0.3966,0.4899,-0.0933
29205,Shelby,cleanmo_repeal_2020,presidential,no,0.3727,0.4899,-0.1171
29207,Stoddard,cleanmo_repeal_2020,presidential,no,0.3533,0.4899,-0.1366
29209,Stone,cleanmo_repeal_2020,presidential,no,0.4119,0.4899,-0.078
29211,Sullivan,cleanmo_repeal_2020,presidential,no,0.2837,0.4899,-0.2062
29213,Taney,cleanmo_repeal_2020,presidential,no,0.4005,0.4899,-0.0894
29215,Texas,cleanmo_repeal_2020,presidential,no,0.3621,0.4899,-0.1277
29217,Vernon,cleanmo_repeal_2020,presidential,no,0.4108,0.4899,-0.0791
29219,Warren,cleanmo_repeal_2020,presidential,no,0.4112,0.4899,-0.0786
29221,Washington,cleanmo_repeal_2020,presidential,no,0.3895,0.4899,-0.1003
29223,Wayne,cleanmo_repeal_2020,presidential,no,0.3783,0.4899,-0.1116
29225,Webster,cleanmo_repeal_2020,presidential,no,0.3736,0.4899,-0.1163
29227,Worth,cleanmo_repeal_2020,presidential,no,0.2924,0.4899,-0.1975
29229,Wright,cleanmo_repeal_2020,presidential,no,0.3122,0.4899,-0.1777
2938000,Kansas City,cleanmo_repeal_2020,presidential,no,0.6324,0.4899,0.1425
29510,St. Louis City,cleanmo_repeal_2020,presidential,no,0.6824,0.4899,0.1925
29001,Adair,sportsbet_2024,presidential,yes,0.4164,0.5005,-0.0841
29003,Andrew,sportsbet_2024,presidential,yes,0.522,0.5005,0.0215
29005,Atchison,sportsbet_2024,presidential,yes,0.5489,0.5005,0.0484
29007,Audrain,sportsbet_2024,presidential,yes,0.4585,0.5005,-0.042
29009,Barry,sportsbet_2024,presidential,yes,0.3777,0.5005,-0.1228
29011,Barton,sportsbet_2024,presidential,yes,0.3569,0.5005,-0.1436
29013,Bates,sportsbet_2024,presidential,yes,0.4813,0.5005,-0.0192
29015,Benton,sportsbet_2024,presidential,yes,0.4405,0.5005,-0.06
29017,Bollinger,sportsbet_2024,presidential,yes,0.3199,0.5005,-0.1806
29019,Boone,sportsbet_2024,presidential,yes,0.5046,0.5005,0.0041
29021,Buchanan,sportsbet_2024,presidential,yes,0.5586,0.5005,0.0581
29023,Butler,sportsbet_2024,presidential,yes,0.4079,0.5005,-0.0926
29025,Caldwell,sportsbet_2024,presidential,yes,0.4639,0.5005,-0.0366
29027,Callaway,sportsbet_2024,presidential,yes,0.4679,0.5005,-0.0326
29029,Camden,sportsbet_2024,presidential,yes,0.4623,0.5005,-0.0382
29031,Cape Girardeau,sportsbet_2024,presidential,yes,0.4541,0.5005,-0.0464
29033,Carroll,sportsbet_2024,presidential,yes,0.4635,0.5005,-0.037
29035,Carter,sportsbet_2024,presidential,yes,0.3296,0.5005,-0.1709
29037,Cass,sportsbet_2024,presidential,yes,0.5716,0.5005,0.0711
29039,Cedar,sportsbet_2024,presidential,yes,0.3818,0.5005,-0.1187
29041,Chariton,sportsbet_2024,presidential,yes,0.4563,0.5005,-0.0442
29043,Christian,sportsbet_2024,presidential,yes,0.3969,0.5005,-0.1036
29045,Clark,sportsbet_2024,presidential,yes,0.4593,0.5005,-0.0412
29047,Clay,sportsbet_2024,presidential,yes,0.5921,0.5005,0.0916
29049,Clinton,sportsbet_2024,presidential,yes,0.5127,0.5005,0.0122
29051,Cole,sportsbet_2024,presidential,yes,0.4917,0.5005,-0.0088
29053,Cooper,sportsbet_2024,presidential,yes,0.485,0.5005,-0.0155
29055,Crawford,sportsbet_2024,presidential,yes,0.3689,0.5005,-0.1316
29057,Dade,sportsbet_2024,presidential,yes,0.3703,0.5005,-0.1302
29059,Dallas,sportsbet_2024,presidential,yes,0.3975,0.5005,-0.103
29061,Daviess,sportsbet_2024,presidential,yes,0.4688,0.5005,-0.0317
29063,Dekalb,sportsbet_2024,presidential,yes,0.4715,0.5005,-0.029
29065,Dent,sportsbet_2024,presidential,yes,0.3406,0.5005,-0.1599
29067,Douglas,sportsbet_2024,presidential,yes,0.3183,0.5005,-0.1822
29069,Dunklin,sportsbet_2024,presidential,yes,0.4463,0.5005,-0.0542
29071,Franklin,sportsbet_2024,presidential,yes,0.4505,0.5005,-0.05
29073,Gasconade,sportsbet_2024,presidential,yes,0.4046,0.5005,-0.0959
29075,Gentry,sportsbet_2024,presidential,yes,0.4316,0.5005,-0.0689
29077,Greene,sportsbet_2024,presidential,yes,0.4473,0.5005,-0.0532
29079,Grundy,sportsbet_2024,presidential,yes,0.412,0.5005,-0.0885
29081,Harrison,sportsbet_2024,presidential,yes,0.4213,0.5005,-0.0792
29083,Henry,sportsbet_2024,presidential,yes,0.4894,0.5005,-0.0111
29085,Hickory,sportsbet_2024,presidential,yes,0.4029,0.5005,-0.0976
29087,Holt,sportsbet_2024,presidential,yes,0.4397,0.5005,-0.0608
29089,Howard,sportsbet_2024,presidential,yes,0.4764,0.5005,-0.0241
29091,Howell,sportsbet_2024,presidential,yes,0.3517,0.5005,-0.1488
29093,Iron,sportsbet_2024,presidential,yes,0.3754,0.5005,-0.1251
29095,Jackson,sportsbet_2024,presidential,yes,0.5817,0.5005,0.0812
29097,Jasper,sportsbet_2024,presidential,yes,0.4469,0.5005,-0.0536
29099,Jefferson,sportsbet_2024,presidential,yes,0.5102,0.5005,0.0097
29101,Johnson,sportsbet_2024,presidential,yes,0.5131,0.5005,0.0126
29103,Knox,sportsbet_2024,presidential,yes,0.3783,0.5005,-0.1222
29105,Laclede,sportsbet_2024,presidential,yes,0.4035,0.5005,-0.097
29107,Lafayette,sportsbet_2024,presidential,yes,0.5286,0.5005,0.0281
29109,Lawrence,sportsbet_2024,presidential,yes,0.4003,0.5005,-0.1002
29111,Lewis,sportsbet_2024,presidential,yes,0.4678,0.5005,-0.0327
29113,Lincoln,sportsbet_2024,presidential,yes,0.4845,0.5005,-0.016
29115,Linn,sportsbet_2024,presidential,yes,0.4557,0.5005,-0.0448
29117,Livingston,sportsbet_2024,presidential,yes,0.4565,0.5005,-0.044
29119,McDonald,sportsbet_2024,presidential,yes,0.3997,0.5005,-0.1008
29121,Macon,sportsbet_2024,presidential,yes,0.3734,0.5005,-0.1271
29123,Madison,sportsbet_2024,presidential,yes,0.3586,0.5005,-0.1419
29125,Maries,sportsbet_2024,presidential,yes,0.3588,0.5005,-0.1417
29127,Marion,sportsbet_2024,presidential,yes,0.4429,0.5005,-0.0576
29129,Mercer,sportsbet_2024,presidential,yes,0.4432,0.5005,-0.0573
29131,Miller,sportsbet_2024,presidential,yes,0.4125,0.5005,-0.088
29133,Mississippi,sportsbet_2024,presidential,yes,0.4573,0.5005,-0.0432
29135,Moniteau,sportsbet_2024,presidential,yes,0.4452,0.5005,-0.0553
29137,Monroe,sportsbet_2024,presidential,yes,0.4148,0.5005,-0.0857
29139,Montgomery,sportsbet_2024,presidential,yes,0.3919,0.5005,-0.1086
29141,Morgan,sportsbet_2024,presidential,yes,0.4456,0.5005,-0.0549
29143,New Madrid,sportsbet_2024,presidential,yes,0.4479,0.5005,-0.0526
29145,Newton,sportsbet_2024,presidential,yes,0.3799,0.5005,-0.1206
29147,Nodaway,sportsbet_2024,presidential,yes,0.4346,0.5005,-0.0659
29149,Oregon,sportsbet_2024,presidential,yes,0.3565,0.5005,-0.144
29151,Osage,sportsbet_2024,presidential,yes,0.4586,0.5005,-0.0419
29153,Ozark,sportsbet_2024,presidential,yes,0.353,0.5005,-0.1475
29155,Pemiscot,sportsbet_2024,presidential,yes,0.5348,0.5005,0.0343
29157,Perry,sportsbet_2024,presidential,yes,0.4138,0.5005,-0.0867
29159,Pettis,sportsbet_2024,presidential,yes,0.4907,0.5005,-0.0098
29161,Phelps,sportsbet_2024,presidential,yes,0.3977,0.5005,-0.1028
29163,Pike,sportsbet_2024,presidential,yes,0.4468,0.5005,-0.0537
29165,Platte,sportsbet_2024,presidential,yes,0.6041,0.5005,0.1036
29167,Polk,sportsbet_2024,presidential,yes,0.3914,0.5005,-0.1091
29169,Pulaski,sportsbet_2024,presidential,yes,0.4767,0.5005,-0.0238
29171,Putnam,sportsbet_2024,presidential,yes,0.4057,0.5005,-0.0948
29173,Ralls,sportsbet_2024,presidential,yes,0.4082,0.5005,-0.0923
29175,Randolph,sportsbet_2024,presidential,yes,0.4488,0.5005,-0.0517
29177,Ray,sportsbet_2024,presidential,yes,0.5156,0.5005,0.0151
29179,Reynolds,sportsbet_2024,presidential,yes,0.3357,0.5005,-0.1648
29181,Ripley,sportsbet_2024,presidential,yes,0.3423,0.5005,-0.1582
29183,St. Charles,sportsbet_2024,presidential,yes,0.5344,0.5005,0.0339
29185,St. Clair,sportsbet_2024,presidential,yes,0.3916,0.5005,-0.1089
29186,Ste. Genevieve,sportsbet_2024,presidential,yes,0.4724,0.5005,-0.0281
29187,St. Francois,sportsbet_2024,presidential,yes,0.4561,0.5005,-0.0444
29189,St. Louis County,sportsbet_2024,presidential,yes,0.5354,0.5005,0.0349
29195,Saline,sportsbet_2024,presidential,yes,0.5119,0.5005,0.0114
29197,Schuyler,sportsbet_2024,presidential,yes,0.4236,0.5005,-0.0769
29199,Scotland,sportsbet_2024,presidential,yes,0.3807,0.5005,-0.1198
29201,Scott,sportsbet_2024,presidential,yes,0.4652,0.5005,-0.0353
29203,Shannon,sportsbet_2024,presidential,yes,0.313,0.5005,-0.1875
29205,Shelby,sportsbet_2024,presidential,yes,0.3687,0.5005,-0.1318
29207,Stoddard,sportsbet_2024,presidential,yes,0.3631,0.5005,-0.1374
29209,Stone,sportsbet_2024,presidential,yes,0.4051,0.5005,-0.0954
29211,Sullivan,sportsbet_2024,presidential,yes,0.4248,0.5005,-0.0757
29213,Taney,sportsbet_2024,presidential,yes,0.4022,0.5005,-0.0983
29215,Texas,sportsbet_2024,presidential,yes,0.3399,0.5005,-0.1606
29217,Vernon,sportsbet_2024,presidential,yes,0.4455,0.5005,-0.055
29219,Warren,sportsbet_2024,presidential,yes,0.4671,0.5005,-0.0334
29221,Washington,sportsbet_2024,presidential,yes,0.4238,0.5005,-0.0767
29223,Wayne,sportsbet_2024,presidential,yes,0.3338,0.5005,-0.1667
29225,Webster,sportsbet_2024,presidential,yes,0.4026,0.5005,-0.0979
29227,Worth,sportsbet_2024,presidential,yes,0.4425,0.5005,-0.058
29229,Wright,sportsbet_2024,presidential,yes,0.3172,0.5005,-0.1833
2938000,Kansas City,sportsbet_2024,presidential,yes,0.6432,0.5005,0.1427
29510,St. Louis City,sportsbet_2024,presidential,yes,0.5352,0.5005,0.0347
29001,Adair,abortion_2024,presidential,yes,0.4592,0.516,-0.0569
29003,Andrew,abortion_2024,presidential,yes,0.4189,0.516,-0.0971
29005,Atchison,abortion_2024,presidential,yes,0.4072,0.516,-0.1089
29007,Audrain,abortion_2024,presidential,yes,0.4236,0.516,-0.0924
29009,Barry,abortion_2024,presidential,yes,0.3057,0.516,-0.2103
29011,Barton,abortion_2024,presidential,yes,0.2206,0.516,-0.2955
29013,Bates,abortion_2024,presidential,yes,0.3589,0.516,-0.1571
29015,Benton,abortion_2024,presidential,yes,0.3746,0.516,-0.1414
29017,Bollinger,abortion_2024,presidential,yes,0.2106,0.516,-0.3054
29019,Boone,abortion_2024,presidential,yes,0.669,0.516,0.153
29021,Buchanan,abortion_2024,presidential,yes,0.5039,0.516,-0.0122
29023,Butler,abortion_2024,presidential,yes,0.3287,0.516,-0.1873
29025,Caldwell,abortion_2024,presidential,yes,0.3655,0.516,-0.1505
29027,Callaway,abortion_2024,presidential,yes,0.4477,0.516,-0.0683
29029,Camden,abortion_2024,presidential,yes,0.4318,0.516,-0.0843
29031,Cape Girardeau,abortion_2024,presidential,yes,0.3735,0.516,-0.1426
29033,Carroll,abortion_2024,presidential,yes,0.3561,0.516,-0.16
29035,Carter,abortion_2024,presidential,yes,0.2431,0.516,-0.2729
29037,Cass,abortion_2024,presidential,yes,0.4884,0.516,-0.0276
29039,Cedar,abortion_2024,presidential,yes,0.2903,0.516,-0.2257
29041,Chariton,abortion_2024,presidential,yes,0.3448,0.516,-0.1712
29043,Christian,abortion_2024,presidential,yes,0.3376,0.516,-0.1784
29045,Clark,abortion_2024,presidential,yes,0.4041,0.516,-0.1119
29047,Clay,abortion_2024,presidential,yes,0.6125,0.516,0.0965
29049,Clinton,abortion_2024,presidential,yes,0.4387,0.516,-0.0773
29051,Cole,abortion_2024,presidential,yes,0.4261,0.516,-0.0899
29053,Cooper,abortion_2024,presidential,yes,0.4183,0.516,-0.0977
29055,Crawford,abortion_2024,presidential,yes,0.32,0.516,-0.196
29057,Dade,abortion_2024,presidential,yes,0.274,0.516,-0.242
29059,Dallas,abortion_2024,presidential,yes,0.3096,0.516,-0.2065
29061,Daviess,abortion_2024,presidential,yes,0.3379,0.516,-0.1781
29063,Dekalb,abortion_2024,presidential,yes,0.3483,0.516,-0.1678
29065,Dent,abortion_2024,presidential,yes,0.2567,0.516,-0.2594
29067,Douglas,abortion_2024,presidential,yes,0.2366,0.516,-0.2794
29069,Dunklin,abortion_2024,presidential,yes,0.3476,0.516,-0.1685
29071,Franklin,abortion_2024,presidential,yes,0.3958,0.516,-0.1202
29073,Gasconade,abortion_2024,presidential,yes,0.3238,0.516,-0.1922
29075,Gentry,abortion_2024,presidential,yes,0.3075,0.516,-0.2085
29077,Greene,abortion_2024,presidential,yes,0.4927,0.516,-0.0233
29079,Grundy,abortion_2024,presidential,yes,0.2997,0.516,-0.2164
29081,Harrison,abortion_2024,presidential,yes,0.3055,0.516,-0.2105
29083,Henry,abortion_2024,presidential,yes,0.407,0.516,-0.109
29085,Hickory,abortion_2024,presidential,yes,0.3583,0.516,-0.1578
29087,Holt,abortion_2024,presidential,yes,0.3247,0.516,-0.1914
29089,Howard,abortion_2024,presidential,yes,0.4225,0.516,-0.0936
29091,Howell,abortion_2024,presidential,yes,0.2861,0.516,-0.2299
29093,Iron,abortion_2024,presidential,yes,0.3083,0.516,-0.2078
29095,Jackson,abortion_2024,presidential,yes,0.5897,0.516,0.0737
29097,Jasper,abortion_2024,presidential,yes,0.3731,0.516,-0.143
29099,Jefferson,abortion_2024,presidential,yes,0.4712,0.516,-0.0449
29101,Johnson,abortion_2024,presidential,yes,0.4604,0.516,-0.0556
29103,Knox,abortion_2024,presidential,yes,0.2979,0.516,-0.2181
29105,Laclede,abortion_2024,presidential,yes,0.2947,0.516,-0.2214
29107,Lafayette,abortion_2024,presidential,yes,0.43,0.516,-0.0861
29109,Lawrence,abortion_2024,presidential,yes,0.2923,0.516,-0.2237
29111,Lewis,abortion_2024,presidential,yes,0.3428,0.516,-0.1733
29113,Lincoln,abortion_2024,presidential,yes,0.3795,0.516,-0.1365
29115,Linn,abortion_2024,presidential,yes,0.3635,0.516,-0.1525
29117,Livingston,abortion_2024,presidential,yes,0.3532,0.516,-0.1629
29119,McDonald,abortion_2024,presidential,yes,0.3,0.516,-0.216
29121,Macon,abortion_2024,presidential,yes,0.3199,0.516,-0.1961
29123,Madison,abortion_2024,presidential,yes,0.3061,0.516,-0.2099
29125,Maries,abortion_2024,presidential,yes,0.252,0.516,-0.264
29127,Marion,abortion_2024,presidential,yes,0.3457,0.516,-0.1704
29129,Mercer,abortion_2024,presidential,yes,0.2806,0.516,-0.2354
29131,Miller,abortion_2024,presidential,yes,0.3014,0.516,-0.2146
29133,Mississippi,abortion_2024,presidential,yes,0.3542,0.516,-0.1619
29135,Moniteau,abortion_2024,presidential,yes,0.3094,0.516,-0.2066
29137,Monroe,abortion_2024,presidential,yes,0.3202,0.516,-0.1958
29139,Montgomery,abortion_2024,presidential,yes,0.3477,0.516,-0.1683
29141,Morgan,abortion_2024,presidential,yes,0.374,0.516,-0.142
29143,New Madrid,abortion_2024,presidential,yes,0.3402,0.516,-0.1759
29145,Newton,abortion_2024,presidential,yes,0.3081,0.516,-0.2079
29147,Nodaway,abortion_2024,presidential,yes,0.4186,0.516,-0.0974
29149,Oregon,abortion_2024,presidential,yes,0.2894,0.516,-0.2266
29151,Osage,abortion_2024,presidential,yes,0.2159,0.516,-0.3001
29153,Ozark,abortion_2024,presidential,yes,0.2859,0.516,-0.2301
29155,Pemiscot,abortion_2024,presidential,yes,0.3971,0.516,-0.1189
29157,Perry,abortion_2024,presidential,yes,0.2825,0.516,-0.2335
29159,Pettis,abortion_2024,presidential,yes,0.4129,0.516,-0.1032
29161,Phelps,abortion_2024,presidential,yes,0.4055,0.516,-0.1106
29163,Pike,abortion_2024,presidential,yes,0.3344,0.516,-0.1817
29165,Platte,abortion_2024,presidential,yes,0.6233,0.516,0.1073
29167,Polk,abortion_2024,presidential,yes,0.3018,0.516,-0.2143
29169,Pulaski,abortion_2024,presidential,yes,0.4263,0.516,-0.0898
29171,Putnam,abortion_2024,presidential,yes,0.3069,0.516,-0.2091
29173,Ralls,abortion_2024,presidential,yes,0.3171,0.516,-0.1989
29175,Randolph,abortion_2024,presidential,yes,0.4197,0.516,-0.0963
29177,Ray,abortion_2024,presidential,yes,0.4418,0.516,-0.0742
29179,Reynolds,abortion_2024,presidential,yes,0.2903,0.516,-0.2257
29181,Ripley,abortion_2024,presidential,yes,0.2736,0.516,-0.2424
29183,St. Charles,abortion_2024,presidential,yes,0.5327,0.516,0.0167
29185,St. Clair,abortion_2024,presidential,yes,0.3397,0.516,-0.1763
29186,Ste. Genevieve,abortion_2024,presidential,yes,0.3639,0.516,-0.1521
29187,St. Francois,abortion_2024,presidential,yes,0.4027,0.516,-0.1133
29189,St. Louis County,abortion_2024,presidential,yes,0.6742,0.516,0.1582
29195,Saline,abortion_2024,presidential,yes,0.4896,0.516,-0.0264
29197,Schuyler,abortion_2024,presidential,yes,0.3393,0.516,-0.1767
29199,Scotland,abortion_2024,presidential,yes,0.3656,0.516,-0.1504
29201,Scott,abortion_2024,presidential,yes,0.3152,0.516,-0.2009
29203,Shannon,abortion_2024,presidential,yes,0.2724,0.516,-0.2437
29205,Shelby,abortion_2024,presidential,yes,0.2665,0.516,-0.2495
29207,Stoddard,abortion_2024,presidential,yes,0.2613,0.516,-0.2547
29209,Stone,abortion_2024,presidential,yes,0.3187,0.516,-0.1973
29211,Sullivan,abortion_2024,presidential,yes,0.2913,0.516,-0.2248
29213,Taney,abortion_2024,presidential,yes,0.3183,0.516,-0.1978
29215,Texas,abortion_2024,presidential,yes,0.2498,0.516,-0.2662
29217,Vernon,abortion_2024,presidential,yes,0.3624,0.516,-0.1537
29219,Warren,abortion_2024,presidential,yes,0.406,0.516,-0.11
29221,Washington,abortion_2024,presidential,yes,0.3035,0.516,-0.2125
29223,Wayne,abortion_2024,presidential,yes,0.2759,0.516,-0.2402
29225,Webster,abortion_2024,presidential,yes,0.299,0.516,-0.217
29227,Worth,abortion_2024,presidential,yes,0.3336,0.516,-0.1824
29229,Wright,abortion_2024,presidential,yes,0.2039,0.516,-0.3121
2938000,Kansas City,abortion_2024,presidential,yes,0.8052,0.516,0.2892
29510,St. Louis City,abortion_2024,presidential,yes,0.829,0.516,0.3129
29001,Adair,casino_2024,presidential,yes,0.4336,0.4754,-0.0418
29003,Andrew,casino_2024,presidential,yes,0.4973,0.4754,0.0219
29005,Atchison,casino_2024,presidential,yes,0.5076,0.4754,0.0322
29007,Audrain,casino_2024,presidential,yes,0.4822,0.4754,0.0068
29009,Barry,casino_2024,presidential,yes,0.3659,0.4754,-0.1095
29011,Barton,casino_2024,presidential,yes,0.3407,0.4754,-0.1346
29013,Bates,casino_2024,presidential,yes,0.4754,0.4754,-0.0
29015,Benton,casino_2024,presidential,yes,0.4794,0.4754,0.004
29017,Bollinger,casino_2024,presidential,yes,0.3246,0.4754,-0.1508
29019,Boone,casino_2024,presidential,yes,0.4957,0.4754,0.0203
29021,Buchanan,casino_2024,presidential,yes,0.5341,0.4754,0.0587
29023,Butler,casino_2024,presidential,yes,0.4152,0.4754,-0.0602
29025,Caldwell,casino_2024,presidential,yes,0.4459,0.4754,-0.0295
29027,Callaway,casino_2024,presidential,yes,0.4985,0.4754,0.0231
29029,Camden,casino_2024,presidential,yes,0.4301,0.4754,-0.0453
29031,Cape Girardeau,casino_2024,presidential,yes,0.4461,0.4754,-0.0293
29033,Carroll,casino_2024,presidential,yes,0.4649,0.4754,-0.0105
29035,Carter,casino_2024,presidential,yes,0.3263,0.4754,-0.1491
29037,Cass,casino_2024,presidential,yes,0.5313,0.4754,0.0559
29039,Cedar,casino_2024,presidential,yes,0.3777,0.4754,-0.0976
29041,Chariton,casino_2024,presidential,yes,0.4654,0.4754,-0.01
29043,Christian,casino_2024,presidential,yes,0.3829,0.4754,-0.0925
29045,Clark,casino_2024,presidential,yes,0.4504,0.4754,-0.025
29047,Clay,casino_2024,presidential,yes,0.5476,0.4754,0.0722
29049,Clinton,casino_2024,presidential,yes,0.4792,0.4754,0.0038
29051,Cole,casino_2024,presidential,yes,0.5198,0.4754,0.0444
29053,Cooper,casino_2024,presidential,yes,0.4431,0.4754,-0.0323
29055,Crawford,casino_2024,presidential,yes,0.3716,0.4754,-0.1038
29057,Dade,casino_2024,presidential,yes,0.3583,0.4754,-0.1171
29059,Dallas,casino_2024,presidential,yes,0.4305,0.4754,-0.0449
29061,Daviess,casino_2024,presidential,yes,0.4262,0.4754,-0.0492
29063,Dekalb,casino_2024,presidential,yes,0.4441,0.4754,-0.0313
29065,Dent,casino_2024,presidential,yes,0.3638,0.4754,-0.1116
29067,Douglas,casino_2024,presidential,yes,0.3165,0.4754,-0.1589
29069,Dunklin,casino_2024,presidential,yes,0.4448,0.4754,-0.0306
29071,Franklin,casino_2024,presidential,yes,0.4338,0.4754,-0.0416
29073,Gasconade,casino_2024,presidential,yes,0.413,0.4754,-0.0624
29075,Gentry,casino_2024,presidential,yes,0.3994,0.4754,-0.076
29077,Greene,casino_2024,presidential,yes,0.4371,0.4754,-0.0383
29079,Grundy,casino_2024,presidential,yes,0.3866,0.4754,-0.0888
29081,Harrison,casino_2024,presidential,yes,0.3851,0.4754,-0.0903
29083,Henry,casino_2024,presidential,yes,0.5,0.4754,0.0246
29085,Hickory,casino_2024,presidential,yes,0.4488,0.4754,-0.0266
29087,Holt,casino_2024,presidential,yes,0.3799,0.4754,-0.0955
29089,Howard,casino_2024,presidential,yes,0.4666,0.4754,-0.0088
29091,Howell,casino_2024,presidential,yes,0.3523,0.4754,-0.1231
29093,Iron,casino_2024,presidential,yes,0.3909,0.4754,-0.0845
29095,Jackson,casino_2024,presidential,yes,0.5354,0.4754,0.06
29097,Jasper,casino_2024,presidential,yes,0.4198,0.4754,-0.0556
29099,Jefferson,casino_2024,presidential,yes,0.4842,0.4754,0.0088
29101,Johnson,casino_2024,presidential,yes,0.4962,0.4754,0.0208
29103,Knox,casino_2024,presidential,yes,0.3714,0.4754,-0.104
29105,Laclede,casino_2024,presidential,yes,0.4356,0.4754,-0.0398
29107,Lafayette,casino_2024,presidential,yes,0.5087,0.4754,0.0333
29109,Lawrence,casino_2024,presidential,yes,0.3916,0.4754,-0.0838
29111,Lewis,casino_2024,presidential,yes,0.4477,0.4754,-0.0277
29113,Lincoln,casino_2024,presidential,yes,0.4557,0.4754,-0.0197
29115,Linn,casino_2024,presidential,yes,0.4634,0.4754,-0.012
29117,Livingston,casino_2024,presidential,yes,0.4414,0.4754,-0.0339
29119,McDonald,casino_2024,presidential,yes,0.3895,0.4754,-0.0859
29121,Macon,casino_2024,presidential,yes,0.3896,0.4754,-0.0858
29123,Madison,casino_2024,presidential,yes,0.3664,0.4754,-0.1089
29125,Maries,casino_2024,presidential,yes,0.4055,0.4754,-0.0699
29127,Marion,casino_2024,presidential,yes,0.4524,0.4754,-0.023
29129,Mercer,casino_2024,presidential,yes,0.3894,0.4754,-0.086
29131,Miller,casino_2024,presidential,yes,0.4064,0.4754,-0.069
29133,Mississippi,casino_2024,presidential,yes,0.4491,0.4754,-0.0263
29135,Moniteau,casino_2024,presidential,yes,0.454,0.4754,-0.0213
29137,Monroe,casino_2024,presidential,yes,0.4194,0.4754,-0.056
29139,Montgomery,casino_2024,presidential,yes,0.4176,0.4754,-0.0578
29141,Morgan,casino_2024,presidential,yes,0.4632,0.4754,-0.0122
29143,New Madrid,casino_2024,presidential,yes,0.4472,0.4754,-0.0282
29145,Newton,casino_2024,presidential,yes,0.3562,0.4754,-0.1192
29147,Nodaway,casino_2024,presidential,yes,0.3966,0.4754,-0.0788
29149,Oregon,casino_2024,presidential,yes,0.355,0.4754,-0.1204
29151,Osage,casino_2024,presidential,yes,0.4842,0.4754,0.0088
29153,Ozark,casino_2024,presidential,yes,0.3604,0.4754,-0.1149
29155,Pemiscot,casino_2024,presidential,yes,0.5113,0.4754,0.0359
29157,Perry,casino_2024,presidential,yes,0.4137,0.4754,-0.0617
29159,Pettis,casino_2024,presidential,yes,0.5085,0.4754,0.0331
29161,Phelps,casino_2024,presidential,yes,0.4211,0.4754,-0.0543
29163,Pike,casino_2024,presidential,yes,0.4443,0.4754,-0.0311
29165,Platte,casino_2024,presidential,yes,0.5312,0.4754,0.0558
29167,Polk,casino_2024,presidential,yes,0.3862,0.4754,-0.0892
29169,Pulaski,casino_2024,presidential,yes,0.5205,0.4754,0.0451
29171,Putnam,casino_2024,presidential,yes,0.4221,0.4754,-0.0533
29173,Ralls,casino_2024,presidential,yes,0.4168,0.4754,-0.0586
29175,Randolph,casino_2024,presidential,yes,0.4513,0.4754,-0.0241
29177,Ray,casino_2024,presidential,yes,0.4937,0.4754,0.0183
29179,Reynolds,casino_2024,presidential,yes,0.3509,0.4754,-0.1245
29181,Ripley,casino_2024,presidential,yes,0.3427,0.4754,-0.1327
29183,St. Charles,casino_2024,presidential,yes,0.4883,0.4754,0.0129
29185,St. Clair,casino_2024,presidential,yes,0.4143,0.4754,-0.0611
29186,Ste. Genevieve,casino_2024,presidential,yes,0.4671,0.4754,-0.0083
29187,St. Francois,casino_2024,presidential,yes,0.4601,0.4754,-0.0153
29189,St. Louis County,casino_2024,presidential,yes,0.4939,0.4754,0.0185
29195,Saline,casino_2024,presidential,yes,0.5127,0.4754,0.0373
29197,Schuyler,casino_2024,presidential,yes,0.4492,0.4754,-0.0262
29199,Scotland,casino_2024,presidential,yes,0.379,0.4754,-0.0964
29201,Scott,casino_2024,presidential,yes,0.4492,0.4754,-0.0262
29203,Shannon,casino_2024,presidential,yes,0.3297,0.4754,-0.1457
29205,Shelby,casino_2024,presidential,yes,0.3696,0.4754,-0.1058
29207,Stoddard,casino_2024,presidential,yes,0.3824,0.4754,-0.093
29209,Stone,casino_2024,presidential,yes,0.385,0.4754,-0.0904
29211,Sullivan,casino_2024,presidential,yes,0.4071,0.4754,-0.0683
29213,Taney,casino_2024,presidential,yes,0.3807,0.4754,-0.0947
29215,Texas,casino_2024,presidential,yes,0.3454,0.4754,-0.13
29217,Vernon,casino_2024,presidential,yes,0.4369,0.4754,-0.0385
29219,Warren,casino_2024,presidential,yes,0.4437,0.4754,-0.0317
29221,Washington,casino_2024,presidential,yes,0.4305,0.4754,-0.0449
29223,Wayne,casino_2024,presidential,yes,0.3506,0.4754,-0.1248
29225,Webster,casino_2024,presidential,yes,0.4063,0.4754,-0.0691
29227,Worth,casino_2024,presidential,yes,0.3943,0.4754,-0.0811
29229,Wright,casino_2024,presidential,yes,0.3222,0.4754,-0.1532
2938000,Kansas City,casino_2024,presidential,yes,0.5718,0.4754,0.0964
29510,St. Louis City,casino_2024,presidential,yes,0.5126,0.4754,0.0372
29001,Adair,courtfees_2024,presidential,no,0.6123,0.6061,0.0062
29003,Andrew,courtfees_2024,presidential,no,0.4988,0.6061,-0.1074
29005,Atchison,courtfees_2024,presidential,no,0.5523,0.6061,-0.0538
29007,Audrain,courtfees_2024,presidential,no,0.51,0.6061,-0.0961
29009,Barry,courtfees_2024,presidential,no,0.6057,0.6061,-0.0004
29011,Barton,courtfees_2024,presidential,no,0.5328,0.6061,-0.0734
29013,Bates,courtfees_2024,presidential,no,0.5383,0.6061,-0.0678
29015,Benton,courtfees_2024,presidential,no,0.5449,0.6061,-0.0613
29017,Bollinger,courtfees_2024,presidential,no,0.6004,0.6061,-0.0058
29019,Boone,courtfees_2024,presidential,no,0.5727,0.6061,-0.0334
29021,Buchanan,courtfees_2024,presidential,no,0.509,0.6061,-0.0971
29023,Butler,courtfees_2024,presidential,no,0.6002,0.6061,-0.0059
29025,Caldwell,courtfees_2024,presidential,no,0.5854,0.6061,-0.0208
29027,Callaway,courtfees_2024,presidential,no,0.5492,0.6061,-0.057
29029,Camden,courtfees_2024,presidential,no,0.6117,0.6061,0.0056
29031,Cape Girardeau,courtfees_2024,presidential,no,0.574,0.6061,-0.0321
29033,Carroll,courtfees_2024,presidential,no,0.5564,0.6061,-0.0498
29035,Carter,courtfees_2024,presidential,no,0.6332,0.6061,0.027
29037,Cass,courtfees_2024,presidential,no,0.5474,0.6061,-0.0587
29039,Cedar,courtfees_2024,presidential,no,0.5588,0.6061,-0.0474
29041,Chariton,courtfees_2024,presidential,no,0.5581,0.6061,-0.048
29043,Christian,courtfees_2024,presidential,no,0.6413,0.6061,0.0351
29045,Clark,courtfees_2024,presidential,no,0.5772,0.6061,-0.029
29047,Clay,courtfees_2024,presidential,no,0.5766,0.6061,-0.0296
29049,Clinton,courtfees_2024,presidential,no,0.5681,0.6061,-0.0381
29051,Cole,courtfees_2024,presidential,no,0.5684,0.6061,-0.0378
29053,Cooper,courtfees_2024,presidential,no,0.5072,0.6061,-0.099
29055,Crawford,courtfees_2024,presidential,no,0.6329,0.6061,0.0268
29057,Dade,courtfees_2024,presidential,no,0.5717,0.6061,-0.0345
29059,Dallas,courtfees_2024,presidential,no,0.6233,0.6061,0.0171
29061,Daviess,courtfees_2024,presidential,no,0.5819,0.6061,-0.0243
29063,Dekalb,courtfees_2024,presidential,no,0.5621,0.6061,-0.0441
29065,Dent,courtfees_2024,presidential,no,0.6552,0.6061,0.049
29067,Douglas,courtfees_2024,presidential,no,0.5913,0.6061,-0.0148
29069,Dunklin,courtfees_2024,presidential,no,0.5611,0.6061,-0.0451
29071,Franklin,courtfees_2024,presidential,no,0.5957,0.6061,-0.0105
29073,Gasconade,courtfees_2024,presidential,no,0.6067,0.6061,0.0006
29075,Gentry,courtfees_2024,presidential,no,0.5036,0.6061,-0.1025
29077,Greene,courtfees_2024,presidential,no,0.5921,0.6061,-0.014
29079,Grundy,courtfees_2024,presidential,no,0.5431,0.6061,-0.0631
29081,Harrison,courtfees_2024,presidential,no,0.5732,0.6061,-0.0329
29083,Henry,courtfees_2024,presidential,no,0.5197,0.6061,-0.0865
29085,Hickory,courtfees_2024,presidential,no,0.6037,0.6061,-0.0025
29087,Holt,courtfees_2024,presidential,no,0.582,0.6061,-0.0242
29089,Howard,courtfees_2024,presidential,no,0.5475,0.6061,-0.0587
29091,Howell,courtfees_2024,presidential,no,0.6563,0.6061,0.0501
29093,Iron,courtfees_2024,presidential,no,0.6341,0.6061,0.0279
29095,Jackson,courtfees_2024,presidential,no,0.6045,0.6061,-0.0016
29097,Jasper,courtfees_2024,presidential,no,0.5499,0.6061,-0.0562
29099,Jefferson,courtfees_2024,presidential,no,0.6035,0.6061,-0.0026
29101,Johnson,courtfees_2024,presidential,no,0.5648,0.6061,-0.0414
29103,Knox,courtfees_2024,presidential,no,0.5726,0.6061,-0.0335
29105,Laclede,courtfees_2024,presidential,no,0.593,0.6061,-0.0132
29107,Lafayette,courtfees_2024,presidential,no,0.5519,0.6061,-0.0542
29109,Lawrence,courtfees_2024,presidential,no,0.5892,0.6061,-0.0169
29111,Lewis,courtfees_2024,presidential,no,0.5237,0.6061,-0.0825
29113,Lincoln,courtfees_2024,presidential,no,0.6155,0.6061,0.0094
29115,Linn,courtfees_2024,presidential,no,0.552,0.6061,-0.0542
29117,Livingston,courtfees_2024,presidential,no,0.5118,0.6061,-0.0943
29119,McDonald,courtfees_2024,presidential,no,0.5947,0.6061,-0.0115
29121,Macon,courtfees_2024,presidential,no,0.6205,0.6061,0.0144
29123,Madison,courtfees_2024,presidential,no,0.6716,0.6061,0.0654
29125,Maries,courtfees_2024,presidential,no,0.6855,0.6061,0.0793
29127,Marion,courtfees_2024,presidential,no,0.5806,0.6061,-0.0255
29129,Mercer,courtfees_2024,presidential,no,0.5735,0.6061,-0.0327
29131,Miller,courtfees_2024,presidential,no,0.6152,0.6061,0.0091
29133,Mississippi,courtfees_2024,presidential,no,0.5536,0.6061,-0.0525
29135,Moniteau,courtfees_2024,presidential,no,0.5762,0.6061,-0.0299
29137,Monroe,courtfees_2024,presidential,no,0.588,0.6061,-0.0182
29139,Montgomery,courtfees_2024,presidential,no,0.5998,0.6061,-0.0064
29141,Morgan,courtfees_2024,presidential,no,0.6048,0.6061,-0.0013
29143,New Madrid,courtfees_2024,presidential,no,0.5399,0.6061,-0.0662
29145,Newton,courtfees_2024,presidential,no,0.596,0.6061,-0.0101
29147,Nodaway,courtfees_2024,presidential,no,0.6074,0.6061,0.0013
29149,Oregon,courtfees_2024,presidential,no,0.6027,0.6061,-0.0034
29151,Osage,courtfees_2024,presidential,no,0.6241,0.6061,0.018
29153,Ozark,courtfees_2024,presidential,no,0.6171,0.6061,0.0109
29155,Pemiscot,courtfees_2024,presidential,no,0.5055,0.6061,-0.1006
29157,Perry,courtfees_2024,presidential,no,0.6115,0.6061,0.0054
29159,Pettis,courtfees_2024,presidential,no,0.5108,0.6061,-0.0954
29161,Phelps,courtfees_2024,presidential,no,0.6203,0.6061,0.0141
29163,Pike,courtfees_2024,presidential,no,0.6132,0.6061,0.0071
29165,Platte,courtfees_2024,presidential,no,0.5845,0.6061,-0.0217
29167,Polk,courtfees_2024,presidential,no,0.5988,0.6061,-0.0073
29169,Pulaski,courtfees_2024,presidential,no,0.5586,0.6061,-0.0476
29171,Putnam,courtfees_2024,presidential,no,0.5661,0.6061,-0.04
29173,Ralls,courtfees_2024,presidential,no,0.5966,0.6061,-0.0095
29175,Randolph,courtfees_2024,presidential,no,0.5088,0.6061,-0.0973
29177,Ray,courtfees_2024,presidential,no,0.5865,0.6061,-0.0196
29179,Reynolds,courtfees_2024,presidential,no,0.7076,0.6061,0.1015
29181,Ripley,courtfees_2024,presidential,no,0.6271,0.6061,0.021
29183,St. Charles,courtfees_2024,presidential,no,0.6211,0.6061,0.015
29185,St. Clair,courtfees_2024,presidential,no,0.5736,0.6061,-0.0326
29186,Ste. Genevieve,courtfees_2024,presidential,no,0.5839,0.6061,-0.0223
29187,St. Francois,courtfees_2024,presidential,no,0.5762,0.6061,-0.0299
29189,St. Louis County,courtfees_2024,presidential,no,0.6456,0.6061,0.0394
29195,Saline,courtfees_2024,presidential,no,0.5719,0.6061,-0.0342
29197,Schuyler,courtfees_2024,presidential,no,0.5541,0.6061,-0.052
29199,Scotland,courtfees_2024,presidential,no,0.622,0.6061,0.0158
29201,Scott,courtfees_2024,presidential,no,0.5991,0.6061,-0.007
29203,Shannon,courtfees_2024,presidential,no,0.6686,0.6061,0.0624
29205,Shelby,courtfees_2024,presidential,no,0.5287,0.6061,-0.0775
29207,Stoddard,courtfees_2024,presidential,no,0.6255,0.6061,0.0194
29209,Stone,courtfees_2024,presidential,no,0.569,0.6061,-0.0372
29211,Sullivan,courtfees_2024,presidential,no,0.5802,0.6061,-0.0259
29213,Taney,courtfees_2024,presidential,no,0.5661,0.6061,-0.04
29215,Texas,courtfees_2024,presidential,no,0.6451,0.6061,0.0389
29217,Vernon,courtfees_2024,presidential,no,0.5952,0.6061,-0.011
29219,Warren,courtfees_2024,presidential,no,0.6079,0.6061,0.0018
29221,Washington,courtfees_2024,presidential,no,0.6208,0.6061,0.0146
29223,Wayne,courtfees_2024,presidential,no,0.6603,0.6061,0.0541
29225,Webster,courtfees_2024,presidential,no,0.5964,0.6061,-0.0098
29227,Worth,courtfees_2024,presidential,no,0.6096,0.6061,0.0034
29229,Wright,courtfees_2024,presidential,no,0.6584,0.6061,0.0523
2938000,Kansas City,courtfees_2024,presidential,no,0.6683,0.6061,0.0621
29510,St. Louis City,courtfees_2024,presidential,no,0.6922,0.6061,0.0861
29001,Adair,rcvban_2024,presidential,no,0.3046,0.3156,-0.011
29003,Andrew,rcvban_2024,presidential,no,0.2216,0.3156,-0.094
29005,Atchison,rcvban_2024,presidential,no,0.1914,0.3156,-0.1241
29007,Audrain,rcvban_2024,presidential,no,0.2475,0.3156,-0.0681
29009,Barry,rcvban_2024,presidential,no,0.2437,0.3156,-0.0719
29011,Barton,rcvban_2024,presidential,no,0.1917,0.3156,-0.1239
29013,Bates,rcvban_2024,presidential,no,0.2175,0.3156,-0.098
29015,Benton,rcvban_2024,presidential,no,0.206,0.3156,-0.1095
29017,Bollinger,rcvban_2024,presidential,no,0.2487,0.3156,-0.0668
29019,Boone,rcvban_2024,presidential,no,0.4262,0.3156,0.1106
29021,Buchanan,rcvban_2024,presidential,no,0.2485,0.3156,-0.0671
29023,Butler,rcvban_2024,presidential,no,0.2422,0.3156,-0.0734
29025,Caldwell,rcvban_2024,presidential,no,0.2384,0.3156,-0.0771
29027,Callaway,rcvban_2024,presidential,no,0.2578,0.3156,-0.0578
29029,Camden,rcvban_2024,presidential,no,0.2423,0.3156,-0.0732
29031,Cape Girardeau,rcvban_2024,presidential,no,0.2781,0.3156,-0.0374
29033,Carroll,rcvban_2024,presidential,no,0.2278,0.3156,-0.0877
29035,Carter,rcvban_2024,presidential,no,0.2615,0.3156,-0.0541
29037,Cass,rcvban_2024,presidential,no,0.2583,0.3156,-0.0572
29039,Cedar,rcvban_2024,presidential,no,0.2412,0.3156,-0.0743
29041,Chariton,rcvban_2024,presidential,no,0.2527,0.3156,-0.0629
29043,Christian,rcvban_2024,presidential,no,0.2442,0.3156,-0.0713
29045,Clark,rcvban_2024,presidential,no,0.2345,0.3156,-0.081
29047,Clay,rcvban_2024,presidential,no,0.32,0.3156,0.0045
29049,Clinton,rcvban_2024,presidential,no,0.2472,0.3156,-0.0684
29051,Cole,rcvban_2024,presidential,no,0.2979,0.3156,-0.0176
29053,Cooper,rcvban_2024,presidential,no,0.2633,0.3156,-0.0523
29055,Crawford,rcvban_2024,presidential,no,0.262,0.3156,-0.0535
29057,Dade,rcvban_2024,presidential,no,0.2314,0.3156,-0.0842
29059,Dallas,rcvban_2024,presidential,no,0.2485,0.3156,-0.0671
29061,Daviess,rcvban_2024,presidential,no,0.254,0.3156,-0.0615
29063,Dekalb,rcvban_2024,presidential,no,0.2603,0.3156,-0.0553
29065,Dent,rcvban_2024,presidential,no,0.2691,0.3156,-0.0465
29067,Douglas,rcvban_2024,presidential,no,0.2614,0.3156,-0.0541
29069,Dunklin,rcvban_2024,presidential,no,0.2281,0.3156,-0.0874
29071,Franklin,rcvban_2024,presidential,no,0.2601,0.3156,-0.0555
29073,Gasconade,rcvban_2024,presidential,no,0.2442,0.3156,-0.0713
29075,Gentry,rcvban_2024,presidential,no,0.2185,0.3156,-0.0971
29077,Greene,rcvban_2024,presidential,no,0.322,0.3156,0.0064
29079,Grundy,rcvban_2024,presidential,no,0.2343,0.3156,-0.0812
29081,Harrison,rcvban_2024,presidential,no,0.2268,0.3156,-0.0887
29083,Henry,rcvban_2024,presidential,no,0.2302,0.3156,-0.0853
29085,Hickory,rcvban_2024,presidential,no,0.2257,0.3156,-0.0898
29087,Holt,rcvban_2024,presidential,no,0.1868,0.3156,-0.1288
29089,Howard,rcvban_2024,presidential,no,0.2956,0.3156,-0.02
29091,Howell,rcvban_2024,presidential,no,0.2534,0.3156,-0.0622
29093,Iron,rcvban_2024,presidential,no,0.2798,0.3156,-0.0358
29095,Jackson,rcvban_2024,presidential,no,0.3065,0.3156,-0.0091
29097,Jasper,rcvban_2024,presidential,no,0.2449,0.3156,-0.0707
29099,Jefferson,rcvban_2024,presidential,no,0.2703,0.3156,-0.0453
29101,Johnson,rcvban_2024,presidential,no,0.2603,0.3156,-0.0553
29103,Knox,rcvban_2024,presidential,no,0.2681,0.3156,-0.0475
29105,Laclede,rcvban_2024,presidential,no,0.1994,0.3156,-0.1162
29107,Lafayette,rcvban_2024,presidential,no,0.2335,0.3156,-0.082
29109,Lawrence,rcvban_2024,presidential,no,0.2373,0.3156,-0.0783
29111,Lewis,rcvban_2024,presidential,no,0.2255,0.3156,-0.09
29113,Lincoln,rcvban_2024,presidential,no,0.2155,0.3156,-0.1001
29115,Linn,rcvban_2024,presidential,no,0.2334,0.3156,-0.0822
29117,Livingston,rcvban_2024,presidential,no,0.2501,0.3156,-0.0655
29119,McDonald,rcvban_2024,presidential,no,0.1929,0.3156,-0.1227
29121,Macon,rcvban_2024,presidential,no,0.2268,0.3156,-0.0888
29123,Madison,rcvban_2024,presidential,no,0.2428,0.3156,-0.0728
29125,Maries,rcvban_2024,presidential,no,0.248,0.3156,-0.0676
29127,Marion,rcvban_2024,presidential,no,0.2262,0.3156,-0.0893
29129,Mercer,rcvban_2024,presidential,no,0.2472,0.3156,-0.0684
29131,Miller,rcvban_2024,presidential,no,0.2464,0.3156,-0.0692
29133,Mississippi,rcvban_2024,presidential,no,0.2676,0.3156,-0.0479
29135,Moniteau,rcvban_2024,presidential,no,0.2585,0.3156,-0.057
29137,Monroe,rcvban_2024,presidential,no,0.2561,0.3156,-0.0595
29139,Montgomery,rcvban_2024,presidential,no,0.24,0.3156,-0.0756
29141,Morgan,rcvban_2024,presidential,no,0.2245,0.3156,-0.0911
29143,New Madrid,rcvban_2024,presidential,no,0.2498,0.3156,-0.0658
29145,Newton,rcvban_2024,presidential,no,0.2175,0.3156,-0.098
29147,Nodaway,rcvban_2024,presidential,no,0.2761,0.3156,-0.0394
29149,Oregon,rcvban_2024,presidential,no,0.2396,0.3156,-0.0759
29151,Osage,rcvban_2024,presidential,no,0.2518,0.3156,-0.0638
29153,Ozark,rcvban_2024,presidential,no,0.2411,0.3156,-0.0744
29155,Pemiscot,rcvban_2024,presidential,no,0.2339,0.3156,-0.0816
29157,Perry,rcvban_2024,presidential,no,0.2618,0.3156,-0.0538
29159,Pettis,rcvban_2024,presidential,no,0.2344,0.3156,-0.0812
29161,Phelps,rcvban_2024,presidential,no,0.2824,0.3156,-0.0332
29163,Pike,rcvban_2024,presidential,no,0.239,0.3156,-0.0765
29165,Platte,rcvban_2024,presidential,no,0.3388,0.3156,0.0233
29167,Polk,rcvban_2024,presidential,no,0.2465,0.3156,-0.0691
29169,Pulaski,rcvban_2024,presidential,no,0.2354,0.3156,-0.0802
29171,Putnam,rcvban_2024,presidential,no,0.2352,0.3156,-0.0803
29173,Ralls,rcvban_2024,presidential,no,0.2404,0.3156,-0.0752
29175,Randolph,rcvban_2024,presidential,no,0.2322,0.3156,-0.0834
29177,Ray,rcvban_2024,presidential,no,0.2315,0.3156,-0.084
29179,Reynolds,rcvban_2024,presidential,no,0.2892,0.3156,-0.0264
29181,Ripley,rcvban_2024,presidential,no,0.2513,0.3156,-0.0643
29183,St. Charles,rcvban_2024,presidential,no,0.3074,0.3156,-0.0081
29185,St. Clair,rcvban_2024,presidential,no,0.2265,0.3156,-0.0891
29186,Ste. Genevieve,rcvban_2024,presidential,no,0.2969,0.3156,-0.0187
29187,St. Francois,rcvban_2024,presidential,no,0.2522,0.3156,-0.0633
29189,St. Louis County,rcvban_2024,presidential,no,0.401,0.3156,0.0855
29195,Saline,rcvban_2024,presidential,no,0.2416,0.3156,-0.074
29197,Schuyler,rcvban_2024,presidential,no,0.257,0.3156,-0.0586
29199,Scotland,rcvban_2024,presidential,no,0.2902,0.3156,-0.0254
29201,Scott,rcvban_2024,presidential,no,0.2525,0.3156,-0.0631
29203,Shannon,rcvban_2024,presidential,no,0.3027,0.3156,-0.0129
29205,Shelby,rcvban_2024,presidential,no,0.2529,0.3156,-0.0627
29207,Stoddard,rcvban_2024,presidential,no,0.2576,0.3156,-0.058
29209,Stone,rcvban_2024,presidential,no,0.1973,0.3156,-0.1183
29211,Sullivan,rcvban_2024,presidential,no,0.2575,0.3156,-0.058
29213,Taney,rcvban_2024,presidential,no,0.219,0.3156,-0.0966
29215,Texas,rcvban_2024,presidential,no,0.248,0.3156,-0.0675
29217,Vernon,rcvban_2024,presidential,no,0.215,0.3156,-0.1005
29219,Warren,rcvban_2024,presidential,no,0.2387,0.3156,-0.0769
29221,Washington,rcvban_2024,presidential,no,0.2285,0.3156,-0.087
29223,Wayne,rcvban_2024,presidential,no,0.2397,0.3156,-0.0758
29225,Webster,rcvban_2024,presidential,no,0.2178,0.3156,-0.0978
29227,Worth,rcvban_2024,presidential,no,0.2421,0.3156,-0.0735
29229,Wright,rcvban_2024,presidential,no,0.2468,0.3156,-0.0687
2938000,Kansas City,rcvban_2024,presidential,no,0.4407,0.3156,0.1252
29510,St. Louis City,rcvban_2024,presidential,no,0.5592,0.3156,0.2437
29001,Adair,minwage_2024,presidential,yes,0.5071,0.5757,-0.0686
29003,Andrew,minwage_2024,presidential,yes,0.4553,0.5757,-0.1204
29005,Atchison,minwage_2024,presidential,yes,0.5191,0.5757,-0.0566
29007,Audrain,minwage_2024,presidential,yes,0.4784,0.5757,-0.0974
29009,Barry,minwage_2024,presidential,yes,0.441,0.5757,-0.1347
29011,Barton,minwage_2024,presidential,yes,0.3388,0.5757,-0.237
29013,Bates,minwage_2024,presidential,yes,0.4679,0.5757,-0.1078
29015,Benton,minwage_2024,presidential,yes,0.4767,0.5757,-0.099
29017,Bollinger,minwage_2024,presidential,yes,0.319,0.5757,-0.2567
29019,Boone,minwage_2024,presidential,yes,0.6351,0.5757,0.0594
29021,Buchanan,minwage_2024,presidential,yes,0.5783,0.5757,0.0026
29023,Butler,minwage_2024,presidential,yes,0.4403,0.5757,-0.1354
29025,Caldwell,minwage_2024,presidential,yes,0.4734,0.5757,-0.1024
29027,Callaway,minwage_2024,presidential,yes,0.467,0.5757,-0.1087
29029,Camden,minwage_2024,presidential,yes,0.4754,0.5757,-0.1004
29031,Cape Girardeau,minwage_2024,presidential,yes,0.4318,0.5757,-0.144
29033,Carroll,minwage_2024,presidential,yes,0.4466,0.5757,-0.1291
29035,Carter,minwage_2024,presidential,yes,0.3781,0.5757,-0.1976
29037,Cass,minwage_2024,presidential,yes,0.5767,0.5757,0.0009
29039,Cedar,minwage_2024,presidential,yes,0.4006,0.5757,-0.1751
29041,Chariton,minwage_2024,presidential,yes,0.4154,0.5757,-0.1603
29043,Christian,minwage_2024,presidential,yes,0.415,0.5757,-0.1607
29045,Clark,minwage_2024,presidential,yes,0.5039,0.5757,-0.0718
29047,Clay,minwage_2024,presidential,yes,0.6426,0.5757,0.0669
29049,Clinton,minwage_2024,presidential,yes,0.504,0.5757,-0.0718
29051,Cole,minwage_2024,presidential,yes,0.4693,0.5757,-0.1064
29053,Cooper,minwage_2024,presidential,yes,0.4587,0.5757,-0.1171
29055,Crawford,minwage_2024,presidential,yes,0.4294,0.5757,-0.1463
29057,Dade,minwage_2024,presidential,yes,0.3987,0.5757,-0.177
29059,Dallas,minwage_2024,presidential,yes,0.4215,0.5757,-0.1542
29061,Daviess,minwage_2024,presidential,yes,0.4366,0.5757,-0.1391
29063,Dekalb,minwage_2024,presidential,yes,0.4227,0.5757,-0.1531
29065,Dent,minwage_2024,presidential,yes,0.3847,0.5757,-0.191
29067,Douglas,minwage_2024,presidential,yes,0.3626,0.5757,-0.2132
29069,Dunklin,minwage_2024,presidential,yes,0.517,0.5757,-0.0587
29071,Franklin,minwage_2024,presidential,yes,0.4776,0.5757,-0.0981
29073,Gasconade,minwage_2024,presidential,yes,0.4148,0.5757,-0.161
29075,Gentry,minwage_2024,presidential,yes,0.4311,0.5757,-0.1446
29077,Greene,minwage_2024,presidential,yes,0.5508,0.5757,-0.0249
29079,Grundy,minwage_2024,presidential,yes,0.4197,0.5757,-0.1561
29081,Harrison,minwage_2024,presidential,yes,0.441,0.5757,-0.1347
29083,Henry,minwage_2024,presidential,yes,0.5182,0.5757,-0.0576
29085,Hickory,minwage_2024,presidential,yes,0.4625,0.5757,-0.1132
29087,Holt,minwage_2024,presidential,yes,0.4071,0.5757,-0.1686
29089,Howard,minwage_2024,presidential,yes,0.4347,0.5757,-0.141
29091,Howell,minwage_2024,presidential,yes,0.3748,0.5757,-0.201
29093,Iron,minwage_2024,presidential,yes,0.4486,0.5757,-0.1271
29095,Jackson,minwage_2024,presidential,yes,0.6413,0.5757,0.0656
29097,Jasper,minwage_2024,presidential,yes,0.4931,0.5757,-0.0826
29099,Jefferson,minwage_2024,presidential,yes,0.528,0.5757,-0.0477
29101,Johnson,minwage_2024,presidential,yes,0.5207,0.5757,-0.055
29103,Knox,minwage_2024,presidential,yes,0.4392,0.5757,-0.1365
29105,Laclede,minwage_2024,presidential,yes,0.4194,0.5757,-0.1563
29107,Lafayette,minwage_2024,presidential,yes,0.5146,0.5757,-0.0612
29109,Lawrence,minwage_2024,presidential,yes,0.4173,0.5757,-0.1584
29111,Lewis,minwage_2024,presidential,yes,0.4932,0.5757,-0.0825
29113,Lincoln,minwage_2024,presidential,yes,0.4904,0.5757,-0.0853
29115,Linn,minwage_2024,presidential,yes,0.4664,0.5757,-0.1094
29117,Livingston,minwage_2024,presidential,yes,0.4581,0.5757,-0.1177
29119,McDonald,minwage_2024,presidential,yes,0.4899,0.5757,-0.0859
29121,Macon,minwage_2024,presidential,yes,0.4005,0.5757,-0.1752
29123,Madison,minwage_2024,presidential,yes,0.4076,0.5757,-0.1681
29125,Maries,minwage_2024,presidential,yes,0.3787,0.5757,-0.197
29127,Marion,minwage_2024,presidential,yes,0.4854,0.5757,-0.0903
29129,Mercer,minwage_2024,presidential,yes,0.4374,0.5757,-0.1383
29131,Miller,minwage_2024,presidential,yes,0.4161,0.5757,-0.1596
29133,Mississippi,minwage_2024,presidential,yes,0.5234,0.5757,-0.0524
29135,Moniteau,minwage_2024,presidential,yes,0.378,0.5757,-0.1977
29137,Monroe,minwage_2024,presidential,yes,0.4272,0.5757,-0.1486
29139,Montgomery,minwage_2024,presidential,yes,0.4516,0.5757,-0.1241
29141,Morgan,minwage_2024,presidential,yes,0.4554,0.5757,-0.1203
29143,New Madrid,minwage_2024,presidential,yes,0.5314,0.5757,-0.0443
29145,Newton,minwage_2024,presidential,yes,0.4178,0.5757,-0.158
29147,Nodaway,minwage_2024,presidential,yes,0.4453,0.5757,-0.1305
29149,Oregon,minwage_2024,presidential,yes,0.4115,0.5757,-0.1642
29151,Osage,minwage_2024,presidential,yes,0.3289,0.5757,-0.2469
29153,Ozark,minwage_2024,presidential,yes,0.4172,0.5757,-0.1585
29155,Pemiscot,minwage_2024,presidential,yes,0.6133,0.5757,0.0376
29157,Perry,minwage_2024,presidential,yes,0.385,0.5757,-0.1907
29159,Pettis,minwage_2024,presidential,yes,0.5046,0.5757,-0.0711
29161,Phelps,minwage_2024,presidential,yes,0.4866,0.5757,-0.0891
29163,Pike,minwage_2024,presidential,yes,0.4612,0.5757,-0.1145
29165,Platte,minwage_2024,presidential,yes,0.6317,0.5757,0.0559
29167,Polk,minwage_2024,presidential,yes,0.4094,0.5757,-0.1663
29169,Pulaski,minwage_2024,presidential,yes,0.5468,0.5757,-0.0289
29171,Putnam,minwage_2024,presidential,yes,0.4593,0.5757,-0.1164
29173,Ralls,minwage_2024,presidential,yes,0.4334,0.5757,-0.1423
29175,Randolph,minwage_2024,presidential,yes,0.4564,0.5757,-0.1193
29177,Ray,minwage_2024,presidential,yes,0.5248,0.5757,-0.0509
29179,Reynolds,minwage_2024,presidential,yes,0.4024,0.5757,-0.1734
29181,Ripley,minwage_2024,presidential,yes,0.4,0.5757,-0.1757
29183,St. Charles,minwage_2024,presidential,yes,0.5657,0.5757,-0.0101
29185,St. Clair,minwage_2024,presidential,yes,0.4483,0.5757,-0.1275
29186,Ste. Genevieve,minwage_2024,presidential,yes,0.4633,0.5757,-0.1125
29187,St. Francois,minwage_2024,presidential,yes,0.5003,0.5757,-0.0755
29189,St. Louis County,minwage_2024,presidential,yes,0.6956,0.5757,0.1198
29195,Saline,minwage_2024,presidential,yes,0.5083,0.5757,-0.0674
29197,Schuyler,minwage_2024,presidential,yes,0.4292,0.5757,-0.1465
29199,Scotland,minwage_2024,presidential,yes,0.458,0.5757,-0.1177
29201,Scott,minwage_2024,presidential,yes,0.4394,0.5757,-0.1363
29203,Shannon,minwage_2024,presidential,yes,0.3624,0.5757,-0.2134
29205,Shelby,minwage_2024,presidential,yes,0.3917,0.5757,-0.184
29207,Stoddard,minwage_2024,presidential,yes,0.4099,0.5757,-0.1658
29209,Stone,minwage_2024,presidential,yes,0.4586,0.5757,-0.1171
29211,Sullivan,minwage_2024,presidential,yes,0.4274,0.5757,-0.1483
29213,Taney,minwage_2024,presidential,yes,0.5015,0.5757,-0.0742
29215,Texas,minwage_2024,presidential,yes,0.3693,0.5757,-0.2064
29217,Vernon,minwage_2024,presidential,yes,0.4489,0.5757,-0.1269
29219,Warren,minwage_2024,presidential,yes,0.4849,0.5757,-0.0909
29221,Washington,minwage_2024,presidential,yes,0.4666,0.5757,-0.1091
29223,Wayne,minwage_2024,presidential,yes,0.3986,0.5757,-0.1771
29225,Webster,minwage_2024,presidential,yes,0.4099,0.5757,-0.1658
29227,Worth,minwage_2024,presidential,yes,0.4076,0.5757,-0.1682
29229,Wright,minwage_2024,presidential,yes,0.3513,0.5757,-0.2245
2938000,Kansas City,minwage_2024,presidential,yes,0.8421,0.5757,0.2663
29510,St. Louis City,minwage_2024,presidential,yes,0.8554,0.5757,0.2797
29001,Adair,rtw_2018p,primary,no,0.579,0.6747,-0.0956
29003,Andrew,rtw_2018p,primary,no,0.6718,0.6747,-0.0028
29005,Atchison,rtw_2018p,primary,no,0.4239,0.6747,-0.2508
29007,Audrain,rtw_2018p,primary,no,0.634,0.6747,-0.0407
29009,Barry,rtw_2018p,primary,no,0.4621,0.6747,-0.2125
29011,Barton,rtw_2018p,primary,no,0.4218,0.6747,-0.2529
29013,Bates,rtw_2018p,primary,no,0.7543,0.6747,0.0796
29015,Benton,rtw_2018p,primary,no,0.6474,0.6747,-0.0273
29017,Bollinger,rtw_2018p,primary,no,0.6016,0.6747,-0.0731
29019,Boone,rtw_2018p,primary,no,0.65,0.6747,-0.0247
29021,Buchanan,rtw_2018p,primary,no,0.7098,0.6747,0.0351
29023,Butler,rtw_2018p,primary,no,0.5447,0.6747,-0.13
29025,Caldwell,rtw_2018p,primary,no,0.6967,0.6747,0.0221
29027,Callaway,rtw_2018p,primary,no,0.6263,0.6747,-0.0483
29029,Camden,rtw_2018p,primary,no,0.4838,0.6747,-0.1909
29031,Cape Girardeau,rtw_2018p,primary,no,0.4962,0.6747,-0.1785
29033,Carroll,rtw_2018p,primary,no,0.6363,0.6747,-0.0384
29035,Carter,rtw_2018p,primary,no,0.6582,0.6747,-0.0165
29037,Cass,rtw_2018p,primary,no,0.6633,0.6747,-0.0114
29039,Cedar,rtw_2018p,primary,no,0.5158,0.6747,-0.1589
29041,Chariton,rtw_2018p,primary,no,0.6425,0.6747,-0.0321
29043,Christian,rtw_2018p,primary,no,0.4854,0.6747,-0.1892
29045,Clark,rtw_2018p,primary,no,0.5825,0.6747,-0.0922
29047,Clay,rtw_2018p,primary,no,0.708,0.6747,0.0333
29049,Clinton,rtw_2018p,primary,no,0.7164,0.6747,0.0417
29051,Cole,rtw_2018p,primary,no,0.5511,0.6747,-0.1236
29053,Cooper,rtw_2018p,primary,no,0.5772,0.6747,-0.0974
29055,Crawford,rtw_2018p,primary,no,0.6993,0.6747,0.0247
29057,Dade,rtw_2018p,primary,no,0.5258,0.6747,-0.1489
29059,Dallas,rtw_2018p,primary,no,0.596,0.6747,-0.0787
29061,Daviess,rtw_2018p,primary,no,0.6322,0.6747,-0.0424
29063,Dekalb,rtw_2018p,primary,no,0.657,0.6747,-0.0177
29065,Dent,rtw_2018p,primary,no,0.5806,0.6747,-0.094
29067,Douglas,rtw_2018p,primary,no,0.5173,0.6747,-0.1574
29069,Dunklin,rtw_2018p,primary,no,0.4363,0.6747,-0.2384
29071,Franklin,rtw_2018p,primary,no,0.7319,0.6747,0.0573
29073,Gasconade,rtw_2018p,primary,no,0.6788,0.6747,0.0042
29075,Gentry,rtw_2018p,primary,no,0.6182,0.6747,-0.0564
29077,Greene,rtw_2018p,primary,no,0.5741,0.6747,-0.1006
29079,Grundy,rtw_2018p,primary,no,0.6353,0.6747,-0.0393
29081,Harrison,rtw_2018p,primary,no,0.5909,0.6747,-0.0838
29083,Henry,rtw_2018p,primary,no,0.7098,0.6747,0.0351
29085,Hickory,rtw_2018p,primary,no,0.5777,0.6747,-0.097
29087,Holt,rtw_2018p,primary,no,0.51,0.6747,-0.1646
29089,Howard,rtw_2018p,primary,no,0.6084,0.6747,-0.0663
29091,Howell,rtw_2018p,primary,no,0.4972,0.6747,-0.1775
29093,Iron,rtw_2018p,primary,no,0.7801,0.6747,0.1054
29095,Jackson,rtw_2018p,primary,no,0.7058,0.6747,0.0312
29097,Jasper,rtw_2018p,primary,no,0.4806,0.6747,-0.1941
29099,Jefferson,rtw_2018p,primary,no,0.7845,0.6747,0.1099
29101,Johnson,rtw_2018p,primary,no,0.6515,0.6747,-0.0232
29103,Knox,rtw_2018p,primary,no,0.5425,0.6747,-0.1321
29105,Laclede,rtw_2018p,primary,no,0.5135,0.6747,-0.1612
29107,Lafayette,rtw_2018p,primary,no,0.6992,0.6747,0.0245
29109,Lawrence,rtw_2018p,primary,no,0.529,0.6747,-0.1456
29111,Lewis,rtw_2018p,primary,no,0.5244,0.6747,-0.1503
29113,Lincoln,rtw_2018p,primary,no,0.7523,0.6747,0.0777
29115,Linn,rtw_2018p,primary,no,0.6758,0.6747,0.0011
29117,Livingston,rtw_2018p,primary,no,0.6772,0.6747,0.0025
29119,McDonald,rtw_2018p,primary,no,0.3907,0.6747,-0.284
29121,Macon,rtw_2018p,primary,no,0.5959,0.6747,-0.0787
29123,Madison,rtw_2018p,primary,no,0.6979,0.6747,0.0233
29125,Maries,rtw_2018p,primary,no,0.6319,0.6747,-0.0428
29127,Marion,rtw_2018p,primary,no,0.5485,0.6747,-0.1261
29129,Mercer,rtw_2018p,primary,no,0.517,0.6747,-0.1576
29131,Miller,rtw_2018p,primary,no,0.575,0.6747,-0.0997
29133,Mississippi,rtw_2018p,primary,no,0.5656,0.6747,-0.109
29135,Moniteau,rtw_2018p,primary,no,0.577,0.6747,-0.0976
29137,Monroe,rtw_2018p,primary,no,0.6174,0.6747,-0.0572
29139,Montgomery,rtw_2018p,primary,no,0.6676,0.6747,-0.007
29141,Morgan,rtw_2018p,primary,no,0.5604,0.6747,-0.1143
29143,New Madrid,rtw_2018p,primary,no,0.5228,0.6747,-0.1518
29145,Newton,rtw_2018p,primary,no,0.4458,0.6747,-0.2288
29147,Nodaway,rtw_2018p,primary,no,0.5561,0.6747,-0.1186
29149,Oregon,rtw_2018p,primary,no,0.5604,0.6747,-0.1142
29151,Osage,rtw_2018p,primary,no,0.5834,0.6747,-0.0912
29153,Ozark,rtw_2018p,primary,no,0.5455,0.6747,-0.1291
29155,Pemiscot,rtw_2018p,primary,no,0.3595,0.6747,-0.3152
29157,Perry,rtw_2018p,primary,no,0.6773,0.6747,0.0027
29159,Pettis,rtw_2018p,primary,no,0.6272,0.6747,-0.0474
29161,Phelps,rtw_2018p,primary,no,0.5501,0.6747,-0.1245
29163,Pike,rtw_2018p,primary,no,0.7337,0.6747,0.059
29165,Platte,rtw_2018p,primary,no,0.6353,0.6747,-0.0394
29167,Polk,rtw_2018p,primary,no,0.5695,0.6747,-0.1051
29169,Pulaski,rtw_2018p,primary,no,0.5015,0.6747,-0.1732
29171,Putnam,rtw_2018p,primary,no,0.457,0.6747,-0.2177
29173,Ralls,rtw_2018p,primary,no,0.646,0.6747,-0.0287
29175,Randolph,rtw_2018p,primary,no,0.6226,0.6747,-0.0521
29177,Ray,rtw_2018p,primary,no,0.7896,0.6747,0.115
29179,Reynolds,rtw_2018p,primary,no,0.7595,0.6747,0.0848
29181,Ripley,rtw_2018p,primary,no,0.554,0.6747,-0.1207
29183,St. Charles,rtw_2018p,primary,no,0.681,0.6747,0.0064
29185,St. Clair,rtw_2018p,primary,no,0.6698,0.6747,-0.0049
29186,Ste. Genevieve,rtw_2018p,primary,no,0.8481,0.6747,0.1735
29187,St. Francois,rtw_2018p,primary,no,0.777,0.6747,0.1024
29189,St. Louis County,rtw_2018p,primary,no,0.7276,0.6747,0.0529
29195,Saline,rtw_2018p,primary,no,0.6628,0.6747,-0.0119
29197,Schuyler,rtw_2018p,primary,no,0.5843,0.6747,-0.0903
29199,Scotland,rtw_2018p,primary,no,0.574,0.6747,-0.1007
29201,Scott,rtw_2018p,primary,no,0.5881,0.6747,-0.0865
29203,Shannon,rtw_2018p,primary,no,0.6833,0.6747,0.0087
29205,Shelby,rtw_2018p,primary,no,0.609,0.6747,-0.0657
29207,Stoddard,rtw_2018p,primary,no,0.5133,0.6747,-0.1614
29209,Stone,rtw_2018p,primary,no,0.46,0.6747,-0.2147
29211,Sullivan,rtw_2018p,primary,no,0.5222,0.6747,-0.1525
29213,Taney,rtw_2018p,primary,no,0.4642,0.6747,-0.2105
29215,Texas,rtw_2018p,primary,no,0.5701,0.6747,-0.1046
29217,Vernon,rtw_2018p,primary,no,0.5957,0.6747,-0.079
29219,Warren,rtw_2018p,primary,no,0.7211,0.6747,0.0464
29221,Washington,rtw_2018p,primary,no,0.821,0.6747,0.1463
29223,Wayne,rtw_2018p,primary,no,0.6585,0.6747,-0.0161
29225,Webster,rtw_2018p,primary,no,0.5853,0.6747,-0.0894
29227,Worth,rtw_2018p,primary,no,0.5061,0.6747,-0.1685
29229,Wright,rtw_2018p,primary,no,0.5351,0.6747,-0.1396
2938000,Kansas City,rtw_2018p,primary,no,0.8288,0.6747,0.1542
29510,St. Louis City,rtw_2018p,primary,no,0.8807,0.6747,0.206
29001,Adair,medicaid_2020p,primary,yes,0.3899,0.5327,-0.1428
29003,Andrew,medicaid_2020p,primary,yes,0.3461,0.5327,-0.1866
29005,Atchison,medicaid_2020p,primary,yes,0.3358,0.5327,-0.197
29007,Audrain,medicaid_2020p,primary,yes,0.3694,0.5327,-0.1633
29009,Barry,medicaid_2020p,primary,yes,0.2931,0.5327,-0.2397
29011,Barton,medicaid_2020p,primary,yes,0.1986,0.5327,-0.3341
29013,Bates,medicaid_2020p,primary,yes,0.3639,0.5327,-0.1688
29015,Benton,medicaid_2020p,primary,yes,0.349,0.5327,-0.1838
29017,Bollinger,medicaid_2020p,primary,yes,0.2328,0.5327,-0.3
29019,Boone,medicaid_2020p,primary,yes,0.6659,0.5327,0.1331
29021,Buchanan,medicaid_2020p,primary,yes,0.4854,0.5327,-0.0473
29023,Butler,medicaid_2020p,primary,yes,0.2917,0.5327,-0.2411
29025,Caldwell,medicaid_2020p,primary,yes,0.3301,0.5327,-0.2026
29027,Callaway,medicaid_2020p,primary,yes,0.3896,0.5327,-0.1432
29029,Camden,medicaid_2020p,primary,yes,0.3319,0.5327,-0.2009
29031,Cape Girardeau,medicaid_2020p,primary,yes,0.3197,0.5327,-0.213
29033,Carroll,medicaid_2020p,primary,yes,0.3082,0.5327,-0.2245
29035,Carter,medicaid_2020p,primary,yes,0.3114,0.5327,-0.2213
29037,Cass,medicaid_2020p,primary,yes,0.4523,0.5327,-0.0805
29039,Cedar,medicaid_2020p,primary,yes,0.2787,0.5327,-0.254
29041,Chariton,medicaid_2020p,primary,yes,0.2952,0.5327,-0.2375
29043,Christian,medicaid_2020p,primary,yes,0.3407,0.5327,-0.192
29045,Clark,medicaid_2020p,primary,yes,0.2867,0.5327,-0.246
29047,Clay,medicaid_2020p,primary,yes,0.5952,0.5327,0.0624
29049,Clinton,medicaid_2020p,primary,yes,0.4076,0.5327,-0.1252
29051,Cole,medicaid_2020p,primary,yes,0.3958,0.5327,-0.137
29053,Cooper,medicaid_2020p,primary,yes,0.3408,0.5327,-0.1919
29055,Crawford,medicaid_2020p,primary,yes,0.3299,0.5327,-0.2029
29057,Dade,medicaid_2020p,primary,yes,0.2403,0.5327,-0.2924
29059,Dallas,medicaid_2020p,primary,yes,0.2802,0.5327,-0.2526
29061,Daviess,medicaid_2020p,primary,yes,0.3087,0.5327,-0.2241
29063,Dekalb,medicaid_2020p,primary,yes,0.279,0.5327,-0.2537
29065,Dent,medicaid_2020p,primary,yes,0.3023,0.5327,-0.2304
29067,Douglas,medicaid_2020p,primary,yes,0.2756,0.5327,-0.2572
29069,Dunklin,medicaid_2020p,primary,yes,0.3029,0.5327,-0.2298
29071,Franklin,medicaid_2020p,primary,yes,0.384,0.5327,-0.1488
29073,Gasconade,medicaid_2020p,primary,yes,0.3115,0.5327,-0.2213
29075,Gentry,medicaid_2020p,primary,yes,0.4131,0.5327,-0.1197
29077,Greene,medicaid_2020p,primary,yes,0.5235,0.5327,-0.0092
29079,Grundy,medicaid_2020p,primary,yes,0.258,0.5327,-0.2747
29081,Harrison,medicaid_2020p,primary,yes,0.2939,0.5327,-0.2389
29083,Henry,medicaid_2020p,primary,yes,0.4117,0.5327,-0.1211
29085,Hickory,medicaid_2020p,primary,yes,0.3079,0.5327,-0.2248
29087,Holt,medicaid_2020p,primary,yes,0.3047,0.5327,-0.228
29089,Howard,medicaid_2020p,primary,yes,0.3757,0.5327,-0.157
29091,Howell,medicaid_2020p,primary,yes,0.3089,0.5327,-0.2238
29093,Iron,medicaid_2020p,primary,yes,0.4303,0.5327,-0.1024
29095,Jackson,medicaid_2020p,primary,yes,0.6177,0.5327,0.0849
29097,Jasper,medicaid_2020p,primary,yes,0.3364,0.5327,-0.1963
29099,Jefferson,medicaid_2020p,primary,yes,0.4626,0.5327,-0.0702
29101,Johnson,medicaid_2020p,primary,yes,0.4166,0.5327,-0.1162
29103,Knox,medicaid_2020p,primary,yes,0.2625,0.5327,-0.2703
29105,Laclede,medicaid_2020p,primary,yes,0.2708,0.5327,-0.262
29107,Lafayette,medicaid_2020p,primary,yes,0.4218,0.5327,-0.111
29109,Lawrence,medicaid_2020p,primary,yes,0.2944,0.5327,-0.2384
29111,Lewis,medicaid_2020p,primary,yes,0.2414,0.5327,-0.2914
29113,Lincoln,medicaid_2020p,primary,yes,0.3288,0.5327,-0.2039
29115,Linn,medicaid_2020p,primary,yes,0.3218,0.5327,-0.2109
29117,Livingston,medicaid_2020p,primary,yes,0.2942,0.5327,-0.2386
29119,McDonald,medicaid_2020p,primary,yes,0.2831,0.5327,-0.2496
29121,Macon,medicaid_2020p,primary,yes,0.2419,0.5327,-0.2909
29123,Madison,medicaid_2020p,primary,yes,0.3363,0.5327,-0.1964
29125,Maries,medicaid_2020p,primary,yes,0.2597,0.5327,-0.273
29127,Marion,medicaid_2020p,primary,yes,0.3262,0.5327,-0.2066
29129,Mercer,medicaid_2020p,primary,yes,0.2163,0.5327,-0.3165
29131,Miller,medicaid_2020p,primary,yes,0.2744,0.5327,-0.2583
29133,Mississippi,medicaid_2020p,primary,yes,0.3495,0.5327,-0.1832
29135,Moniteau,medicaid_2020p,primary,yes,0.2302,0.5327,-0.3025
29137,Monroe,medicaid_2020p,primary,yes,0.2853,0.5327,-0.2474
29139,Montgomery,medicaid_2020p,primary,yes,0.323,0.5327,-0.2098
29141,Morgan,medicaid_2020p,primary,yes,0.3243,0.5327,-0.2084
29143,New Madrid,medicaid_2020p,primary,yes,0.3404,0.5327,-0.1923
29145,Newton,medicaid_2020p,primary,yes,0.2707,0.5327,-0.2621
29147,Nodaway,medicaid_2020p,primary,yes,0.4208,0.5327,-0.112
29149,Oregon,medicaid_2020p,primary,yes,0.3479,0.5327,-0.1849
29151,Osage,medicaid_2020p,primary,yes,0.2285,0.5327,-0.3043
29153,Ozark,medicaid_2020p,primary,yes,0.2944,0.5327,-0.2384
29155,Pemiscot,medicaid_2020p,primary,yes,0.3429,0.5327,-0.1898
29157,Perry,medicaid_2020p,primary,yes,0.2813,0.5327,-0.2515
29159,Pettis,medicaid_2020p,primary,yes,0.3787,0.5327,-0.1541
29161,Phelps,medicaid_2020p,primary,yes,0.3884,0.5327,-0.1444
29163,Pike,medicaid_2020p,primary,yes,0.3509,0.5327,-0.1819
29165,Platte,medicaid_2020p,primary,yes,0.6168,0.5327,0.084
29167,Polk,medicaid_2020p,primary,yes,0.3224,0.5327,-0.2103
29169,Pulaski,medicaid_2020p,primary,yes,0.3008,0.5327,-0.232
29171,Putnam,medicaid_2020p,primary,yes,0.214,0.5327,-0.3187
29173,Ralls,medicaid_2020p,primary,yes,0.2854,0.5327,-0.2473
29175,Randolph,medicaid_2020p,primary,yes,0.3164,0.5327,-0.2163
29177,Ray,medicaid_2020p,primary,yes,0.4245,0.5327,-0.1083
29179,Reynolds,medicaid_2020p,primary,yes,0.3577,0.5327,-0.1751
29181,Ripley,medicaid_2020p,primary,yes,0.3266,0.5327,-0.2062
29183,St. Charles,medicaid_2020p,primary,yes,0.514,0.5327,-0.0187
29185,St. Clair,medicaid_2020p,primary,yes,0.3395,0.5327,-0.1932
29186,Ste. Genevieve,medicaid_2020p,primary,yes,0.4406,0.5327,-0.0921
29187,St. Francois,medicaid_2020p,primary,yes,0.4277,0.5327,-0.105
29189,St. Louis County,medicaid_2020p,primary,yes,0.7283,0.5327,0.1956
29195,Saline,medicaid_2020p,primary,yes,0.4708,0.5327,-0.0619
29197,Schuyler,medicaid_2020p,primary,yes,0.2839,0.5327,-0.2489
29199,Scotland,medicaid_2020p,primary,yes,0.3641,0.5327,-0.1687
29201,Scott,medicaid_2020p,primary,yes,0.3181,0.5327,-0.2146
29203,Shannon,medicaid_2020p,primary,yes,0.3658,0.5327,-0.167
29205,Shelby,medicaid_2020p,primary,yes,0.2573,0.5327,-0.2754
29207,Stoddard,medicaid_2020p,primary,yes,0.2687,0.5327,-0.2641
29209,Stone,medicaid_2020p,primary,yes,0.3181,0.5327,-0.2146
29211,Sullivan,medicaid_2020p,primary,yes,0.2171,0.5327,-0.3156
29213,Taney,medicaid_2020p,primary,yes,0.342,0.5327,-0.1908
29215,Texas,medicaid_2020p,primary,yes,0.2875,0.5327,-0.2453
29217,Vernon,medicaid_2020p,primary,yes,0.3638,0.5327,-0.1689
29219,Warren,medicaid_2020p,primary,yes,0.3388,0.5327,-0.1939
29221,Washington,medicaid_2020p,primary,yes,0.3646,0.5327,-0.1681
29223,Wayne,medicaid_2020p,primary,yes,0.2612,0.5327,-0.2716
29225,Webster,medicaid_2020p,primary,yes,0.2958,0.5327,-0.2369
29227,Worth,medicaid_2020p,primary,yes,0.3245,0.5327,-0.2083
29229,Wright,medicaid_2020p,primary,yes,0.2282,0.5327,-0.3045
2938000,Kansas City,medicaid_2020p,primary,yes,0.8768,0.5327,0.344
29510,St. Louis City,medicaid_2020p,primary,yes,0.8843,0.5327,0.3515
29001,Adair,childcare_tax_2024p,primary,yes,0.4915,0.4528,0.0386
29003,Andrew,childcare_tax_2024p,primary,yes,0.4166,0.4528,-0.0362
29005,Atchison,childcare_tax_2024p,primary,yes,0.535,0.4528,0.0822
29007,Audrain,childcare_tax_2024p,primary,yes,0.437,0.4528,-0.0158
29009,Barry,childcare_tax_2024p,primary,yes,0.4334,0.4528,-0.0194
29011,Barton,childcare_tax_2024p,primary,yes,0.4356,0.4528,-0.0172
29013,Bates,childcare_tax_2024p,primary,yes,0.482,0.4528,0.0291
29015,Benton,childcare_tax_2024p,primary,yes,0.4224,0.4528,-0.0304
29017,Bollinger,childcare_tax_2024p,primary,yes,0.3741,0.4528,-0.0787
29019,Boone,childcare_tax_2024p,primary,yes,0.4383,0.4528,-0.0145
29021,Buchanan,childcare_tax_2024p,primary,yes,0.4738,0.4528,0.021
29023,Butler,childcare_tax_2024p,primary,yes,0.4708,0.4528,0.0179
29025,Caldwell,childcare_tax_2024p,primary,yes,0.4334,0.4528,-0.0195
29027,Callaway,childcare_tax_2024p,primary,yes,0.4191,0.4528,-0.0338
29029,Camden,childcare_tax_2024p,primary,yes,0.3681,0.4528,-0.0847
29031,Cape Girardeau,childcare_tax_2024p,primary,yes,0.4212,0.4528,-0.0316
29033,Carroll,childcare_tax_2024p,primary,yes,0.4765,0.4528,0.0237
29035,Carter,childcare_tax_2024p,primary,yes,0.3917,0.4528,-0.0612
29037,Cass,childcare_tax_2024p,primary,yes,0.4573,0.4528,0.0045
29039,Cedar,childcare_tax_2024p,primary,yes,0.4272,0.4528,-0.0257
29041,Chariton,childcare_tax_2024p,primary,yes,0.4494,0.4528,-0.0034
29043,Christian,childcare_tax_2024p,primary,yes,0.3826,0.4528,-0.0702
29045,Clark,childcare_tax_2024p,primary,yes,0.466,0.4528,0.0131
29047,Clay,childcare_tax_2024p,primary,yes,0.4609,0.4528,0.0081
29049,Clinton,childcare_tax_2024p,primary,yes,0.4343,0.4528,-0.0186
29051,Cole,childcare_tax_2024p,primary,yes,0.4419,0.4528,-0.011
29053,Cooper,childcare_tax_2024p,primary,yes,0.4621,0.4528,0.0093
29055,Crawford,childcare_tax_2024p,primary,yes,0.3937,0.4528,-0.0591
29057,Dade,childcare_tax_2024p,primary,yes,0.4421,0.4528,-0.0108
29059,Dallas,childcare_tax_2024p,primary,yes,0.4384,0.4528,-0.0145
29061,Daviess,childcare_tax_2024p,primary,yes,0.491,0.4528,0.0381
29063,Dekalb,childcare_tax_2024p,primary,yes,0.4129,0.4528,-0.04
29065,Dent,childcare_tax_2024p,primary,yes,0.3896,0.4528,-0.0633
29067,Douglas,childcare_tax_2024p,primary,yes,0.3983,0.4528,-0.0545
29069,Dunklin,childcare_tax_2024p,primary,yes,0.4998,0.4528,0.0469
29071,Franklin,childcare_tax_2024p,primary,yes,0.3743,0.4528,-0.0785
29073,Gasconade,childcare_tax_2024p,primary,yes,0.3859,0.4528,-0.067
29075,Gentry,childcare_tax_2024p,primary,yes,0.5093,0.4528,0.0565
29077,Greene,childcare_tax_2024p,primary,yes,0.49,0.4528,0.0372
29079,Grundy,childcare_tax_2024p,primary,yes,0.4456,0.4528,-0.0072
29081,Harrison,childcare_tax_2024p,primary,yes,0.4752,0.4528,0.0224
29083,Henry,childcare_tax_2024p,primary,yes,0.416,0.4528,-0.0368
29085,Hickory,childcare_tax_2024p,primary,yes,0.4418,0.4528,-0.011
29087,Holt,childcare_tax_2024p,primary,yes,0.4497,0.4528,-0.0032
29089,Howard,childcare_tax_2024p,primary,yes,0.3605,0.4528,-0.0923
29091,Howell,childcare_tax_2024p,primary,yes,0.422,0.4528,-0.0309
29093,Iron,childcare_tax_2024p,primary,yes,0.4645,0.4528,0.0117
29095,Jackson,childcare_tax_2024p,primary,yes,0.4609,0.4528,0.0081
29097,Jasper,childcare_tax_2024p,primary,yes,0.4699,0.4528,0.0171
29099,Jefferson,childcare_tax_2024p,primary,yes,0.3665,0.4528,-0.0863
29101,Johnson,childcare_tax_2024p,primary,yes,0.4469,0.4528,-0.006
29103,Knox,childcare_tax_2024p,primary,yes,0.4518,0.4528,-0.0011
29105,Laclede,childcare_tax_2024p,primary,yes,0.4506,0.4528,-0.0022
29107,Lafayette,childcare_tax_2024p,primary,yes,0.4844,0.4528,0.0315
29109,Lawrence,childcare_tax_2024p,primary,yes,0.4342,0.4528,-0.0186
29111,Lewis,childcare_tax_2024p,primary,yes,0.4421,0.4528,-0.0107
29113,Lincoln,childcare_tax_2024p,primary,yes,0.3579,0.4528,-0.0949
29115,Linn,childcare_tax_2024p,primary,yes,0.4553,0.4528,0.0025
29117,Livingston,childcare_tax_2024p,primary,yes,0.4436,0.4528,-0.0093
29119,McDonald,childcare_tax_2024p,primary,yes,0.449,0.4528,-0.0038
29121,Macon,childcare_tax_2024p,primary,yes,0.4525,0.4528,-0.0004
29123,Madison,childcare_tax_2024p,primary,yes,0.4397,0.4528,-0.0132
29125,Maries,childcare_tax_2024p,primary,yes,0.4215,0.4528,-0.0313
29127,Marion,childcare_tax_2024p,primary,yes,0.4331,0.4528,-0.0197
29129,Mercer,childcare_tax_2024p,primary,yes,0.3981,0.4528,-0.0548
29131,Miller,childcare_tax_2024p,primary,yes,0.4185,0.4528,-0.0343
29133,Mississippi,childcare_tax_2024p,primary,yes,0.453,0.4528,0.0001
29135,Moniteau,childcare_tax_2024p,primary,yes,0.4406,0.4528,-0.0123
29137,Monroe,childcare_tax_2024p,primary,yes,0.4084,0.4528,-0.0445
29139,Montgomery,childcare_tax_2024p,primary,yes,0.4012,0.4528,-0.0516
29141,Morgan,childcare_tax_2024p,primary,yes,0.4487,0.4528,-0.0042
29143,New Madrid,childcare_tax_2024p,primary,yes,0.5181,0.4528,0.0653
29145,Newton,childcare_tax_2024p,primary,yes,0.4312,0.4528,-0.0216
29147,Nodaway,childcare_tax_2024p,primary,yes,0.5039,0.4528,0.051
29149,Oregon,childcare_tax_2024p,primary,yes,0.388,0.4528,-0.0648
29151,Osage,childcare_tax_2024p,primary,yes,0.4079,0.4528,-0.045
29153,Ozark,childcare_tax_2024p,primary,yes,0.4142,0.4528,-0.0386
29155,Pemiscot,childcare_tax_2024p,primary,yes,0.5097,0.4528,0.0569
29157,Perry,childcare_tax_2024p,primary,yes,0.4303,0.4528,-0.0226
29159,Pettis,childcare_tax_2024p,primary,yes,0.4802,0.4528,0.0274
29161,Phelps,childcare_tax_2024p,primary,yes,0.426,0.4528,-0.0268
29163,Pike,childcare_tax_2024p,primary,yes,0.4408,0.4528,-0.0121
29165,Platte,childcare_tax_2024p,primary,yes,0.4654,0.4528,0.0126
29167,Polk,childcare_tax_2024p,primary,yes,0.474,0.4528,0.0212
29169,Pulaski,childcare_tax_2024p,primary,yes,0.4236,0.4528,-0.0292
29171,Putnam,childcare_tax_2024p,primary,yes,0.4675,0.4528,0.0147
29173,Ralls,childcare_tax_2024p,primary,yes,0.4443,0.4528,-0.0085
29175,Randolph,childcare_tax_2024p,primary,yes,0.4887,0.4528,0.0358
29177,Ray,childcare_tax_2024p,primary,yes,0.4472,0.4528,-0.0057
29179,Reynolds,childcare_tax_2024p,primary,yes,0.4254,0.4528,-0.0275
29181,Ripley,childcare_tax_2024p,primary,yes,0.468,0.4528,0.0152
29183,St. Charles,childcare_tax_2024p,primary,yes,0.3929,0.4528,-0.0599
29185,St. Clair,childcare_tax_2024p,primary,yes,0.459,0.4528,0.0061
29186,Ste. Genevieve,childcare_tax_2024p,primary,yes,0.3714,0.4528,-0.0814
29187,St. Francois,childcare_tax_2024p,primary,yes,0.4558,0.4528,0.003
29189,St. Louis County,childcare_tax_2024p,primary,yes,0.4954,0.4528,0.0425
29195,Saline,childcare_tax_2024p,primary,yes,0.4468,0.4528,-0.006
29197,Schuyler,childcare_tax_2024p,primary,yes,0.502,0.4528,0.0492
29199,Scotland,childcare_tax_2024p,primary,yes,0.449,0.4528,-0.0039
29201,Scott,childcare_tax_2024p,primary,yes,0.4393,0.4528,-0.0135
29203,Shannon,childcare_tax_2024p,primary,yes,0.4167,0.4528,-0.0362
29205,Shelby,childcare_tax_2024p,primary,yes,0.3977,0.4528,-0.0551
29207,Stoddard,childcare_tax_2024p,primary,yes,0.4557,0.4528,0.0029
29209,Stone,childcare_tax_2024p,primary,yes,0.4222,0.4528,-0.0306
29211,Sullivan,childcare_tax_2024p,primary,yes,0.4104,0.4528,-0.0425
29213,Taney,childcare_tax_2024p,primary,yes,0.4417,0.4528,-0.0111
29215,Texas,childcare_tax_2024p,primary,yes,0.3974,0.4528,-0.0555
29217,Vernon,childcare_tax_2024p,primary,yes,0.4834,0.4528,0.0305
29219,Warren,childcare_tax_2024p,primary,yes,0.389,0.4528,-0.0638
29221,Washington,childcare_tax_2024p,primary,yes,0.4392,0.4528,-0.0136
29223,Wayne,childcare_tax_2024p,primary,yes,0.4338,0.4528,-0.0191
29225,Webster,childcare_tax_2024p,primary,yes,0.44,0.4528,-0.0129
29227,Worth,childcare_tax_2024p,primary,yes,0.4479,0.4528,-0.005
29229,Wright,childcare_tax_2024p,primary,yes,0.4425,0.4528,-0.0103
2938000,Kansas City,childcare_tax_2024p,primary,yes,0.4944,0.4528,0.0416
29510,St. Louis City,childcare_tax_2024p,primary,yes,0.5331,0.4528,0.0803
29001,Adair,kcpolice_2024p,primary,no,0.4776,0.4887,-0.0111
29003,Andrew,kcpolice_2024p,primary,no,0.4171,0.4887,-0.0717
29005,Atchison,kcpolice_2024p,primary,no,0.4296,0.4887,-0.0592
29007,Audrain,kcpolice_2024p,primary,no,0.4421,0.4887,-0.0466
29009,Barry,kcpolice_2024p,primary,no,0.5302,0.4887,0.0415
29011,Barton,kcpolice_2024p,primary,no,0.4721,0.4887,-0.0166
29013,Bates,kcpolice_2024p,primary,no,0.3829,0.4887,-0.1058
29015,Benton,kcpolice_2024p,primary,no,0.4199,0.4887,-0.0688
29017,Bollinger,kcpolice_2024p,primary,no,0.5808,0.4887,0.092
29019,Boone,kcpolice_2024p,primary,no,0.5546,0.4887,0.0658
29021,Buchanan,kcpolice_2024p,primary,no,0.389,0.4887,-0.0997
29023,Butler,kcpolice_2024p,primary,no,0.4518,0.4887,-0.0369
29025,Caldwell,kcpolice_2024p,primary,no,0.4157,0.4887,-0.073
29027,Callaway,kcpolice_2024p,primary,no,0.4552,0.4887,-0.0336
29029,Camden,kcpolice_2024p,primary,no,0.5341,0.4887,0.0454
29031,Cape Girardeau,kcpolice_2024p,primary,no,0.5199,0.4887,0.0312
29033,Carroll,kcpolice_2024p,primary,no,0.3893,0.4887,-0.0994
29035,Carter,kcpolice_2024p,primary,no,0.5747,0.4887,0.086
29037,Cass,kcpolice_2024p,primary,no,0.3644,0.4887,-0.1243
29039,Cedar,kcpolice_2024p,primary,no,0.4881,0.4887,-0.0006
29041,Chariton,kcpolice_2024p,primary,no,0.4456,0.4887,-0.0431
29043,Christian,kcpolice_2024p,primary,no,0.5538,0.4887,0.0651
29045,Clark,kcpolice_2024p,primary,no,0.5159,0.4887,0.0271
29047,Clay,kcpolice_2024p,primary,no,0.393,0.4887,-0.0958
29049,Clinton,kcpolice_2024p,primary,no,0.3899,0.4887,-0.0988
29051,Cole,kcpolice_2024p,primary,no,0.4579,0.4887,-0.0308
29053,Cooper,kcpolice_2024p,primary,no,0.4663,0.4887,-0.0224
29055,Crawford,kcpolice_2024p,primary,no,0.5167,0.4887,0.028
29057,Dade,kcpolice_2024p,primary,no,0.5228,0.4887,0.0341
29059,Dallas,kcpolice_2024p,primary,no,0.5125,0.4887,0.0238
29061,Daviess,kcpolice_2024p,primary,no,0.4151,0.4887,-0.0737
29063,Dekalb,kcpolice_2024p,primary,no,0.4526,0.4887,-0.0362
29065,Dent,kcpolice_2024p,primary,no,0.5488,0.4887,0.0601
29067,Douglas,kcpolice_2024p,primary,no,0.6087,0.4887,0.12
29069,Dunklin,kcpolice_2024p,primary,no,0.4289,0.4887,-0.0599
29071,Franklin,kcpolice_2024p,primary,no,0.4581,0.4887,-0.0306
29073,Gasconade,kcpolice_2024p,primary,no,0.4841,0.4887,-0.0046
29075,Gentry,kcpolice_2024p,primary,no,0.419,0.4887,-0.0698
29077,Greene,kcpolice_2024p,primary,no,0.4824,0.4887,-0.0063
29079,Grundy,kcpolice_2024p,primary,no,0.4484,0.4887,-0.0404
29081,Harrison,kcpolice_2024p,primary,no,0.3868,0.4887,-0.1019
29083,Henry,kcpolice_2024p,primary,no,0.4027,0.4887,-0.086
29085,Hickory,kcpolice_2024p,primary,no,0.5072,0.4887,0.0185
29087,Holt,kcpolice_2024p,primary,no,0.4194,0.4887,-0.0693
29089,Howard,kcpolice_2024p,primary,no,0.569,0.4887,0.0802
29091,Howell,kcpolice_2024p,primary,no,0.5291,0.4887,0.0404
29093,Iron,kcpolice_2024p,primary,no,0.4819,0.4887,-0.0068
29095,Jackson,kcpolice_2024p,primary,no,0.43,0.4887,-0.0587
29097,Jasper,kcpolice_2024p,primary,no,0.4328,0.4887,-0.0559
29099,Jefferson,kcpolice_2024p,primary,no,0.4698,0.4887,-0.0189
29101,Johnson,kcpolice_2024p,primary,no,0.4221,0.4887,-0.0667
29103,Knox,kcpolice_2024p,primary,no,0.4913,0.4887,0.0026
29105,Laclede,kcpolice_2024p,primary,no,0.5024,0.4887,0.0137
29107,Lafayette,kcpolice_2024p,primary,no,0.3747,0.4887,-0.114
29109,Lawrence,kcpolice_2024p,primary,no,0.5193,0.4887,0.0306
29111,Lewis,kcpolice_2024p,primary,no,0.5093,0.4887,0.0206
29113,Lincoln,kcpolice_2024p,primary,no,0.4908,0.4887,0.0021
29115,Linn,kcpolice_2024p,primary,no,0.4244,0.4887,-0.0643
29117,Livingston,kcpolice_2024p,primary,no,0.4449,0.4887,-0.0438
29119,McDonald,kcpolice_2024p,primary,no,0.477,0.4887,-0.0117
29121,Macon,kcpolice_2024p,primary,no,0.3827,0.4887,-0.106
29123,Madison,kcpolice_2024p,primary,no,0.5527,0.4887,0.064
29125,Maries,kcpolice_2024p,primary,no,0.5092,0.4887,0.0205
29127,Marion,kcpolice_2024p,primary,no,0.4967,0.4887,0.008
29129,Mercer,kcpolice_2024p,primary,no,0.5594,0.4887,0.0707
29131,Miller,kcpolice_2024p,primary,no,0.5047,0.4887,0.016
29133,Mississippi,kcpolice_2024p,primary,no,0.4914,0.4887,0.0027
29135,Moniteau,kcpolice_2024p,primary,no,0.5142,0.4887,0.0255
29137,Monroe,kcpolice_2024p,primary,no,0.5157,0.4887,0.0269
29139,Montgomery,kcpolice_2024p,primary,no,0.4719,0.4887,-0.0169
29141,Morgan,kcpolice_2024p,primary,no,0.4552,0.4887,-0.0335
29143,New Madrid,kcpolice_2024p,primary,no,0.4438,0.4887,-0.0449
29145,Newton,kcpolice_2024p,primary,no,0.4581,0.4887,-0.0306
29147,Nodaway,kcpolice_2024p,primary,no,0.4378,0.4887,-0.051
29149,Oregon,kcpolice_2024p,primary,no,0.5872,0.4887,0.0985
29151,Osage,kcpolice_2024p,primary,no,0.5047,0.4887,0.016
29153,Ozark,kcpolice_2024p,primary,no,0.5498,0.4887,0.0611
29155,Pemiscot,kcpolice_2024p,primary,no,0.4521,0.4887,-0.0366
29157,Perry,kcpolice_2024p,primary,no,0.5349,0.4887,0.0462
29159,Pettis,kcpolice_2024p,primary,no,0.4069,0.4887,-0.0818
29161,Phelps,kcpolice_2024p,primary,no,0.4872,0.4887,-0.0015
29163,Pike,kcpolice_2024p,primary,no,0.4883,0.4887,-0.0004
29165,Platte,kcpolice_2024p,primary,no,0.4206,0.4887,-0.0681
29167,Polk,kcpolice_2024p,primary,no,0.5135,0.4887,0.0248
29169,Pulaski,kcpolice_2024p,primary,no,0.5041,0.4887,0.0154
29171,Putnam,kcpolice_2024p,primary,no,0.4417,0.4887,-0.047
29173,Ralls,kcpolice_2024p,primary,no,0.4856,0.4887,-0.0031
29175,Randolph,kcpolice_2024p,primary,no,0.3965,0.4887,-0.0922
29177,Ray,kcpolice_2024p,primary,no,0.3796,0.4887,-0.1091
29179,Reynolds,kcpolice_2024p,primary,no,0.5362,0.4887,0.0475
29181,Ripley,kcpolice_2024p,primary,no,0.5184,0.4887,0.0297
29183,St. Charles,kcpolice_2024p,primary,no,0.4568,0.4887,-0.0319
29185,St. Clair,kcpolice_2024p,primary,no,0.4735,0.4887,-0.0153
29186,Ste. Genevieve,kcpolice_2024p,primary,no,0.5198,0.4887,0.0311
29187,St. Francois,kcpolice_2024p,primary,no,0.4379,0.4887,-0.0508
29189,St. Louis County,kcpolice_2024p,primary,no,0.5086,0.4887,0.0199
29195,Saline,kcpolice_2024p,primary,no,0.4146,0.4887,-0.0741
29197,Schuyler,kcpolice_2024p,primary,no,0.4759,0.4887,-0.0128
29199,Scotland,kcpolice_2024p,primary,no,0.4899,0.4887,0.0012
29201,Scott,kcpolice_2024p,primary,no,0.5136,0.4887,0.0248
29203,Shannon,kcpolice_2024p,primary,no,0.5996,0.4887,0.1109
29205,Shelby,kcpolice_2024p,primary,no,0.5272,0.4887,0.0385
29207,Stoddard,kcpolice_2024p,primary,no,0.4979,0.4887,0.0092
29209,Stone,kcpolice_2024p,primary,no,0.489,0.4887,0.0003
29211,Sullivan,kcpolice_2024p,primary,no,0.5082,0.4887,0.0195
29213,Taney,kcpolice_2024p,primary,no,0.4671,0.4887,-0.0216
29215,Texas,kcpolice_2024p,primary,no,0.598,0.4887,0.1093
29217,Vernon,kcpolice_2024p,primary,no,0.4893,0.4887,0.0006
29219,Warren,kcpolice_2024p,primary,no,0.4953,0.4887,0.0066
29221,Washington,kcpolice_2024p,primary,no,0.4612,0.4887,-0.0276
29223,Wayne,kcpolice_2024p,primary,no,0.5106,0.4887,0.0219
29225,Webster,kcpolice_2024p,primary,no,0.5221,0.4887,0.0334
29227,Worth,kcpolice_2024p,primary,no,0.4845,0.4887,-0.0042
29229,Wright,kcpolice_2024p,primary,no,0.5822,0.4887,0.0935
2938000,Kansas City,kcpolice_2024p,primary,no,0.665,0.4887,0.1763
29510,St. Louis City,kcpolice_2024p,primary,no,0.6038,0.4887,0.1151
29001,Adair,parks_tax_2026p,primary,yes,0.7994,0.8229,-0.0235
29003,Andrew,parks_tax_2026p,primary,yes,0.8469,0.8229,0.024
29005,Atchison,parks_tax_2026p,primary,yes,0.8275,0.8229,0.0046
29007,Audrain,parks_tax_2026p,primary,yes,0.7939,0.8229,-0.029
29009,Barry,parks_tax_2026p,primary,yes,0.7833,0.8229,-0.0396
29011,Barton,parks_tax_2026p,primary,yes,0.7252,0.8229,-0.0977
29013,Bates,parks_tax_2026p,primary,yes,0.8091,0.8229,-0.0139
29015,Benton,parks_tax_2026p,primary,yes,0.7875,0.8229,-0.0354
29017,Bollinger,parks_tax_2026p,primary,yes,0.7544,0.8229,-0.0685
29019,Boone,parks_tax_2026p,primary,yes,0.8722,0.8229,0.0493
29021,Buchanan,parks_tax_2026p,primary,yes,0.844,0.8229,0.0211
29023,Butler,parks_tax_2026p,primary,yes,0.7758,0.8229,-0.0471
29025,Caldwell,parks_tax_2026p,primary,yes,0.7591,0.8229,-0.0638
29027,Callaway,parks_tax_2026p,primary,yes,0.8122,0.8229,-0.0107
29029,Camden,parks_tax_2026p,primary,yes,0.8016,0.8229,-0.0213
29031,Cape Girardeau,parks_tax_2026p,primary,yes,0.8112,0.8229,-0.0118
29033,Carroll,parks_tax_2026p,primary,yes,0.7854,0.8229,-0.0376
29035,Carter,parks_tax_2026p,primary,yes,0.623,0.8229,-0.1999
29037,Cass,parks_tax_2026p,primary,yes,0.8354,0.8229,0.0125
29039,Cedar,parks_tax_2026p,primary,yes,0.7383,0.8229,-0.0847
29041,Chariton,parks_tax_2026p,primary,yes,0.757,0.8229,-0.0659
29043,Christian,parks_tax_2026p,primary,yes,0.7996,0.8229,-0.0233
29045,Clark,parks_tax_2026p,primary,yes,0.7512,0.8229,-0.0717
29047,Clay,parks_tax_2026p,primary,yes,0.8592,0.8229,0.0363
29049,Clinton,parks_tax_2026p,primary,yes,0.8169,0.8229,-0.006
29051,Cole,parks_tax_2026p,primary,yes,0.8432,0.8229,0.0203
29053,Cooper,parks_tax_2026p,primary,yes,0.8112,0.8229,-0.0117
29055,Crawford,parks_tax_2026p,primary,yes,0.7154,0.8229,-0.1075
29057,Dade,parks_tax_2026p,primary,yes,0.7187,0.8229,-0.1043
29059,Dallas,parks_tax_2026p,primary,yes,0.7589,0.8229,-0.064
29061,Daviess,parks_tax_2026p,primary,yes,0.7496,0.8229,-0.0733
29063,Dekalb,parks_tax_2026p,primary,yes,0.7902,0.8229,-0.0328
29065,Dent,parks_tax_2026p,primary,yes,0.6799,0.8229,-0.143
29067,Douglas,parks_tax_2026p,primary,yes,0.6835,0.8229,-0.1394
29069,Dunklin,parks_tax_2026p,primary,yes,0.7796,0.8229,-0.0433
29071,Franklin,parks_tax_2026p,primary,yes,0.8062,0.8229,-0.0167
29073,Gasconade,parks_tax_2026p,primary,yes,0.7463,0.8229,-0.0767
29075,Gentry,parks_tax_2026p,primary,yes,0.8007,0.8229,-0.0223
29077,Greene,parks_tax_2026p,primary,yes,0.8581,0.8229,0.0352
29079,Grundy,parks_tax_2026p,primary,yes,0.6738,0.8229,-0.1491
29081,Harrison,parks_tax_2026p,primary,yes,0.7147,0.8229,-0.1082
29083,Henry,parks_tax_2026p,primary,yes,0.7846,0.8229,-0.0383
29085,Hickory,parks_tax_2026p,primary,yes,0.7477,0.8229,-0.0752
29087,Holt,parks_tax_2026p,primary,yes,0.8179,0.8229,-0.005
29089,Howard,parks_tax_2026p,primary,yes,0.7985,0.8229,-0.0244
29091,Howell,parks_tax_2026p,primary,yes,0.7162,0.8229,-0.1068
29093,Iron,parks_tax_2026p,primary,yes,0.6999,0.8229,-0.123
29095,Jackson,parks_tax_2026p,primary,yes,0.8659,0.8229,0.043
29097,Jasper,parks_tax_2026p,primary,yes,0.8326,0.8229,0.0097
29099,Jefferson,parks_tax_2026p,primary,yes,0.8015,0.8229,-0.0215
29101,Johnson,parks_tax_2026p,primary,yes,0.841,0.8229,0.018
29103,Knox,parks_tax_2026p,primary,yes,0.7873,0.8229,-0.0356
29105,Laclede,parks_tax_2026p,primary,yes,0.7716,0.8229,-0.0513
29107,Lafayette,parks_tax_2026p,primary,yes,0.8261,0.8229,0.0031
29109,Lawrence,parks_tax_2026p,primary,yes,0.7823,0.8229,-0.0406
29111,Lewis,parks_tax_2026p,primary,yes,0.7711,0.8229,-0.0518
29113,Lincoln,parks_tax_2026p,primary,yes,0.7607,0.8229,-0.0622
29115,Linn,parks_tax_2026p,primary,yes,0.7681,0.8229,-0.0548
29117,Livingston,parks_tax_2026p,primary,yes,0.7737,0.8229,-0.0492
29119,McDonald,parks_tax_2026p,primary,yes,0.7801,0.8229,-0.0429
29121,Macon,parks_tax_2026p,primary,yes,0.7973,0.8229,-0.0256
29123,Madison,parks_tax_2026p,primary,yes,0.7381,0.8229,-0.0848
29125,Maries,parks_tax_2026p,primary,yes,0.742,0.8229,-0.0809
29127,Marion,parks_tax_2026p,primary,yes,0.7978,0.8229,-0.0252
29129,Mercer,parks_tax_2026p,primary,yes,0.67,0.8229,-0.1529
29131,Miller,parks_tax_2026p,primary,yes,0.7337,0.8229,-0.0892
29133,Mississippi,parks_tax_2026p,primary,yes,0.7245,0.8229,-0.0984
29135,Moniteau,parks_tax_2026p,primary,yes,0.754,0.8229,-0.0689
29137,Monroe,parks_tax_2026p,primary,yes,0.7922,0.8229,-0.0307
29139,Montgomery,parks_tax_2026p,primary,yes,0.7399,0.8229,-0.083
29141,Morgan,parks_tax_2026p,primary,yes,0.7749,0.8229,-0.048
29143,New Madrid,parks_tax_2026p,primary,yes,0.7331,0.8229,-0.0898
29145,Newton,parks_tax_2026p,primary,yes,0.7969,0.8229,-0.026
29147,Nodaway,parks_tax_2026p,primary,yes,0.8377,0.8229,0.0148
29149,Oregon,parks_tax_2026p,primary,yes,0.6712,0.8229,-0.1518
29151,Osage,parks_tax_2026p,primary,yes,0.7262,0.8229,-0.0967
29153,Ozark,parks_tax_2026p,primary,yes,0.7204,0.8229,-0.1025
29155,Pemiscot,parks_tax_2026p,primary,yes,0.6733,0.8229,-0.1496
29157,Perry,parks_tax_2026p,primary,yes,0.7722,0.8229,-0.0507
29159,Pettis,parks_tax_2026p,primary,yes,0.7835,0.8229,-0.0394
29161,Phelps,parks_tax_2026p,primary,yes,0.8011,0.8229,-0.0218
29163,Pike,parks_tax_2026p,primary,yes,0.7607,0.8229,-0.0623
29165,Platte,parks_tax_2026p,primary,yes,0.8601,0.8229,0.0372
29167,Polk,parks_tax_2026p,primary,yes,0.7626,0.8229,-0.0603
29169,Pulaski,parks_tax_2026p,primary,yes,0.7871,0.8229,-0.0358
29171,Putnam,parks_tax_2026p,primary,yes,0.7761,0.8229,-0.0468
29173,Ralls,parks_tax_2026p,primary,yes,0.7408,0.8229,-0.0822
29175,Randolph,parks_tax_2026p,primary,yes,0.8243,0.8229,0.0014
29177,Ray,parks_tax_2026p,primary,yes,0.8352,0.8229,0.0123
29179,Reynolds,parks_tax_2026p,primary,yes,0.5755,0.8229,-0.2474
29181,Ripley,parks_tax_2026p,primary,yes,0.6964,0.8229,-0.1265
29183,St. Charles,parks_tax_2026p,primary,yes,0.8162,0.8229,-0.0067
29185,St. Clair,parks_tax_2026p,primary,yes,0.7545,0.8229,-0.0684
29186,Ste. Genevieve,parks_tax_2026p,primary,yes,0.7546,0.8229,-0.0683
29187,St. Francois,parks_tax_2026p,primary,yes,0.8076,0.8229,-0.0154
29189,St. Louis County,parks_tax_2026p,primary,yes,0.8411,0.8229,0.0182
29195,Saline,parks_tax_2026p,primary,yes,0.8047,0.8229,-0.0182
29197,Schuyler,parks_tax_2026p,primary,yes,0.6858,0.8229,-0.1371
29199,Scotland,parks_tax_2026p,primary,yes,0.835,0.8229,0.012
29201,Scott,parks_tax_2026p,primary,yes,0.7604,0.8229,-0.0625
29203,Shannon,parks_tax_2026p,primary,yes,0.5283,0.8229,-0.2946
29205,Shelby,parks_tax_2026p,primary,yes,0.8042,0.8229,-0.0187
29207,Stoddard,parks_tax_2026p,primary,yes,0.7631,0.8229,-0.0599
29209,Stone,parks_tax_2026p,primary,yes,0.7904,0.8229,-0.0325
29211,Sullivan,parks_tax_2026p,primary,yes,0.722,0.8229,-0.1009
29213,Taney,parks_tax_2026p,primary,yes,0.822,0.8229,-0.0009
29215,Texas,parks_tax_2026p,primary,yes,0.6686,0.8229,-0.1543
29217,Vernon,parks_tax_2026p,primary,yes,0.728,0.8229,-0.0949
29219,Warren,parks_tax_2026p,primary,yes,0.7606,0.8229,-0.0623
29221,Washington,parks_tax_2026p,primary,yes,0.7207,0.8229,-0.1022
29223,Wayne,parks_tax_2026p,primary,yes,0.6916,0.8229,-0.1314
29225,Webster,parks_tax_2026p,primary,yes,0.7795,0.8229,-0.0434
29227,Worth,parks_tax_2026p,primary,yes,0.7595,0.8229,-0.0634
29229,Wright,parks_tax_2026p,primary,yes,0.683,0.8229,-0.1399
2938000,Kansas City,parks_tax_2026p,primary,yes,0.9003,0.8229,0.0774
29510,St. Louis City,parks_tax_2026p,primary,yes,0.8828,0.8229,0.0599
29001,Adair,jackson_assessor_2026p,primary,no,0.2269,0.2309,-0.004
29003,Andrew,jackson_assessor_2026p,primary,no,0.1695,0.2309,-0.0614
29005,Atchison,jackson_assessor_2026p,primary,no,0.1869,0.2309,-0.044
29007,Audrain,jackson_assessor_2026p,primary,no,0.2556,0.2309,0.0247
29009,Barry,jackson_assessor_2026p,primary,no,0.2396,0.2309,0.0087
29011,Barton,jackson_assessor_2026p,primary,no,0.2436,0.2309,0.0127
29013,Bates,jackson_assessor_2026p,primary,no,0.2164,0.2309,-0.0145
29015,Benton,jackson_assessor_2026p,primary,no,0.1935,0.2309,-0.0374
29017,Bollinger,jackson_assessor_2026p,primary,no,0.2934,0.2309,0.0625
29019,Boone,jackson_assessor_2026p,primary,no,0.2841,0.2309,0.0532
29021,Buchanan,jackson_assessor_2026p,primary,no,0.1902,0.2309,-0.0407
29023,Butler,jackson_assessor_2026p,primary,no,0.2507,0.2309,0.0199
29025,Caldwell,jackson_assessor_2026p,primary,no,0.2265,0.2309,-0.0044
29027,Callaway,jackson_assessor_2026p,primary,no,0.2189,0.2309,-0.012
29029,Camden,jackson_assessor_2026p,primary,no,0.2401,0.2309,0.0092
29031,Cape Girardeau,jackson_assessor_2026p,primary,no,0.2152,0.2309,-0.0157
29033,Carroll,jackson_assessor_2026p,primary,no,0.2557,0.2309,0.0249
29035,Carter,jackson_assessor_2026p,primary,no,0.355,0.2309,0.1241
29037,Cass,jackson_assessor_2026p,primary,no,0.1754,0.2309,-0.0555
29039,Cedar,jackson_assessor_2026p,primary,no,0.2753,0.2309,0.0445
29041,Chariton,jackson_assessor_2026p,primary,no,0.2533,0.2309,0.0224
29043,Christian,jackson_assessor_2026p,primary,no,0.2035,0.2309,-0.0274
29045,Clark,jackson_assessor_2026p,primary,no,0.2674,0.2309,0.0366
29047,Clay,jackson_assessor_2026p,primary,no,0.2185,0.2309,-0.0124
29049,Clinton,jackson_assessor_2026p,primary,no,0.1959,0.2309,-0.035
29051,Cole,jackson_assessor_2026p,primary,no,0.2204,0.2309,-0.0105
29053,Cooper,jackson_assessor_2026p,primary,no,0.2262,0.2309,-0.0047
29055,Crawford,jackson_assessor_2026p,primary,no,0.2749,0.2309,0.044
29057,Dade,jackson_assessor_2026p,primary,no,0.2321,0.2309,0.0012
29059,Dallas,jackson_assessor_2026p,primary,no,0.242,0.2309,0.0111
29061,Daviess,jackson_assessor_2026p,primary,no,0.2266,0.2309,-0.0043
29063,Dekalb,jackson_assessor_2026p,primary,no,0.1932,0.2309,-0.0377
29065,Dent,jackson_assessor_2026p,primary,no,0.3025,0.2309,0.0716
29067,Douglas,jackson_assessor_2026p,primary,no,0.2565,0.2309,0.0256
29069,Dunklin,jackson_assessor_2026p,primary,no,0.252,0.2309,0.0211
29071,Franklin,jackson_assessor_2026p,primary,no,0.2181,0.2309,-0.0128
29073,Gasconade,jackson_assessor_2026p,primary,no,0.2913,0.2309,0.0604
29075,Gentry,jackson_assessor_2026p,primary,no,0.2372,0.2309,0.0063
29077,Greene,jackson_assessor_2026p,primary,no,0.2152,0.2309,-0.0157
29079,Grundy,jackson_assessor_2026p,primary,no,0.3315,0.2309,0.1006
29081,Harrison,jackson_assessor_2026p,primary,no,0.2572,0.2309,0.0263
29083,Henry,jackson_assessor_2026p,primary,no,0.2192,0.2309,-0.0117
29085,Hickory,jackson_assessor_2026p,primary,no,0.2593,0.2309,0.0285
29087,Holt,jackson_assessor_2026p,primary,no,0.2209,0.2309,-0.01
29089,Howard,jackson_assessor_2026p,primary,no,0.2621,0.2309,0.0312
29091,Howell,jackson_assessor_2026p,primary,no,0.2677,0.2309,0.0368
29093,Iron,jackson_assessor_2026p,primary,no,0.3321,0.2309,0.1012
29095,Jackson,jackson_assessor_2026p,primary,no,0.1762,0.2309,-0.0547
29097,Jasper,jackson_assessor_2026p,primary,no,0.2066,0.2309,-0.0243
29099,Jefferson,jackson_assessor_2026p,primary,no,0.231,0.2309,0.0001
29101,Johnson,jackson_assessor_2026p,primary,no,0.1732,0.2309,-0.0577
29103,Knox,jackson_assessor_2026p,primary,no,0.2691,0.2309,0.0382
29105,Laclede,jackson_assessor_2026p,primary,no,0.2195,0.2309,-0.0114
29107,Lafayette,jackson_assessor_2026p,primary,no,0.2128,0.2309,-0.018
29109,Lawrence,jackson_assessor_2026p,primary,no,0.2175,0.2309,-0.0134
29111,Lewis,jackson_assessor_2026p,primary,no,0.2609,0.2309,0.03
29113,Lincoln,jackson_assessor_2026p,primary,no,0.2198,0.2309,-0.0111
29115,Linn,jackson_assessor_2026p,primary,no,0.2103,0.2309,-0.0206
29117,Livingston,jackson_assessor_2026p,primary,no,0.2893,0.2309,0.0584
29119,McDonald,jackson_assessor_2026p,primary,no,0.2398,0.2309,0.0089
29121,Macon,jackson_assessor_2026p,primary,no,0.204,0.2309,-0.0269
29123,Madison,jackson_assessor_2026p,primary,no,0.2806,0.2309,0.0497
29125,Maries,jackson_assessor_2026p,primary,no,0.2918,0.2309,0.0609
29127,Marion,jackson_assessor_2026p,primary,no,0.2197,0.2309,-0.0112
29129,Mercer,jackson_assessor_2026p,primary,no,0.3361,0.2309,0.1052
29131,Miller,jackson_assessor_2026p,primary,no,0.2876,0.2309,0.0567
29133,Mississippi,jackson_assessor_2026p,primary,no,0.2668,0.2309,0.0359
29135,Moniteau,jackson_assessor_2026p,primary,no,0.2625,0.2309,0.0316
29137,Monroe,jackson_assessor_2026p,primary,no,0.2184,0.2309,-0.0125
29139,Montgomery,jackson_assessor_2026p,primary,no,0.2997,0.2309,0.0688
29141,Morgan,jackson_assessor_2026p,primary,no,0.233,0.2309,0.0021
29143,New Madrid,jackson_assessor_2026p,primary,no,0.2822,0.2309,0.0513
29145,Newton,jackson_assessor_2026p,primary,no,0.2137,0.2309,-0.0172
29147,Nodaway,jackson_assessor_2026p,primary,no,0.2123,0.2309,-0.0186
29149,Oregon,jackson_assessor_2026p,primary,no,0.384,0.2309,0.1531
29151,Osage,jackson_assessor_2026p,primary,no,0.2757,0.2309,0.0448
29153,Ozark,jackson_assessor_2026p,primary,no,0.284,0.2309,0.0531
29155,Pemiscot,jackson_assessor_2026p,primary,no,0.2994,0.2309,0.0685
29157,Perry,jackson_assessor_2026p,primary,no,0.2621,0.2309,0.0312
29159,Pettis,jackson_assessor_2026p,primary,no,0.2322,0.2309,0.0013
29161,Phelps,jackson_assessor_2026p,primary,no,0.2532,0.2309,0.0223
29163,Pike,jackson_assessor_2026p,primary,no,0.2576,0.2309,0.0267
29165,Platte,jackson_assessor_2026p,primary,no,0.2085,0.2309,-0.0224
29167,Polk,jackson_assessor_2026p,primary,no,0.2323,0.2309,0.0015
29169,Pulaski,jackson_assessor_2026p,primary,no,0.2232,0.2309,-0.0077
29171,Putnam,jackson_assessor_2026p,primary,no,0.2625,0.2309,0.0316
29173,Ralls,jackson_assessor_2026p,primary,no,0.2509,0.2309,0.02
29175,Randolph,jackson_assessor_2026p,primary,no,0.2008,0.2309,-0.0301
29177,Ray,jackson_assessor_2026p,primary,no,0.1951,0.2309,-0.0358
29179,Reynolds,jackson_assessor_2026p,primary,no,0.3866,0.2309,0.1557
29181,Ripley,jackson_assessor_2026p,primary,no,0.3008,0.2309,0.0699
29183,St. Charles,jackson_assessor_2026p,primary,no,0.1999,0.2309,-0.031
29185,St. Clair,jackson_assessor_2026p,primary,no,0.2419,0.2309,0.011
29186,Ste. Genevieve,jackson_assessor_2026p,primary,no,0.2933,0.2309,0.0624
29187,St. Francois,jackson_assessor_2026p,primary,no,0.245,0.2309,0.0141
29189,St. Louis County,jackson_assessor_2026p,primary,no,0.2332,0.2309,0.0023
29195,Saline,jackson_assessor_2026p,primary,no,0.2137,0.2309,-0.0172
29197,Schuyler,jackson_assessor_2026p,primary,no,0.3516,0.2309,0.1207
29199,Scotland,jackson_assessor_2026p,primary,no,0.2172,0.2309,-0.0137
29201,Scott,jackson_assessor_2026p,primary,no,0.2523,0.2309,0.0214
29203,Shannon,jackson_assessor_2026p,primary,no,0.4165,0.2309,0.1856
29205,Shelby,jackson_assessor_2026p,primary,no,0.2596,0.2309,0.0287
29207,Stoddard,jackson_assessor_2026p,primary,no,0.2571,0.2309,0.0262
29209,Stone,jackson_assessor_2026p,primary,no,0.2019,0.2309,-0.029
29211,Sullivan,jackson_assessor_2026p,primary,no,0.2588,0.2309,0.0279
29213,Taney,jackson_assessor_2026p,primary,no,0.1759,0.2309,-0.055
29215,Texas,jackson_assessor_2026p,primary,no,0.2891,0.2309,0.0582
29217,Vernon,jackson_assessor_2026p,primary,no,0.2291,0.2309,-0.0018
29219,Warren,jackson_assessor_2026p,primary,no,0.2904,0.2309,0.0595
29221,Washington,jackson_assessor_2026p,primary,no,0.3017,0.2309,0.0708
29223,Wayne,jackson_assessor_2026p,primary,no,0.3255,0.2309,0.0946
29225,Webster,jackson_assessor_2026p,primary,no,0.2382,0.2309,0.0073
29227,Worth,jackson_assessor_2026p,primary,no,0.1886,0.2309,-0.0423
29229,Wright,jackson_assessor_2026p,primary,no,0.2774,0.2309,0.0465
2938000,Kansas City,jackson_assessor_2026p,primary,no,0.3085,0.2309,0.0776
29510,St. Louis City,jackson_assessor_2026p,primary,no,0.2578,0.2309,0.0269
29001,Adair,init_restrict_2026p,primary,no,0.7106,0.8032,-0.0926
29003,Andrew,init_restrict_2026p,primary,no,0.7796,0.8032,-0.0236
29005,Atchison,init_restrict_2026p,primary,no,0.7248,0.8032,-0.0785
29007,Audrain,init_restrict_2026p,primary,no,0.7686,0.8032,-0.0346
29009,Barry,init_restrict_2026p,primary,no,0.7735,0.8032,-0.0297
29011,Barton,init_restrict_2026p,primary,no,0.7157,0.8032,-0.0876
29013,Bates,init_restrict_2026p,primary,no,0.7671,0.8032,-0.0361
29015,Benton,init_restrict_2026p,primary,no,0.7923,0.8032,-0.011
29017,Bollinger,init_restrict_2026p,primary,no,0.7623,0.8032,-0.0409
29019,Boone,init_restrict_2026p,primary,no,0.8471,0.8032,0.0439
29021,Buchanan,init_restrict_2026p,primary,no,0.8192,0.8032,0.016
29023,Butler,init_restrict_2026p,primary,no,0.8069,0.8032,0.0036
29025,Caldwell,init_restrict_2026p,primary,no,0.783,0.8032,-0.0203
29027,Callaway,init_restrict_2026p,primary,no,0.7937,0.8032,-0.0095
29029,Camden,init_restrict_2026p,primary,no,0.8142,0.8032,0.0109
29031,Cape Girardeau,init_restrict_2026p,primary,no,0.7893,0.8032,-0.0139
29033,Carroll,init_restrict_2026p,primary,no,0.8141,0.8032,0.0109
29035,Carter,init_restrict_2026p,primary,no,0.7926,0.8032,-0.0107
29037,Cass,init_restrict_2026p,primary,no,0.7624,0.8032,-0.0408
29039,Cedar,init_restrict_2026p,primary,no,0.7823,0.8032,-0.0209
29041,Chariton,init_restrict_2026p,primary,no,0.733,0.8032,-0.0702
29043,Christian,init_restrict_2026p,primary,no,0.733,0.8032,-0.0703
29045,Clark,init_restrict_2026p,primary,no,0.6796,0.8032,-0.1237
29047,Clay,init_restrict_2026p,primary,no,0.8213,0.8032,0.018
29049,Clinton,init_restrict_2026p,primary,no,0.7964,0.8032,-0.0069
29051,Cole,init_restrict_2026p,primary,no,0.7902,0.8032,-0.0131
29053,Cooper,init_restrict_2026p,primary,no,0.7583,0.8032,-0.045
29055,Crawford,init_restrict_2026p,primary,no,0.8049,0.8032,0.0016
29057,Dade,init_restrict_2026p,primary,no,0.7805,0.8032,-0.0227
29059,Dallas,init_restrict_2026p,primary,no,0.78,0.8032,-0.0232
29061,Daviess,init_restrict_2026p,primary,no,0.813,0.8032,0.0097
29063,Dekalb,init_restrict_2026p,primary,no,0.7947,0.8032,-0.0085
29065,Dent,init_restrict_2026p,primary,no,0.7422,0.8032,-0.061
29067,Douglas,init_restrict_2026p,primary,no,0.644,0.8032,-0.1593
29069,Dunklin,init_restrict_2026p,primary,no,0.7186,0.8032,-0.0846
29071,Franklin,init_restrict_2026p,primary,no,0.7731,0.8032,-0.0301
29073,Gasconade,init_restrict_2026p,primary,no,0.805,0.8032,0.0018
29075,Gentry,init_restrict_2026p,primary,no,0.8,0.8032,-0.0032
29077,Greene,init_restrict_2026p,primary,no,0.8063,0.8032,0.0031
29079,Grundy,init_restrict_2026p,primary,no,0.8573,0.8032,0.054
29081,Harrison,init_restrict_2026p,primary,no,0.8012,0.8032,-0.002
29083,Henry,init_restrict_2026p,primary,no,0.7926,0.8032,-0.0106
29085,Hickory,init_restrict_2026p,primary,no,0.8359,0.8032,0.0326
29087,Holt,init_restrict_2026p,primary,no,0.7785,0.8032,-0.0247
29089,Howard,init_restrict_2026p,primary,no,0.7845,0.8032,-0.0188
29091,Howell,init_restrict_2026p,primary,no,0.7856,0.8032,-0.0176
29093,Iron,init_restrict_2026p,primary,no,0.8288,0.8032,0.0255
29095,Jackson,init_restrict_2026p,primary,no,0.8266,0.8032,0.0234
29097,Jasper,init_restrict_2026p,primary,no,0.7334,0.8032,-0.0698
29099,Jefferson,init_restrict_2026p,primary,no,0.7912,0.8032,-0.012
29101,Johnson,init_restrict_2026p,primary,no,0.7742,0.8032,-0.029
29103,Knox,init_restrict_2026p,primary,no,0.6219,0.8032,-0.1814
29105,Laclede,init_restrict_2026p,primary,no,0.7113,0.8032,-0.092
29107,Lafayette,init_restrict_2026p,primary,no,0.7836,0.8032,-0.0197
29109,Lawrence,init_restrict_2026p,primary,no,0.7869,0.8032,-0.0163
29111,Lewis,init_restrict_2026p,primary,no,0.6538,0.8032,-0.1494
29113,Lincoln,init_restrict_2026p,primary,no,0.7398,0.8032,-0.0634
29115,Linn,init_restrict_2026p,primary,no,0.7315,0.8032,-0.0718
29117,Livingston,init_restrict_2026p,primary,no,0.812,0.8032,0.0088
29119,McDonald,init_restrict_2026p,primary,no,0.7479,0.8032,-0.0553
29121,Macon,init_restrict_2026p,primary,no,0.6525,0.8032,-0.1508
29123,Madison,init_restrict_2026p,primary,no,0.7824,0.8032,-0.0208
29125,Maries,init_restrict_2026p,primary,no,0.8216,0.8032,0.0183
29127,Marion,init_restrict_2026p,primary,no,0.6976,0.8032,-0.1056
29129,Mercer,init_restrict_2026p,primary,no,0.8,0.8032,-0.0032
29131,Miller,init_restrict_2026p,primary,no,0.8229,0.8032,0.0197
29133,Mississippi,init_restrict_2026p,primary,no,0.7805,0.8032,-0.0227
29135,Moniteau,init_restrict_2026p,primary,no,0.7821,0.8032,-0.0212
29137,Monroe,init_restrict_2026p,primary,no,0.7423,0.8032,-0.061
29139,Montgomery,init_restrict_2026p,primary,no,0.7416,0.8032,-0.0616
29141,Morgan,init_restrict_2026p,primary,no,0.7755,0.8032,-0.0277
29143,New Madrid,init_restrict_2026p,primary,no,0.7827,0.8032,-0.0206
29145,Newton,init_restrict_2026p,primary,no,0.7259,0.8032,-0.0774
29147,Nodaway,init_restrict_2026p,primary,no,0.7838,0.8032,-0.0194
29149,Oregon,init_restrict_2026p,primary,no,0.7962,0.8032,-0.007
29151,Osage,init_restrict_2026p,primary,no,0.7956,0.8032,-0.0076
29153,Ozark,init_restrict_2026p,primary,no,0.7649,0.8032,-0.0384
29155,Pemiscot,init_restrict_2026p,primary,no,0.6981,0.8032,-0.1051
29157,Perry,init_restrict_2026p,primary,no,0.8107,0.8032,0.0075
29159,Pettis,init_restrict_2026p,primary,no,0.7819,0.8032,-0.0214
29161,Phelps,init_restrict_2026p,primary,no,0.7702,0.8032,-0.0331
29163,Pike,init_restrict_2026p,primary,no,0.7337,0.8032,-0.0695
29165,Platte,init_restrict_2026p,primary,no,0.8042,0.8032,0.0009
29167,Polk,init_restrict_2026p,primary,no,0.8408,0.8032,0.0376
29169,Pulaski,init_restrict_2026p,primary,no,0.7819,0.8032,-0.0213
29171,Putnam,init_restrict_2026p,primary,no,0.7201,0.8032,-0.0832
29173,Ralls,init_restrict_2026p,primary,no,0.7272,0.8032,-0.076
29175,Randolph,init_restrict_2026p,primary,no,0.6986,0.8032,-0.1047
29177,Ray,init_restrict_2026p,primary,no,0.8048,0.8032,0.0016
29179,Reynolds,init_restrict_2026p,primary,no,0.8316,0.8032,0.0284
29181,Ripley,init_restrict_2026p,primary,no,0.7551,0.8032,-0.0481
29183,St. Charles,init_restrict_2026p,primary,no,0.7699,0.8032,-0.0334
29185,St. Clair,init_restrict_2026p,primary,no,0.7621,0.8032,-0.0411
29186,Ste. Genevieve,init_restrict_2026p,primary,no,0.8446,0.8032,0.0413
29187,St. Francois,init_restrict_2026p,primary,no,0.8247,0.8032,0.0214
29189,St. Louis County,init_restrict_2026p,primary,no,0.8323,0.8032,0.029
29195,Saline,init_restrict_2026p,primary,no,0.8046,0.8032,0.0013
29197,Schuyler,init_restrict_2026p,primary,no,0.7658,0.8032,-0.0375
29199,Scotland,init_restrict_2026p,primary,no,0.7385,0.8032,-0.0648
29201,Scott,init_restrict_2026p,primary,no,0.7718,0.8032,-0.0314
29203,Shannon,init_restrict_2026p,primary,no,0.828,0.8032,0.0248
29205,Shelby,init_restrict_2026p,primary,no,0.589,0.8032,-0.2142
29207,Stoddard,init_restrict_2026p,primary,no,0.7679,0.8032,-0.0353
29209,Stone,init_restrict_2026p,primary,no,0.722,0.8032,-0.0813
29211,Sullivan,init_restrict_2026p,primary,no,0.6804,0.8032,-0.1228
29213,Taney,init_restrict_2026p,primary,no,0.6733,0.8032,-0.1299
29215,Texas,init_restrict_2026p,primary,no,0.7494,0.8032,-0.0538
29217,Vernon,init_restrict_2026p,primary,no,0.7451,0.8032,-0.0581
29219,Warren,init_restrict_2026p,primary,no,0.7556,0.8032,-0.0476
29221,Washington,init_restrict_2026p,primary,no,0.7859,0.8032,-0.0173
29223,Wayne,init_restrict_2026p,primary,no,0.7856,0.8032,-0.0177
29225,Webster,init_restrict_2026p,primary,no,0.7417,0.8032,-0.0615
29227,Worth,init_restrict_2026p,primary,no,0.7418,0.8032,-0.0615
29229,Wright,init_restrict_2026p,primary,no,0.6797,0.8032,-0.1235
2938000,Kansas City,init_restrict_2026p,primary,no,0.9022,0.8032,0.0989
29510,St. Louis City,init_restrict_2026p,primary,no,0.9094,0.8032,0.1062
29001,Adair,income_tax_phaseout_2026p,primary,no,0.8645,0.8331,0.0314
29003,Andrew,income_tax_phaseout_2026p,primary,no,0.8526,0.8331,0.0195
29005,Atchison,income_tax_phaseout_2026p,primary,no,0.8177,0.8331,-0.0154
29007,Audrain,income_tax_phaseout_2026p,primary,no,0.8461,0.8331,0.013
29009,Barry,income_tax_phaseout_2026p,primary,no,0.8357,0.8331,0.0026
29011,Barton,income_tax_phaseout_2026p,primary,no,0.8515,0.8331,0.0184
29013,Bates,income_tax_phaseout_2026p,primary,no,0.8162,0.8331,-0.0169
29015,Benton,income_tax_phaseout_2026p,primary,no,0.8775,0.8331,0.0443
29017,Bollinger,income_tax_phaseout_2026p,primary,no,0.8872,0.8331,0.0541
29019,Boone,income_tax_phaseout_2026p,primary,no,0.8634,0.8331,0.0302
29021,Buchanan,income_tax_phaseout_2026p,primary,no,0.8558,0.8331,0.0226
29023,Butler,income_tax_phaseout_2026p,primary,no,0.8662,0.8331,0.033
29025,Caldwell,income_tax_phaseout_2026p,primary,no,0.8491,0.8331,0.016
29027,Callaway,income_tax_phaseout_2026p,primary,no,0.8398,0.8331,0.0067
29029,Camden,income_tax_phaseout_2026p,primary,no,0.859,0.8331,0.0259
29031,Cape Girardeau,income_tax_phaseout_2026p,primary,no,0.8548,0.8331,0.0216
29033,Carroll,income_tax_phaseout_2026p,primary,no,0.8642,0.8331,0.0311
29035,Carter,income_tax_phaseout_2026p,primary,no,0.8661,0.8331,0.033
29037,Cass,income_tax_phaseout_2026p,primary,no,0.7815,0.8331,-0.0517
29039,Cedar,income_tax_phaseout_2026p,primary,no,0.8553,0.8331,0.0221
29041,Chariton,income_tax_phaseout_2026p,primary,no,0.8571,0.8331,0.0239
29043,Christian,income_tax_phaseout_2026p,primary,no,0.7889,0.8331,-0.0443
29045,Clark,income_tax_phaseout_2026p,primary,no,0.7647,0.8331,-0.0685
29047,Clay,income_tax_phaseout_2026p,primary,no,0.8181,0.8331,-0.015
29049,Clinton,income_tax_phaseout_2026p,primary,no,0.8328,0.8331,-0.0003
29051,Cole,income_tax_phaseout_2026p,primary,no,0.8669,0.8331,0.0338
29053,Cooper,income_tax_phaseout_2026p,primary,no,0.8184,0.8331,-0.0147
29055,Crawford,income_tax_phaseout_2026p,primary,no,0.8569,0.8331,0.0238
29057,Dade,income_tax_phaseout_2026p,primary,no,0.8549,0.8331,0.0218
29059,Dallas,income_tax_phaseout_2026p,primary,no,0.8485,0.8331,0.0154
29061,Daviess,income_tax_phaseout_2026p,primary,no,0.8261,0.8331,-0.007
29063,Dekalb,income_tax_phaseout_2026p,primary,no,0.8571,0.8331,0.0239
29065,Dent,income_tax_phaseout_2026p,primary,no,0.8453,0.8331,0.0121
29067,Douglas,income_tax_phaseout_2026p,primary,no,0.8343,0.8331,0.0012
29069,Dunklin,income_tax_phaseout_2026p,primary,no,0.7713,0.8331,-0.0618
29071,Franklin,income_tax_phaseout_2026p,primary,no,0.8156,0.8331,-0.0176
29073,Gasconade,income_tax_phaseout_2026p,primary,no,0.8748,0.8331,0.0416
29075,Gentry,income_tax_phaseout_2026p,primary,no,0.8541,0.8331,0.0209
29077,Greene,income_tax_phaseout_2026p,primary,no,0.8403,0.8331,0.0071
29079,Grundy,income_tax_phaseout_2026p,primary,no,0.8936,0.8331,0.0605
29081,Harrison,income_tax_phaseout_2026p,primary,no,0.8513,0.8331,0.0182
29083,Henry,income_tax_phaseout_2026p,primary,no,0.8368,0.8331,0.0037
29085,Hickory,income_tax_phaseout_2026p,primary,no,0.8907,0.8331,0.0576
29087,Holt,income_tax_phaseout_2026p,primary,no,0.8633,0.8331,0.0301
29089,Howard,income_tax_phaseout_2026p,primary,no,0.8422,0.8331,0.0091
29091,Howell,income_tax_phaseout_2026p,primary,no,0.8827,0.8331,0.0496
29093,Iron,income_tax_phaseout_2026p,primary,no,0.8561,0.8331,0.0229
29095,Jackson,income_tax_phaseout_2026p,primary,no,0.8304,0.8331,-0.0027
29097,Jasper,income_tax_phaseout_2026p,primary,no,0.818,0.8331,-0.0152
29099,Jefferson,income_tax_phaseout_2026p,primary,no,0.8233,0.8331,-0.0098
29101,Johnson,income_tax_phaseout_2026p,primary,no,0.8297,0.8331,-0.0034
29103,Knox,income_tax_phaseout_2026p,primary,no,0.8438,0.8331,0.0107
29105,Laclede,income_tax_phaseout_2026p,primary,no,0.8488,0.8331,0.0157
29107,Lafayette,income_tax_phaseout_2026p,primary,no,0.8341,0.8331,0.0009
29109,Lawrence,income_tax_phaseout_2026p,primary,no,0.8371,0.8331,0.004
29111,Lewis,income_tax_phaseout_2026p,primary,no,0.8196,0.8331,-0.0136
29113,Lincoln,income_tax_phaseout_2026p,primary,no,0.7798,0.8331,-0.0533
29115,Linn,income_tax_phaseout_2026p,primary,no,0.8573,0.8331,0.0242
29117,Livingston,income_tax_phaseout_2026p,primary,no,0.8655,0.8331,0.0323
29119,McDonald,income_tax_phaseout_2026p,primary,no,0.7993,0.8331,-0.0338
29121,Macon,income_tax_phaseout_2026p,primary,no,0.8112,0.8331,-0.022
29123,Madison,income_tax_phaseout_2026p,primary,no,0.8448,0.8331,0.0117
29125,Maries,income_tax_phaseout_2026p,primary,no,0.8992,0.8331,0.0661
29127,Marion,income_tax_phaseout_2026p,primary,no,0.8355,0.8331,0.0024
29129,Mercer,income_tax_phaseout_2026p,primary,no,0.849,0.8331,0.0159
29131,Miller,income_tax_phaseout_2026p,primary,no,0.8762,0.8331,0.0431
29133,Mississippi,income_tax_phaseout_2026p,primary,no,0.8514,0.8331,0.0182
29135,Moniteau,income_tax_phaseout_2026p,primary,no,0.8511,0.8331,0.018
29137,Monroe,income_tax_phaseout_2026p,primary,no,0.8241,0.8331,-0.009
29139,Montgomery,income_tax_phaseout_2026p,primary,no,0.8236,0.8331,-0.0095
29141,Morgan,income_tax_phaseout_2026p,primary,no,0.8572,0.8331,0.0241
29143,New Madrid,income_tax_phaseout_2026p,primary,no,0.8235,0.8331,-0.0096
29145,Newton,income_tax_phaseout_2026p,primary,no,0.8146,0.8331,-0.0186
29147,Nodaway,income_tax_phaseout_2026p,primary,no,0.8664,0.8331,0.0332
29149,Oregon,income_tax_phaseout_2026p,primary,no,0.8579,0.8331,0.0248
29151,Osage,income_tax_phaseout_2026p,primary,no,0.8828,0.8331,0.0496
29153,Ozark,income_tax_phaseout_2026p,primary,no,0.8571,0.8331,0.024
29155,Pemiscot,income_tax_phaseout_2026p,primary,no,0.6824,0.8331,-0.1507
29157,Perry,income_tax_phaseout_2026p,primary,no,0.8769,0.8331,0.0438
29159,Pettis,income_tax_phaseout_2026p,primary,no,0.8505,0.8331,0.0174
29161,Phelps,income_tax_phaseout_2026p,primary,no,0.8392,0.8331,0.0061
29163,Pike,income_tax_phaseout_2026p,primary,no,0.8256,0.8331,-0.0076
29165,Platte,income_tax_phaseout_2026p,primary,no,0.7968,0.8331,-0.0364
29167,Polk,income_tax_phaseout_2026p,primary,no,0.8848,0.8331,0.0517
29169,Pulaski,income_tax_phaseout_2026p,primary,no,0.8375,0.8331,0.0044
29171,Putnam,income_tax_phaseout_2026p,primary,no,0.8447,0.8331,0.0116
29173,Ralls,income_tax_phaseout_2026p,primary,no,0.8208,0.8331,-0.0123
29175,Randolph,income_tax_phaseout_2026p,primary,no,0.8102,0.8331,-0.023
29177,Ray,income_tax_phaseout_2026p,primary,no,0.8033,0.8331,-0.0298
29179,Reynolds,income_tax_phaseout_2026p,primary,no,0.8781,0.8331,0.045
29181,Ripley,income_tax_phaseout_2026p,primary,no,0.8845,0.8331,0.0513
29183,St. Charles,income_tax_phaseout_2026p,primary,no,0.7867,0.8331,-0.0464
29185,St. Clair,income_tax_phaseout_2026p,primary,no,0.8425,0.8331,0.0094
29186,Ste. Genevieve,income_tax_phaseout_2026p,primary,no,0.8816,0.8331,0.0485
29187,St. Francois,income_tax_phaseout_2026p,primary,no,0.8556,0.8331,0.0224
29189,St. Louis County,income_tax_phaseout_2026p,primary,no,0.8186,0.8331,-0.0145
29195,Saline,income_tax_phaseout_2026p,primary,no,0.8579,0.8331,0.0248
29197,Schuyler,income_tax_phaseout_2026p,primary,no,0.8479,0.8331,0.0148
29199,Scotland,income_tax_phaseout_2026p,primary,no,0.8713,0.8331,0.0381
29201,Scott,income_tax_phaseout_2026p,primary,no,0.8726,0.8331,0.0395
29203,Shannon,income_tax_phaseout_2026p,primary,no,0.9198,0.8331,0.0867
29205,Shelby,income_tax_phaseout_2026p,primary,no,0.8202,0.8331,-0.0129
29207,Stoddard,income_tax_phaseout_2026p,primary,no,0.866,0.8331,0.0329
29209,Stone,income_tax_phaseout_2026p,primary,no,0.7851,0.8331,-0.048
29211,Sullivan,income_tax_phaseout_2026p,primary,no,0.8616,0.8331,0.0285
29213,Taney,income_tax_phaseout_2026p,primary,no,0.7677,0.8331,-0.0655
29215,Texas,income_tax_phaseout_2026p,primary,no,0.8707,0.8331,0.0376
29217,Vernon,income_tax_phaseout_2026p,primary,no,0.8276,0.8331,-0.0055
29219,Warren,income_tax_phaseout_2026p,primary,no,0.8099,0.8331,-0.0232
29221,Washington,income_tax_phaseout_2026p,primary,no,0.8354,0.8331,0.0023
29223,Wayne,income_tax_phaseout_2026p,primary,no,0.8574,0.8331,0.0243
29225,Webster,income_tax_phaseout_2026p,primary,no,0.8167,0.8331,-0.0164
29227,Worth,income_tax_phaseout_2026p,primary,no,0.8366,0.8331,0.0035
29229,Wright,income_tax_phaseout_2026p,primary,no,0.8563,0.8331,0.0232
2938000,Kansas City,income_tax_phaseout_2026p,primary,no,0.8893,0.8331,0.0562
29510,St. Louis City,income_tax_phaseout_2026p,primary,no,0.8966,0.8331,0.0635
