measure_id,ballot,progressive_side,fips,county,dem_two_party_2024,pred_progressive_share,pred_low_90,pred_high_90,level_low,level_central,level_high,analogs,turnout_weights,pred_central_2024_turnout_weights,baseline_partisan_only
mo_20261103_amendment_3,Amendment 3 — repeal 2024 reproductive-freedom amendment,no,29001,Adair,0.3299,0.4889,0.429,0.5491,0.515,0.55,0.59,abortion_2024,2018 midterm,0.4992,0.4908
mo_20261103_amendment_3,Amendment 3 — repeal 2024 reproductive-freedom amendment,no,29003,Andrew,0.2379,0.4236,0.3659,0.4834,0.515,0.55,0.59,abortion_2024,2018 midterm,0.4337,0.4012
mo_20261103_amendment_3,Amendment 3 — repeal 2024 reproductive-freedom amendment,no,29005,Atchison,0.1973,0.3947,0.3387,0.4537,0.515,0.55,0.59,abortion_2024,2018 midterm,0.4047,0.3564
mo_20261103_amendment_3,Amendment 3 — repeal 2024 reproductive-freedom amendment,no,29007,Audrain,0.2588,0.4369,0.3786,0.497,0.515,0.55,0.59,abortion_2024,2018 midterm,0.4471,0.4228
mo_20261103_amendment_3,Amendment 3 — repeal 2024 reproductive-freedom amendment,no,29009,Barry,0.1794,0.3326,0.2813,0.3882,0.515,0.55,0.59,abortion_2024,2018 midterm,0.3418,0.3353
mo_20261103_amendment_3,Amendment 3 — repeal 2024 reproductive-freedom amendment,no,29011,Barton,0.1371,0.2603,0.2165,0.3094,0.515,0.55,0.59,abortion_2024,2018 midterm,0.2683,0.2812
mo_20261103_amendment_3,Amendment 3 — repeal 2024 reproductive-freedom amendment,no,29013,Bates,0.1891,0.3657,0.3117,0.4234,0.515,0.55,0.59,abortion_2024,2018 midterm,0.3754,0.3468
mo_20261103_amendment_3,Amendment 3 — repeal 2024 reproductive-freedom amendment,no,29015,Benton,0.2026,0.3816,0.3264,0.44,0.515,0.55,0.59,abortion_2024,2018 midterm,0.3914,0.3625
mo_20261103_amendment_3,Amendment 3 — repeal 2024 reproductive-freedom amendment,no,29017,Bollinger,0.1235,0.2456,0.2037,0.2931,0.515,0.55,0.59,abortion_2024,2018 midterm,0.2534,0.2622
mo_20261103_amendment_3,Amendment 3 — repeal 2024 reproductive-freedom amendment,no,29019,Boone,0.5498,0.6795,0.6248,0.7297,0.515,0.55,0.59,abortion_2024,2018 midterm,0.6884,0.6654
mo_20261103_amendment_3,Amendment 3 — repeal 2024 reproductive-freedom amendment,no,29021,Buchanan,0.3579,0.5236,0.4633,0.5833,0.515,0.55,0.59,abortion_2024,2018 midterm,0.5339,0.5154
mo_20261103_amendment_3,Amendment 3 — repeal 2024 reproductive-freedom amendment,no,29023,Butler,0.1784,0.3439,0.2916,0.4003,0.515,0.55,0.59,abortion_2024,2018 midterm,0.3533,0.3341
mo_20261103_amendment_3,Amendment 3 — repeal 2024 reproductive-freedom amendment,no,29025,Caldwell,0.1906,0.3699,0.3156,0.4278,0.515,0.55,0.59,abortion_2024,2018 midterm,0.3796,0.3486
mo_20261103_amendment_3,Amendment 3 — repeal 2024 reproductive-freedom amendment,no,29027,Callaway,0.2804,0.4599,0.4007,0.5202,0.515,0.55,0.59,abortion_2024,2018 midterm,0.4702,0.4444
mo_20261103_amendment_3,Amendment 3 — repeal 2024 reproductive-freedom amendment,no,29029,Camden,0.2261,0.4236,0.3659,0.4834,0.515,0.55,0.59,abortion_2024,2018 midterm,0.4337,0.3885
mo_20261103_amendment_3,Amendment 3 — repeal 2024 reproductive-freedom amendment,no,29031,Cape Girardeau,0.2648,0.4144,0.3572,0.474,0.515,0.55,0.59,abortion_2024,2018 midterm,0.4245,0.4289
mo_20261103_amendment_3,Amendment 3 — repeal 2024 reproductive-freedom amendment,no,29033,Carroll,0.1755,0.3559,0.3026,0.413,0.515,0.55,0.59,abortion_2024,2018 midterm,0.3654,0.3305
mo_20261103_amendment_3,Amendment 3 — repeal 2024 reproductive-freedom amendment,no,29035,Carter,0.1276,0.2661,0.2217,0.3159,0.515,0.55,0.59,abortion_2024,2018 midterm,0.2743,0.268
mo_20261103_amendment_3,Amendment 3 — repeal 2024 reproductive-freedom amendment,no,29037,Cass,0.3374,0.5069,0.4467,0.5669,0.515,0.55,0.59,abortion_2024,2018 midterm,0.5172,0.4974
mo_20261103_amendment_3,Amendment 3 — repeal 2024 reproductive-freedom amendment,no,29039,Cedar,0.1488,0.3053,0.2565,0.3588,0.515,0.55,0.59,abortion_2024,2018 midterm,0.3141,0.2968
mo_20261103_amendment_3,Amendment 3 — repeal 2024 reproductive-freedom amendment,no,29041,Chariton,0.2158,0.3739,0.3193,0.432,0.515,0.55,0.59,abortion_2024,2018 midterm,0.3836,0.3774
mo_20261103_amendment_3,Amendment 3 — repeal 2024 reproductive-freedom amendment,no,29043,Christian,0.2359,0.3809,0.3258,0.4393,0.515,0.55,0.59,abortion_2024,2018 midterm,0.3907,0.3991
mo_20261103_amendment_3,Amendment 3 — repeal 2024 reproductive-freedom amendment,no,29045,Clark,0.1899,0.3887,0.3331,0.4474,0.515,0.55,0.59,abortion_2024,2018 midterm,0.3986,0.3478
mo_20261103_amendment_3,Amendment 3 — repeal 2024 reproductive-freedom amendment,no,29047,Clay,0.4713,0.6232,0.565,0.678,0.515,0.55,0.59,abortion_2024,2018 midterm,0.6328,0.6074
mo_20261103_amendment_3,Amendment 3 — repeal 2024 reproductive-freedom amendment,no,29049,Clinton,0.2574,0.4438,0.3853,0.504,0.515,0.55,0.59,abortion_2024,2018 midterm,0.454,0.4215
mo_20261103_amendment_3,Amendment 3 — repeal 2024 reproductive-freedom amendment,no,29051,Cole,0.3254,0.4701,0.4107,0.5305,0.515,0.55,0.59,abortion_2024,2018 midterm,0.4804,0.4867
mo_20261103_amendment_3,Amendment 3 — repeal 2024 reproductive-freedom amendment,no,29053,Cooper,0.2685,0.4392,0.3808,0.4993,0.515,0.55,0.59,abortion_2024,2018 midterm,0.4494,0.4326
mo_20261103_amendment_3,Amendment 3 — repeal 2024 reproductive-freedom amendment,no,29055,Crawford,0.1867,0.3444,0.2921,0.4008,0.515,0.55,0.59,abortion_2024,2018 midterm,0.3538,0.344
mo_20261103_amendment_3,Amendment 3 — repeal 2024 reproductive-freedom amendment,no,29057,Dade,0.1616,0.305,0.2563,0.3585,0.515,0.55,0.59,abortion_2024,2018 midterm,0.3138,0.3133
mo_20261103_amendment_3,Amendment 3 — repeal 2024 reproductive-freedom amendment,no,29059,Dallas,0.1743,0.3315,0.2803,0.3871,0.515,0.55,0.59,abortion_2024,2018 midterm,0.3407,0.3291
mo_20261103_amendment_3,Amendment 3 — repeal 2024 reproductive-freedom amendment,no,29061,Daviess,0.1804,0.3498,0.297,0.4066,0.515,0.55,0.59,abortion_2024,2018 midterm,0.3593,0.3365
mo_20261103_amendment_3,Amendment 3 — repeal 2024 reproductive-freedom amendment,no,29063,Dekalb,0.183,0.3566,0.3033,0.4138,0.515,0.55,0.59,abortion_2024,2018 midterm,0.3661,0.3396
mo_20261103_amendment_3,Amendment 3 — repeal 2024 reproductive-freedom amendment,no,29065,Dent,0.1456,0.2855,0.2389,0.3373,0.515,0.55,0.59,abortion_2024,2018 midterm,0.294,0.2926
mo_20261103_amendment_3,Amendment 3 — repeal 2024 reproductive-freedom amendment,no,29067,Douglas,0.1376,0.2694,0.2246,0.3195,0.515,0.55,0.59,abortion_2024,2018 midterm,0.2776,0.2818
mo_20261103_amendment_3,Amendment 3 — repeal 2024 reproductive-freedom amendment,no,29069,Dunklin,0.1889,0.3598,0.3062,0.4172,0.515,0.55,0.59,abortion_2024,2018 midterm,0.3694,0.3466
mo_20261103_amendment_3,Amendment 3 — repeal 2024 reproductive-freedom amendment,no,29071,Franklin,0.268,0.4275,0.3696,0.4874,0.515,0.55,0.59,abortion_2024,2018 midterm,0.4376,0.4321
mo_20261103_amendment_3,Amendment 3 — repeal 2024 reproductive-freedom amendment,no,29073,Gasconade,0.1962,0.3519,0.299,0.4088,0.515,0.55,0.59,abortion_2024,2018 midterm,0.3614,0.3551
mo_20261103_amendment_3,Amendment 3 — repeal 2024 reproductive-freedom amendment,no,29075,Gentry,0.1886,0.339,0.2871,0.395,0.515,0.55,0.59,abortion_2024,2018 midterm,0.3483,0.3462
mo_20261103_amendment_3,Amendment 3 — repeal 2024 reproductive-freedom amendment,no,29077,Greene,0.3944,0.5335,0.4732,0.5929,0.515,0.55,0.59,abortion_2024,2018 midterm,0.5438,0.5463
mo_20261103_amendment_3,Amendment 3 — repeal 2024 reproductive-freedom amendment,no,29079,Grundy,0.1796,0.3295,0.2785,0.3849,0.515,0.55,0.59,abortion_2024,2018 midterm,0.3387,0.3355
mo_20261103_amendment_3,Amendment 3 — repeal 2024 reproductive-freedom amendment,no,29081,Harrison,0.1395,0.3066,0.2578,0.3602,0.515,0.55,0.59,abortion_2024,2018 midterm,0.3155,0.2844
mo_20261103_amendment_3,Amendment 3 — repeal 2024 reproductive-freedom amendment,no,29083,Henry,0.2343,0.4157,0.3584,0.4753,0.515,0.55,0.59,abortion_2024,2018 midterm,0.4258,0.3974
mo_20261103_amendment_3,Amendment 3 — repeal 2024 reproductive-freedom amendment,no,29085,Hickory,0.1923,0.3673,0.3132,0.425,0.515,0.55,0.59,abortion_2024,2018 midterm,0.377,0.3506
mo_20261103_amendment_3,Amendment 3 — repeal 2024 reproductive-freedom amendment,no,29087,Holt,0.1526,0.3253,0.2746,0.3804,0.515,0.55,0.59,abortion_2024,2018 midterm,0.3344,0.3018
mo_20261103_amendment_3,Amendment 3 — repeal 2024 reproductive-freedom amendment,no,29089,Howard,0.2751,0.4445,0.3859,0.5047,0.515,0.55,0.59,abortion_2024,2018 midterm,0.4547,0.4391
mo_20261103_amendment_3,Amendment 3 — repeal 2024 reproductive-freedom amendment,no,29091,Howell,0.1634,0.3125,0.2631,0.3666,0.515,0.55,0.59,abortion_2024,2018 midterm,0.3215,0.3155
mo_20261103_amendment_3,Amendment 3 — repeal 2024 reproductive-freedom amendment,no,29093,Iron,0.1844,0.3369,0.2852,0.3929,0.515,0.55,0.59,abortion_2024,2018 midterm,0.3462,0.3413
mo_20261103_amendment_3,Amendment 3 — repeal 2024 reproductive-freedom amendment,no,29095,Jackson,0.479,0.6148,0.5563,0.6703,0.515,0.55,0.59,abortion_2024,2018 midterm,0.6246,0.6132
mo_20261103_amendment_3,Amendment 3 — repeal 2024 reproductive-freedom amendment,no,29097,Jasper,0.2629,0.4132,0.3561,0.4728,0.515,0.55,0.59,abortion_2024,2018 midterm,0.4233,0.427
mo_20261103_amendment_3,Amendment 3 — repeal 2024 reproductive-freedom amendment,no,29099,Jefferson,0.3139,0.4876,0.4277,0.5479,0.515,0.55,0.59,abortion_2024,2018 midterm,0.4979,0.4761
mo_20261103_amendment_3,Amendment 3 — repeal 2024 reproductive-freedom amendment,no,29101,Johnson,0.2993,0.4753,0.4157,0.5357,0.515,0.55,0.59,abortion_2024,2018 midterm,0.4857,0.4624
mo_20261103_amendment_3,Amendment 3 — repeal 2024 reproductive-freedom amendment,no,29103,Knox,0.1737,0.3251,0.2745,0.3802,0.515,0.55,0.59,abortion_2024,2018 midterm,0.3342,0.3284
mo_20261103_amendment_3,Amendment 3 — repeal 2024 reproductive-freedom amendment,no,29105,Laclede,0.163,0.3167,0.2669,0.3712,0.515,0.55,0.59,abortion_2024,2018 midterm,0.3257,0.315
mo_20261103_amendment_3,Amendment 3 — repeal 2024 reproductive-freedom amendment,no,29107,Lafayette,0.2524,0.4368,0.3785,0.4969,0.515,0.55,0.59,abortion_2024,2018 midterm,0.447,0.4163
mo_20261103_amendment_3,Amendment 3 — repeal 2024 reproductive-freedom amendment,no,29109,Lawrence,0.178,0.3247,0.2741,0.3798,0.515,0.55,0.59,abortion_2024,2018 midterm,0.3338,0.3336
mo_20261103_amendment_3,Amendment 3 — repeal 2024 reproductive-freedom amendment,no,29111,Lewis,0.1965,0.3619,0.3082,0.4194,0.515,0.55,0.59,abortion_2024,2018 midterm,0.3715,0.3555
mo_20261103_amendment_3,Amendment 3 — repeal 2024 reproductive-freedom amendment,no,29113,Lincoln,0.2174,0.3926,0.3367,0.4514,0.515,0.55,0.59,abortion_2024,2018 midterm,0.4025,0.3791
mo_20261103_amendment_3,Amendment 3 — repeal 2024 reproductive-freedom amendment,no,29115,Linn,0.2105,0.3806,0.3254,0.4389,0.515,0.55,0.59,abortion_2024,2018 midterm,0.3903,0.3714
mo_20261103_amendment_3,Amendment 3 — repeal 2024 reproductive-freedom amendment,no,29117,Livingston,0.2086,0.3742,0.3195,0.4322,0.515,0.55,0.59,abortion_2024,2018 midterm,0.3839,0.3693
mo_20261103_amendment_3,Amendment 3 — repeal 2024 reproductive-freedom amendment,no,29119,McDonald,0.1536,0.3134,0.2639,0.3676,0.515,0.55,0.59,abortion_2024,2018 midterm,0.3224,0.303
mo_20261103_amendment_3,Amendment 3 — repeal 2024 reproductive-freedom amendment,no,29121,Macon,0.1903,0.3465,0.294,0.403,0.515,0.55,0.59,abortion_2024,2018 midterm,0.3559,0.3483
mo_20261103_amendment_3,Amendment 3 — repeal 2024 reproductive-freedom amendment,no,29123,Madison,0.1728,0.3288,0.2778,0.3841,0.515,0.55,0.59,abortion_2024,2018 midterm,0.338,0.3272
mo_20261103_amendment_3,Amendment 3 — repeal 2024 reproductive-freedom amendment,no,29125,Maries,0.1592,0.2916,0.2443,0.3439,0.515,0.55,0.59,abortion_2024,2018 midterm,0.3002,0.3102
mo_20261103_amendment_3,Amendment 3 — repeal 2024 reproductive-freedom amendment,no,29127,Marion,0.2328,0.3835,0.3282,0.442,0.515,0.55,0.59,abortion_2024,2018 midterm,0.3933,0.3958
mo_20261103_amendment_3,Amendment 3 — repeal 2024 reproductive-freedom amendment,no,29129,Mercer,0.132,0.2887,0.2417,0.3407,0.515,0.55,0.59,abortion_2024,2018 midterm,0.2973,0.2741
mo_20261103_amendment_3,Amendment 3 — repeal 2024 reproductive-freedom amendment,no,29131,Miller,0.1603,0.3185,0.2685,0.3731,0.515,0.55,0.59,abortion_2024,2018 midterm,0.3276,0.3116
mo_20261103_amendment_3,Amendment 3 — repeal 2024 reproductive-freedom amendment,no,29133,Mississippi,0.2297,0.3863,0.3308,0.4449,0.515,0.55,0.59,abortion_2024,2018 midterm,0.3961,0.3925
mo_20261103_amendment_3,Amendment 3 — repeal 2024 reproductive-freedom amendment,no,29135,Moniteau,0.1826,0.3365,0.2848,0.3923,0.515,0.55,0.59,abortion_2024,2018 midterm,0.3457,0.3391
mo_20261103_amendment_3,Amendment 3 — repeal 2024 reproductive-freedom amendment,no,29137,Monroe,0.1978,0.351,0.2981,0.4078,0.515,0.55,0.59,abortion_2024,2018 midterm,0.3604,0.357
mo_20261103_amendment_3,Amendment 3 — repeal 2024 reproductive-freedom amendment,no,29139,Montgomery,0.1968,0.3646,0.3106,0.4222,0.515,0.55,0.59,abortion_2024,2018 midterm,0.3742,0.3558
mo_20261103_amendment_3,Amendment 3 — repeal 2024 reproductive-freedom amendment,no,29141,Morgan,0.1986,0.379,0.324,0.4373,0.515,0.55,0.59,abortion_2024,2018 midterm,0.3887,0.3579
mo_20261103_amendment_3,Amendment 3 — repeal 2024 reproductive-freedom amendment,no,29143,New Madrid,0.2308,0.3796,0.3245,0.4379,0.515,0.55,0.59,abortion_2024,2018 midterm,0.3893,0.3936
mo_20261103_amendment_3,Amendment 3 — repeal 2024 reproductive-freedom amendment,no,29145,Newton,0.2038,0.348,0.2953,0.4046,0.515,0.55,0.59,abortion_2024,2018 midterm,0.3574,0.3638
mo_20261103_amendment_3,Amendment 3 — repeal 2024 reproductive-freedom amendment,no,29147,Nodaway,0.279,0.4445,0.3859,0.5047,0.515,0.55,0.59,abortion_2024,2018 midterm,0.4548,0.443
mo_20261103_amendment_3,Amendment 3 — repeal 2024 reproductive-freedom amendment,no,29149,Oregon,0.152,0.3069,0.258,0.3605,0.515,0.55,0.59,abortion_2024,2018 midterm,0.3157,0.3009
mo_20261103_amendment_3,Amendment 3 — repeal 2024 reproductive-freedom amendment,no,29151,Osage,0.1316,0.254,0.211,0.3025,0.515,0.55,0.59,abortion_2024,2018 midterm,0.2619,0.2736
mo_20261103_amendment_3,Amendment 3 — repeal 2024 reproductive-freedom amendment,no,29153,Ozark,0.1472,0.3019,0.2535,0.3551,0.515,0.55,0.59,abortion_2024,2018 midterm,0.3107,0.2946
mo_20261103_amendment_3,Amendment 3 — repeal 2024 reproductive-freedom amendment,no,29155,Pemiscot,0.2536,0.4209,0.3633,0.4806,0.515,0.55,0.59,abortion_2024,2018 midterm,0.431,0.4176
mo_20261103_amendment_3,Amendment 3 — repeal 2024 reproductive-freedom amendment,no,29157,Perry,0.1803,0.3209,0.2706,0.3756,0.515,0.55,0.59,abortion_2024,2018 midterm,0.3299,0.3364
mo_20261103_amendment_3,Amendment 3 — repeal 2024 reproductive-freedom amendment,no,29159,Pettis,0.2527,0.4284,0.3705,0.4883,0.515,0.55,0.59,abortion_2024,2018 midterm,0.4385,0.4166
mo_20261103_amendment_3,Amendment 3 — repeal 2024 reproductive-freedom amendment,no,29161,Phelps,0.2826,0.4395,0.3811,0.4997,0.515,0.55,0.59,abortion_2024,2018 midterm,0.4497,0.4464
mo_20261103_amendment_3,Amendment 3 — repeal 2024 reproductive-freedom amendment,no,29163,Pike,0.2083,0.3643,0.3103,0.4219,0.515,0.55,0.59,abortion_2024,2018 midterm,0.3739,0.3689
mo_20261103_amendment_3,Amendment 3 — repeal 2024 reproductive-freedom amendment,no,29165,Platte,0.4841,0.6333,0.5756,0.6874,0.515,0.55,0.59,abortion_2024,2018 midterm,0.6428,0.6171
mo_20261103_amendment_3,Amendment 3 — repeal 2024 reproductive-freedom amendment,no,29167,Polk,0.1885,0.3359,0.2843,0.3918,0.515,0.55,0.59,abortion_2024,2018 midterm,0.3452,0.3461
mo_20261103_amendment_3,Amendment 3 — repeal 2024 reproductive-freedom amendment,no,29169,Pulaski,0.2454,0.4313,0.3733,0.4913,0.515,0.55,0.59,abortion_2024,2018 midterm,0.4415,0.409
mo_20261103_amendment_3,Amendment 3 — repeal 2024 reproductive-freedom amendment,no,29171,Putnam,0.1465,0.3122,0.2628,0.3663,0.515,0.55,0.59,abortion_2024,2018 midterm,0.3211,0.2938
mo_20261103_amendment_3,Amendment 3 — repeal 2024 reproductive-freedom amendment,no,29173,Ralls,0.2014,0.3514,0.2985,0.4083,0.515,0.55,0.59,abortion_2024,2018 midterm,0.3609,0.3611
mo_20261103_amendment_3,Amendment 3 — repeal 2024 reproductive-freedom amendment,no,29175,Randolph,0.236,0.423,0.3654,0.4828,0.515,0.55,0.59,abortion_2024,2018 midterm,0.4331,0.3992
mo_20261103_amendment_3,Amendment 3 — repeal 2024 reproductive-freedom amendment,no,29177,Ray,0.2539,0.4435,0.385,0.5037,0.515,0.55,0.59,abortion_2024,2018 midterm,0.4538,0.4178
mo_20261103_amendment_3,Amendment 3 — repeal 2024 reproductive-freedom amendment,no,29179,Reynolds,0.1557,0.3098,0.2606,0.3637,0.515,0.55,0.59,abortion_2024,2018 midterm,0.3187,0.3057
mo_20261103_amendment_3,Amendment 3 — repeal 2024 reproductive-freedom amendment,no,29181,Ripley,0.1324,0.2854,0.2387,0.3371,0.515,0.55,0.59,abortion_2024,2018 midterm,0.2939,0.2746
mo_20261103_amendment_3,Amendment 3 — repeal 2024 reproductive-freedom amendment,no,29183,St. Charles,0.4139,0.5614,0.5013,0.6197,0.515,0.55,0.59,abortion_2024,2018 midterm,0.5715,0.5623
mo_20261103_amendment_3,Amendment 3 — repeal 2024 reproductive-freedom amendment,no,29185,St. Clair,0.1941,0.3589,0.3054,0.4162,0.515,0.55,0.59,abortion_2024,2018 midterm,0.3685,0.3527
mo_20261103_amendment_3,Amendment 3 — repeal 2024 reproductive-freedom amendment,no,29186,Ste. Genevieve,0.2722,0.413,0.3559,0.4726,0.515,0.55,0.59,abortion_2024,2018 midterm,0.4231,0.4362
mo_20261103_amendment_3,Amendment 3 — repeal 2024 reproductive-freedom amendment,no,29187,St. Francois,0.2404,0.4168,0.3595,0.4764,0.515,0.55,0.59,abortion_2024,2018 midterm,0.4269,0.4038
mo_20261103_amendment_3,Amendment 3 — repeal 2024 reproductive-freedom amendment,no,29189,St. Louis County,0.6192,0.7063,0.6538,0.7538,0.515,0.55,0.59,abortion_2024,2018 midterm,0.7148,0.7141
mo_20261103_amendment_3,Amendment 3 — repeal 2024 reproductive-freedom amendment,no,29195,Saline,0.2955,0.4882,0.4283,0.5485,0.515,0.55,0.59,abortion_2024,2018 midterm,0.4985,0.4589
mo_20261103_amendment_3,Amendment 3 — repeal 2024 reproductive-freedom amendment,no,29197,Schuyler,0.1738,0.3464,0.2939,0.4029,0.515,0.55,0.59,abortion_2024,2018 midterm,0.3558,0.3284
mo_20261103_amendment_3,Amendment 3 — repeal 2024 reproductive-freedom amendment,no,29199,Scotland,0.1889,0.369,0.3147,0.4268,0.515,0.55,0.59,abortion_2024,2018 midterm,0.3787,0.3466
mo_20261103_amendment_3,Amendment 3 — repeal 2024 reproductive-freedom amendment,no,29201,Scott,0.2036,0.3516,0.2987,0.4085,0.515,0.55,0.59,abortion_2024,2018 midterm,0.3611,0.3637
mo_20261103_amendment_3,Amendment 3 — repeal 2024 reproductive-freedom amendment,no,29203,Shannon,0.1567,0.301,0.2527,0.3541,0.515,0.55,0.59,abortion_2024,2018 midterm,0.3098,0.307
mo_20261103_amendment_3,Amendment 3 — repeal 2024 reproductive-freedom amendment,no,29205,Shelby,0.1697,0.3059,0.2571,0.3595,0.515,0.55,0.59,abortion_2024,2018 midterm,0.3147,0.3234
mo_20261103_amendment_3,Amendment 3 — repeal 2024 reproductive-freedom amendment,no,29207,Stoddard,0.1284,0.2762,0.2306,0.3271,0.515,0.55,0.59,abortion_2024,2018 midterm,0.2846,0.2691
mo_20261103_amendment_3,Amendment 3 — repeal 2024 reproductive-freedom amendment,no,29209,Stone,0.1908,0.3461,0.2936,0.4026,0.515,0.55,0.59,abortion_2024,2018 midterm,0.3555,0.3488
mo_20261103_amendment_3,Amendment 3 — repeal 2024 reproductive-freedom amendment,no,29211,Sullivan,0.167,0.3175,0.2675,0.372,0.515,0.55,0.59,abortion_2024,2018 midterm,0.3265,0.3201
mo_20261103_amendment_3,Amendment 3 — repeal 2024 reproductive-freedom amendment,no,29213,Taney,0.2006,0.3516,0.2986,0.4084,0.515,0.55,0.59,abortion_2024,2018 midterm,0.361,0.3602
mo_20261103_amendment_3,Amendment 3 — repeal 2024 reproductive-freedom amendment,no,29215,Texas,0.1389,0.2774,0.2316,0.3283,0.515,0.55,0.59,abortion_2024,2018 midterm,0.2858,0.2835
mo_20261103_amendment_3,Amendment 3 — repeal 2024 reproductive-freedom amendment,no,29217,Vernon,0.1996,0.3737,0.3191,0.4318,0.515,0.55,0.59,abortion_2024,2018 midterm,0.3834,0.3591
mo_20261103_amendment_3,Amendment 3 — repeal 2024 reproductive-freedom amendment,no,29219,Warren,0.2499,0.4235,0.3658,0.4833,0.515,0.55,0.59,abortion_2024,2018 midterm,0.4336,0.4138
mo_20261103_amendment_3,Amendment 3 — repeal 2024 reproductive-freedom amendment,no,29221,Washington,0.1718,0.3268,0.276,0.382,0.515,0.55,0.59,abortion_2024,2018 midterm,0.336,0.326
mo_20261103_amendment_3,Amendment 3 — repeal 2024 reproductive-freedom amendment,no,29223,Wayne,0.1347,0.2882,0.2412,0.3401,0.515,0.55,0.59,abortion_2024,2018 midterm,0.2967,0.2778
mo_20261103_amendment_3,Amendment 3 — repeal 2024 reproductive-freedom amendment,no,29225,Webster,0.186,0.333,0.2817,0.3887,0.515,0.55,0.59,abortion_2024,2018 midterm,0.3423,0.3432
mo_20261103_amendment_3,Amendment 3 — repeal 2024 reproductive-freedom amendment,no,29227,Worth,0.1737,0.3435,0.2912,0.3998,0.515,0.55,0.59,abortion_2024,2018 midterm,0.3528,0.3283
mo_20261103_amendment_3,Amendment 3 — repeal 2024 reproductive-freedom amendment,no,29229,Wright,0.1187,0.2386,0.1975,0.2852,0.515,0.55,0.59,abortion_2024,2018 midterm,0.2462,0.2552
mo_20261103_amendment_3,Amendment 3 — repeal 2024 reproductive-freedom amendment,no,2938000,Kansas City,0.7848,0.8243,0.7865,0.8566,0.515,0.55,0.59,abortion_2024,2018 midterm,0.8302,0.8263
mo_20261103_amendment_3,Amendment 3 — repeal 2024 reproductive-freedom amendment,no,29510,St. Louis City,0.83,0.8509,0.8175,0.879,0.515,0.55,0.59,abortion_2024,2018 midterm,0.856,0.8572
mo_20261103_amendment_6,Amendment 6 — Respect Missouri Voters (initiative protection),yes,29001,Adair,0.3299,0.5685,0.495,0.6549,0.55,0.62,0.7,cleanmo_2018+init_restrict_2026p,2018 midterm,0.5724,0.5946
mo_20261103_amendment_6,Amendment 6 — Respect Missouri Voters (initiative protection),yes,29003,Andrew,0.2379,0.5574,0.4838,0.6447,0.55,0.62,0.7,cleanmo_2018+init_restrict_2026p,2018 midterm,0.5613,0.5558
mo_20261103_amendment_6,Amendment 6 — Respect Missouri Voters (initiative protection),yes,29005,Atchison,0.1973,0.5242,0.4505,0.6135,0.55,0.62,0.7,cleanmo_2018+init_restrict_2026p,2018 midterm,0.5282,0.5351
mo_20261103_amendment_6,Amendment 6 — Respect Missouri Voters (initiative protection),yes,29007,Audrain,0.2588,0.5583,0.4847,0.6456,0.55,0.62,0.7,cleanmo_2018+init_restrict_2026p,2018 midterm,0.5623,0.5654
mo_20261103_amendment_6,Amendment 6 — Respect Missouri Voters (initiative protection),yes,29009,Barry,0.1794,0.5458,0.472,0.6339,0.55,0.62,0.7,cleanmo_2018+init_restrict_2026p,2018 midterm,0.5497,0.5249
mo_20261103_amendment_6,Amendment 6 — Respect Missouri Voters (initiative protection),yes,29011,Barton,0.1371,0.4579,0.386,0.549,0.55,0.62,0.7,cleanmo_2018+init_restrict_2026p,2018 midterm,0.4619,0.4971
mo_20261103_amendment_6,Amendment 6 — Respect Missouri Voters (initiative protection),yes,29013,Bates,0.1891,0.5447,0.4709,0.6328,0.55,0.62,0.7,cleanmo_2018+init_restrict_2026p,2018 midterm,0.5486,0.5305
mo_20261103_amendment_6,Amendment 6 — Respect Missouri Voters (initiative protection),yes,29015,Benton,0.2026,0.5634,0.4898,0.6502,0.55,0.62,0.7,cleanmo_2018+init_restrict_2026p,2018 midterm,0.5673,0.5379
mo_20261103_amendment_6,Amendment 6 — Respect Missouri Voters (initiative protection),yes,29017,Bollinger,0.1235,0.4877,0.4147,0.5784,0.55,0.62,0.7,cleanmo_2018+init_restrict_2026p,2018 midterm,0.4917,0.4866
mo_20261103_amendment_6,Amendment 6 — Respect Missouri Voters (initiative protection),yes,29019,Boone,0.5498,0.6873,0.6206,0.76,0.55,0.62,0.7,cleanmo_2018+init_restrict_2026p,2018 midterm,0.6907,0.6683
mo_20261103_amendment_6,Amendment 6 — Respect Missouri Voters (initiative protection),yes,29021,Buchanan,0.3579,0.6176,0.5458,0.6994,0.55,0.62,0.7,cleanmo_2018+init_restrict_2026p,2018 midterm,0.6213,0.605
mo_20261103_amendment_6,Amendment 6 — Respect Missouri Voters (initiative protection),yes,29023,Butler,0.1784,0.5423,0.4685,0.6306,0.55,0.62,0.7,cleanmo_2018+init_restrict_2026p,2018 midterm,0.5462,0.5243
mo_20261103_amendment_6,Amendment 6 — Respect Missouri Voters (initiative protection),yes,29025,Caldwell,0.1906,0.5554,0.4818,0.6429,0.55,0.62,0.7,cleanmo_2018+init_restrict_2026p,2018 midterm,0.5594,0.5314
mo_20261103_amendment_6,Amendment 6 — Respect Missouri Voters (initiative protection),yes,29027,Callaway,0.2804,0.576,0.5027,0.6619,0.55,0.62,0.7,cleanmo_2018+init_restrict_2026p,2018 midterm,0.5799,0.5748
mo_20261103_amendment_6,Amendment 6 — Respect Missouri Voters (initiative protection),yes,29029,Camden,0.2261,0.5812,0.508,0.6666,0.55,0.62,0.7,cleanmo_2018+init_restrict_2026p,2018 midterm,0.5851,0.55
mo_20261103_amendment_6,Amendment 6 — Respect Missouri Voters (initiative protection),yes,29031,Cape Girardeau,0.2648,0.5693,0.4958,0.6557,0.55,0.62,0.7,cleanmo_2018+init_restrict_2026p,2018 midterm,0.5732,0.5681
mo_20261103_amendment_6,Amendment 6 — Respect Missouri Voters (initiative protection),yes,29033,Carroll,0.1755,0.534,0.4603,0.6228,0.55,0.62,0.7,cleanmo_2018+init_restrict_2026p,2018 midterm,0.538,0.5225
mo_20261103_amendment_6,Amendment 6 — Respect Missouri Voters (initiative protection),yes,29035,Carter,0.1276,0.5042,0.4308,0.5944,0.55,0.62,0.7,cleanmo_2018+init_restrict_2026p,2018 midterm,0.5082,0.4899
mo_20261103_amendment_6,Amendment 6 — Respect Missouri Voters (initiative protection),yes,29037,Cass,0.3374,0.6071,0.5348,0.69,0.55,0.62,0.7,cleanmo_2018+init_restrict_2026p,2018 midterm,0.6109,0.5974
mo_20261103_amendment_6,Amendment 6 — Respect Missouri Voters (initiative protection),yes,29039,Cedar,0.1488,0.5257,0.452,0.6149,0.55,0.62,0.7,cleanmo_2018+init_restrict_2026p,2018 midterm,0.5297,0.5054
mo_20261103_amendment_6,Amendment 6 — Respect Missouri Voters (initiative protection),yes,29041,Chariton,0.2158,0.5153,0.4417,0.6051,0.55,0.62,0.7,cleanmo_2018+init_restrict_2026p,2018 midterm,0.5193,0.5449
mo_20261103_amendment_6,Amendment 6 — Respect Missouri Voters (initiative protection),yes,29043,Christian,0.2359,0.5526,0.4789,0.6402,0.55,0.62,0.7,cleanmo_2018+init_restrict_2026p,2018 midterm,0.5565,0.5548
mo_20261103_amendment_6,Amendment 6 — Respect Missouri Voters (initiative protection),yes,29045,Clark,0.1899,0.5135,0.44,0.6033,0.55,0.62,0.7,cleanmo_2018+init_restrict_2026p,2018 midterm,0.5175,0.531
mo_20261103_amendment_6,Amendment 6 — Respect Missouri Voters (initiative protection),yes,29047,Clay,0.4713,0.6701,0.6018,0.7453,0.55,0.62,0.7,cleanmo_2018+init_restrict_2026p,2018 midterm,0.6736,0.6435
mo_20261103_amendment_6,Amendment 6 — Respect Missouri Voters (initiative protection),yes,29049,Clinton,0.2574,0.5848,0.5118,0.6699,0.55,0.62,0.7,cleanmo_2018+init_restrict_2026p,2018 midterm,0.5887,0.5648
mo_20261103_amendment_6,Amendment 6 — Respect Missouri Voters (initiative protection),yes,29051,Cole,0.3254,0.5845,0.5114,0.6696,0.55,0.62,0.7,cleanmo_2018+init_restrict_2026p,2018 midterm,0.5884,0.5929
mo_20261103_amendment_6,Amendment 6 — Respect Missouri Voters (initiative protection),yes,29053,Cooper,0.2685,0.5526,0.479,0.6403,0.55,0.62,0.7,cleanmo_2018+init_restrict_2026p,2018 midterm,0.5566,0.5697
mo_20261103_amendment_6,Amendment 6 — Respect Missouri Voters (initiative protection),yes,29055,Crawford,0.1867,0.5442,0.4704,0.6324,0.55,0.62,0.7,cleanmo_2018+init_restrict_2026p,2018 midterm,0.5482,0.5291
mo_20261103_amendment_6,Amendment 6 — Respect Missouri Voters (initiative protection),yes,29057,Dade,0.1616,0.5301,0.4564,0.6191,0.55,0.62,0.7,cleanmo_2018+init_restrict_2026p,2018 midterm,0.5341,0.5139
mo_20261103_amendment_6,Amendment 6 — Respect Missouri Voters (initiative protection),yes,29059,Dallas,0.1743,0.5311,0.4573,0.62,0.55,0.62,0.7,cleanmo_2018+init_restrict_2026p,2018 midterm,0.5351,0.5218
mo_20261103_amendment_6,Amendment 6 — Respect Missouri Voters (initiative protection),yes,29061,Daviess,0.1804,0.5529,0.4792,0.6405,0.55,0.62,0.7,cleanmo_2018+init_restrict_2026p,2018 midterm,0.5568,0.5255
mo_20261103_amendment_6,Amendment 6 — Respect Missouri Voters (initiative protection),yes,29063,Dekalb,0.183,0.5356,0.4618,0.6243,0.55,0.62,0.7,cleanmo_2018+init_restrict_2026p,2018 midterm,0.5395,0.527
mo_20261103_amendment_6,Amendment 6 — Respect Missouri Voters (initiative protection),yes,29065,Dent,0.1456,0.5062,0.4327,0.5963,0.55,0.62,0.7,cleanmo_2018+init_restrict_2026p,2018 midterm,0.5102,0.5032
mo_20261103_amendment_6,Amendment 6 — Respect Missouri Voters (initiative protection),yes,29067,Douglas,0.1376,0.4592,0.3872,0.5503,0.55,0.62,0.7,cleanmo_2018+init_restrict_2026p,2018 midterm,0.4632,0.4974
mo_20261103_amendment_6,Amendment 6 — Respect Missouri Voters (initiative protection),yes,29069,Dunklin,0.1889,0.5176,0.444,0.6073,0.55,0.62,0.7,cleanmo_2018+init_restrict_2026p,2018 midterm,0.5216,0.5304
mo_20261103_amendment_6,Amendment 6 — Respect Missouri Voters (initiative protection),yes,29071,Franklin,0.268,0.5638,0.4903,0.6506,0.55,0.62,0.7,cleanmo_2018+init_restrict_2026p,2018 midterm,0.5677,0.5695
mo_20261103_amendment_6,Amendment 6 — Respect Missouri Voters (initiative protection),yes,29073,Gasconade,0.1962,0.5277,0.454,0.6168,0.55,0.62,0.7,cleanmo_2018+init_restrict_2026p,2018 midterm,0.5317,0.5345
mo_20261103_amendment_6,Amendment 6 — Respect Missouri Voters (initiative protection),yes,29075,Gentry,0.1886,0.5335,0.4598,0.6224,0.55,0.62,0.7,cleanmo_2018+init_restrict_2026p,2018 midterm,0.5375,0.5302
mo_20261103_amendment_6,Amendment 6 — Respect Missouri Voters (initiative protection),yes,29077,Greene,0.3944,0.6314,0.5603,0.7116,0.55,0.62,0.7,cleanmo_2018+init_restrict_2026p,2018 midterm,0.6351,0.6179
mo_20261103_amendment_6,Amendment 6 — Respect Missouri Voters (initiative protection),yes,29079,Grundy,0.1796,0.5572,0.4836,0.6446,0.55,0.62,0.7,cleanmo_2018+init_restrict_2026p,2018 midterm,0.5612,0.525
mo_20261103_amendment_6,Amendment 6 — Respect Missouri Voters (initiative protection),yes,29081,Harrison,0.1395,0.5153,0.4416,0.605,0.55,0.62,0.7,cleanmo_2018+init_restrict_2026p,2018 midterm,0.5193,0.4988
mo_20261103_amendment_6,Amendment 6 — Respect Missouri Voters (initiative protection),yes,29083,Henry,0.2343,0.575,0.5017,0.661,0.55,0.62,0.7,cleanmo_2018+init_restrict_2026p,2018 midterm,0.579,0.554
mo_20261103_amendment_6,Amendment 6 — Respect Missouri Voters (initiative protection),yes,29085,Hickory,0.1923,0.5476,0.4738,0.6355,0.55,0.62,0.7,cleanmo_2018+init_restrict_2026p,2018 midterm,0.5515,0.5323
mo_20261103_amendment_6,Amendment 6 — Respect Missouri Voters (initiative protection),yes,29087,Holt,0.1526,0.5086,0.4351,0.5986,0.55,0.62,0.7,cleanmo_2018+init_restrict_2026p,2018 midterm,0.5126,0.508
mo_20261103_amendment_6,Amendment 6 — Respect Missouri Voters (initiative protection),yes,29089,Howard,0.2751,0.5621,0.4885,0.649,0.55,0.62,0.7,cleanmo_2018+init_restrict_2026p,2018 midterm,0.566,0.5725
mo_20261103_amendment_6,Amendment 6 — Respect Missouri Voters (initiative protection),yes,29091,Howell,0.1634,0.5319,0.4582,0.6209,0.55,0.62,0.7,cleanmo_2018+init_restrict_2026p,2018 midterm,0.5359,0.5151
mo_20261103_amendment_6,Amendment 6 — Respect Missouri Voters (initiative protection),yes,29093,Iron,0.1844,0.5552,0.4815,0.6426,0.55,0.62,0.7,cleanmo_2018+init_restrict_2026p,2018 midterm,0.5591,0.5278
mo_20261103_amendment_6,Amendment 6 — Respect Missouri Voters (initiative protection),yes,29095,Jackson,0.479,0.6688,0.6004,0.7442,0.55,0.62,0.7,cleanmo_2018+init_restrict_2026p,2018 midterm,0.6723,0.6459
mo_20261103_amendment_6,Amendment 6 — Respect Missouri Voters (initiative protection),yes,29097,Jasper,0.2629,0.5442,0.4705,0.6324,0.55,0.62,0.7,cleanmo_2018+init_restrict_2026p,2018 midterm,0.5482,0.5672
mo_20261103_amendment_6,Amendment 6 — Respect Missouri Voters (initiative protection),yes,29099,Jefferson,0.3139,0.5918,0.519,0.6763,0.55,0.62,0.7,cleanmo_2018+init_restrict_2026p,2018 midterm,0.5957,0.5884
mo_20261103_amendment_6,Amendment 6 — Respect Missouri Voters (initiative protection),yes,29101,Johnson,0.2993,0.5779,0.5046,0.6636,0.55,0.62,0.7,cleanmo_2018+init_restrict_2026p,2018 midterm,0.5818,0.5826
mo_20261103_amendment_6,Amendment 6 — Respect Missouri Voters (initiative protection),yes,29103,Knox,0.1737,0.4735,0.4009,0.5644,0.55,0.62,0.7,cleanmo_2018+init_restrict_2026p,2018 midterm,0.4775,0.5215
mo_20261103_amendment_6,Amendment 6 — Respect Missouri Voters (initiative protection),yes,29105,Laclede,0.163,0.504,0.4306,0.5942,0.55,0.62,0.7,cleanmo_2018+init_restrict_2026p,2018 midterm,0.508,0.5148
mo_20261103_amendment_6,Amendment 6 — Respect Missouri Voters (initiative protection),yes,29107,Lafayette,0.2524,0.5786,0.5053,0.6642,0.55,0.62,0.7,cleanmo_2018+init_restrict_2026p,2018 midterm,0.5825,0.5625
mo_20261103_amendment_6,Amendment 6 — Respect Missouri Voters (initiative protection),yes,29109,Lawrence,0.178,0.545,0.4713,0.6331,0.55,0.62,0.7,cleanmo_2018+init_restrict_2026p,2018 midterm,0.549,0.524
mo_20261103_amendment_6,Amendment 6 — Respect Missouri Voters (initiative protection),yes,29111,Lewis,0.1965,0.5096,0.436,0.5995,0.55,0.62,0.7,cleanmo_2018+init_restrict_2026p,2018 midterm,0.5136,0.5347
mo_20261103_amendment_6,Amendment 6 — Respect Missouri Voters (initiative protection),yes,29113,Lincoln,0.2174,0.5436,0.4698,0.6318,0.55,0.62,0.7,cleanmo_2018+init_restrict_2026p,2018 midterm,0.5476,0.5457
mo_20261103_amendment_6,Amendment 6 — Respect Missouri Voters (initiative protection),yes,29115,Linn,0.2105,0.5318,0.4581,0.6207,0.55,0.62,0.7,cleanmo_2018+init_restrict_2026p,2018 midterm,0.5358,0.5421
mo_20261103_amendment_6,Amendment 6 — Respect Missouri Voters (initiative protection),yes,29117,Livingston,0.2086,0.5563,0.4827,0.6437,0.55,0.62,0.7,cleanmo_2018+init_restrict_2026p,2018 midterm,0.5603,0.5411
mo_20261103_amendment_6,Amendment 6 — Respect Missouri Voters (initiative protection),yes,29119,McDonald,0.1536,0.5077,0.4342,0.5977,0.55,0.62,0.7,cleanmo_2018+init_restrict_2026p,2018 midterm,0.5117,0.5086
mo_20261103_amendment_6,Amendment 6 — Respect Missouri Voters (initiative protection),yes,29121,Macon,0.1903,0.4795,0.4067,0.5704,0.55,0.62,0.7,cleanmo_2018+init_restrict_2026p,2018 midterm,0.4835,0.5312
mo_20261103_amendment_6,Amendment 6 — Respect Missouri Voters (initiative protection),yes,29123,Madison,0.1728,0.5321,0.4584,0.621,0.55,0.62,0.7,cleanmo_2018+init_restrict_2026p,2018 midterm,0.5361,0.5209
mo_20261103_amendment_6,Amendment 6 — Respect Missouri Voters (initiative protection),yes,29125,Maries,0.1592,0.5304,0.4567,0.6194,0.55,0.62,0.7,cleanmo_2018+init_restrict_2026p,2018 midterm,0.5344,0.5124
mo_20261103_amendment_6,Amendment 6 — Respect Missouri Voters (initiative protection),yes,29127,Marion,0.2328,0.5343,0.4606,0.6231,0.55,0.62,0.7,cleanmo_2018+init_restrict_2026p,2018 midterm,0.5383,0.5533
mo_20261103_amendment_6,Amendment 6 — Respect Missouri Voters (initiative protection),yes,29129,Mercer,0.132,0.5094,0.4359,0.5994,0.55,0.62,0.7,cleanmo_2018+init_restrict_2026p,2018 midterm,0.5134,0.4932
mo_20261103_amendment_6,Amendment 6 — Respect Missouri Voters (initiative protection),yes,29131,Miller,0.1603,0.5431,0.4693,0.6313,0.55,0.62,0.7,cleanmo_2018+init_restrict_2026p,2018 midterm,0.547,0.5131
mo_20261103_amendment_6,Amendment 6 — Respect Missouri Voters (initiative protection),yes,29133,Mississippi,0.2297,0.5509,0.4772,0.6387,0.55,0.62,0.7,cleanmo_2018+init_restrict_2026p,2018 midterm,0.5549,0.5518
mo_20261103_amendment_6,Amendment 6 — Respect Missouri Voters (initiative protection),yes,29135,Moniteau,0.1826,0.5208,0.4472,0.6103,0.55,0.62,0.7,cleanmo_2018+init_restrict_2026p,2018 midterm,0.5248,0.5268
mo_20261103_amendment_6,Amendment 6 — Respect Missouri Voters (initiative protection),yes,29137,Monroe,0.1978,0.5204,0.4468,0.6099,0.55,0.62,0.7,cleanmo_2018+init_restrict_2026p,2018 midterm,0.5244,0.5353
mo_20261103_amendment_6,Amendment 6 — Respect Missouri Voters (initiative protection),yes,29139,Montgomery,0.1968,0.5209,0.4472,0.6104,0.55,0.62,0.7,cleanmo_2018+init_restrict_2026p,2018 midterm,0.5249,0.5348
mo_20261103_amendment_6,Amendment 6 — Respect Missouri Voters (initiative protection),yes,29141,Morgan,0.1986,0.5449,0.4711,0.633,0.55,0.62,0.7,cleanmo_2018+init_restrict_2026p,2018 midterm,0.5488,0.5358
mo_20261103_amendment_6,Amendment 6 — Respect Missouri Voters (initiative protection),yes,29143,New Madrid,0.2308,0.5412,0.4675,0.6296,0.55,0.62,0.7,cleanmo_2018+init_restrict_2026p,2018 midterm,0.5452,0.5523
mo_20261103_amendment_6,Amendment 6 — Respect Missouri Voters (initiative protection),yes,29145,Newton,0.2038,0.5172,0.4436,0.6068,0.55,0.62,0.7,cleanmo_2018+init_restrict_2026p,2018 midterm,0.5212,0.5386
mo_20261103_amendment_6,Amendment 6 — Respect Missouri Voters (initiative protection),yes,29147,Nodaway,0.279,0.5667,0.4932,0.6533,0.55,0.62,0.7,cleanmo_2018+init_restrict_2026p,2018 midterm,0.5706,0.5742
mo_20261103_amendment_6,Amendment 6 — Respect Missouri Voters (initiative protection),yes,29149,Oregon,0.152,0.5358,0.4621,0.6245,0.55,0.62,0.7,cleanmo_2018+init_restrict_2026p,2018 midterm,0.5398,0.5076
mo_20261103_amendment_6,Amendment 6 — Respect Missouri Voters (initiative protection),yes,29151,Osage,0.1316,0.4904,0.4172,0.581,0.55,0.62,0.7,cleanmo_2018+init_restrict_2026p,2018 midterm,0.4944,0.4929
mo_20261103_amendment_6,Amendment 6 — Respect Missouri Voters (initiative protection),yes,29153,Ozark,0.1472,0.5253,0.4516,0.6146,0.55,0.62,0.7,cleanmo_2018+init_restrict_2026p,2018 midterm,0.5293,0.5043
mo_20261103_amendment_6,Amendment 6 — Respect Missouri Voters (initiative protection),yes,29155,Pemiscot,0.2536,0.5238,0.4501,0.6131,0.55,0.62,0.7,cleanmo_2018+init_restrict_2026p,2018 midterm,0.5278,0.5631
mo_20261103_amendment_6,Amendment 6 — Respect Missouri Voters (initiative protection),yes,29157,Perry,0.1803,0.5517,0.4781,0.6394,0.55,0.62,0.7,cleanmo_2018+init_restrict_2026p,2018 midterm,0.5557,0.5254
mo_20261103_amendment_6,Amendment 6 — Respect Missouri Voters (initiative protection),yes,29159,Pettis,0.2527,0.5707,0.4972,0.657,0.55,0.62,0.7,cleanmo_2018+init_restrict_2026p,2018 midterm,0.5746,0.5627
mo_20261103_amendment_6,Amendment 6 — Respect Missouri Voters (initiative protection),yes,29161,Phelps,0.2826,0.5737,0.5003,0.6597,0.55,0.62,0.7,cleanmo_2018+init_restrict_2026p,2018 midterm,0.5776,0.5757
mo_20261103_amendment_6,Amendment 6 — Respect Missouri Voters (initiative protection),yes,29163,Pike,0.2083,0.5282,0.4545,0.6173,0.55,0.62,0.7,cleanmo_2018+init_restrict_2026p,2018 midterm,0.5322,0.541
mo_20261103_amendment_6,Amendment 6 — Respect Missouri Voters (initiative protection),yes,29165,Platte,0.4841,0.661,0.592,0.7375,0.55,0.62,0.7,cleanmo_2018+init_restrict_2026p,2018 midterm,0.6646,0.6475
mo_20261103_amendment_6,Amendment 6 — Respect Missouri Voters (initiative protection),yes,29167,Polk,0.1885,0.567,0.4936,0.6536,0.55,0.62,0.7,cleanmo_2018+init_restrict_2026p,2018 midterm,0.571,0.5302
mo_20261103_amendment_6,Amendment 6 — Respect Missouri Voters (initiative protection),yes,29169,Pulaski,0.2454,0.5631,0.4896,0.65,0.55,0.62,0.7,cleanmo_2018+init_restrict_2026p,2018 midterm,0.5671,0.5593
mo_20261103_amendment_6,Amendment 6 — Respect Missouri Voters (initiative protection),yes,29171,Putnam,0.1465,0.4906,0.4175,0.5812,0.55,0.62,0.7,cleanmo_2018+init_restrict_2026p,2018 midterm,0.4946,0.5038
mo_20261103_amendment_6,Amendment 6 — Respect Missouri Voters (initiative protection),yes,29173,Ralls,0.2014,0.5231,0.4494,0.6124,0.55,0.62,0.7,cleanmo_2018+init_restrict_2026p,2018 midterm,0.5271,0.5373
mo_20261103_amendment_6,Amendment 6 — Respect Missouri Voters (initiative protection),yes,29175,Randolph,0.236,0.529,0.4553,0.6181,0.55,0.62,0.7,cleanmo_2018+init_restrict_2026p,2018 midterm,0.533,0.5549
mo_20261103_amendment_6,Amendment 6 — Respect Missouri Voters (initiative protection),yes,29177,Ray,0.2539,0.5914,0.5185,0.6759,0.55,0.62,0.7,cleanmo_2018+init_restrict_2026p,2018 midterm,0.5953,0.5632
mo_20261103_amendment_6,Amendment 6 — Respect Missouri Voters (initiative protection),yes,29179,Reynolds,0.1557,0.5424,0.4686,0.6307,0.55,0.62,0.7,cleanmo_2018+init_restrict_2026p,2018 midterm,0.5464,0.51
mo_20261103_amendment_6,Amendment 6 — Respect Missouri Voters (initiative protection),yes,29181,Ripley,0.1324,0.509,0.4355,0.599,0.55,0.62,0.7,cleanmo_2018+init_restrict_2026p,2018 midterm,0.513,0.4935
mo_20261103_amendment_6,Amendment 6 — Respect Missouri Voters (initiative protection),yes,29183,St. Charles,0.4139,0.6138,0.5418,0.696,0.55,0.62,0.7,cleanmo_2018+init_restrict_2026p,2018 midterm,0.6176,0.6246
mo_20261103_amendment_6,Amendment 6 — Respect Missouri Voters (initiative protection),yes,29185,St. Clair,0.1941,0.5379,0.4641,0.6264,0.55,0.62,0.7,cleanmo_2018+init_restrict_2026p,2018 midterm,0.5418,0.5333
mo_20261103_amendment_6,Amendment 6 — Respect Missouri Voters (initiative protection),yes,29186,Ste. Genevieve,0.2722,0.6057,0.5334,0.6888,0.55,0.62,0.7,cleanmo_2018+init_restrict_2026p,2018 midterm,0.6095,0.5713
mo_20261103_amendment_6,Amendment 6 — Respect Missouri Voters (initiative protection),yes,29187,St. Francois,0.2404,0.5863,0.5133,0.6713,0.55,0.62,0.7,cleanmo_2018+init_restrict_2026p,2018 midterm,0.5902,0.557
mo_20261103_amendment_6,Amendment 6 — Respect Missouri Voters (initiative protection),yes,29189,St. Louis County,0.6192,0.6665,0.5979,0.7422,0.55,0.62,0.7,cleanmo_2018+init_restrict_2026p,2018 midterm,0.67,0.69
mo_20261103_amendment_6,Amendment 6 — Respect Missouri Voters (initiative protection),yes,29195,Saline,0.2955,0.587,0.514,0.6719,0.55,0.62,0.7,cleanmo_2018+init_restrict_2026p,2018 midterm,0.5909,0.5811
mo_20261103_amendment_6,Amendment 6 — Respect Missouri Voters (initiative protection),yes,29197,Schuyler,0.1738,0.5164,0.4428,0.6061,0.55,0.62,0.7,cleanmo_2018+init_restrict_2026p,2018 midterm,0.5204,0.5215
mo_20261103_amendment_6,Amendment 6 — Respect Missouri Voters (initiative protection),yes,29199,Scotland,0.1889,0.51,0.4365,0.5999,0.55,0.62,0.7,cleanmo_2018+init_restrict_2026p,2018 midterm,0.514,0.5304
mo_20261103_amendment_6,Amendment 6 — Respect Missouri Voters (initiative protection),yes,29201,Scott,0.2036,0.5253,0.4516,0.6146,0.55,0.62,0.7,cleanmo_2018+init_restrict_2026p,2018 midterm,0.5293,0.5385
mo_20261103_amendment_6,Amendment 6 — Respect Missouri Voters (initiative protection),yes,29203,Shannon,0.1567,0.5448,0.4711,0.633,0.55,0.62,0.7,cleanmo_2018+init_restrict_2026p,2018 midterm,0.5488,0.5107
mo_20261103_amendment_6,Amendment 6 — Respect Missouri Voters (initiative protection),yes,29205,Shelby,0.1697,0.46,0.388,0.5511,0.55,0.62,0.7,cleanmo_2018+init_restrict_2026p,2018 midterm,0.464,0.519
mo_20261103_amendment_6,Amendment 6 — Respect Missouri Voters (initiative protection),yes,29207,Stoddard,0.1284,0.502,0.4286,0.5922,0.55,0.62,0.7,cleanmo_2018+init_restrict_2026p,2018 midterm,0.506,0.4905
mo_20261103_amendment_6,Amendment 6 — Respect Missouri Voters (initiative protection),yes,29209,Stone,0.1908,0.5452,0.4715,0.6334,0.55,0.62,0.7,cleanmo_2018+init_restrict_2026p,2018 midterm,0.5492,0.5314
mo_20261103_amendment_6,Amendment 6 — Respect Missouri Voters (initiative protection),yes,29211,Sullivan,0.167,0.4875,0.4145,0.5781,0.55,0.62,0.7,cleanmo_2018+init_restrict_2026p,2018 midterm,0.4915,0.5173
mo_20261103_amendment_6,Amendment 6 — Respect Missouri Voters (initiative protection),yes,29213,Taney,0.2006,0.53,0.4562,0.619,0.55,0.62,0.7,cleanmo_2018+init_restrict_2026p,2018 midterm,0.534,0.5369
mo_20261103_amendment_6,Amendment 6 — Respect Missouri Voters (initiative protection),yes,29215,Texas,0.1389,0.5039,0.4305,0.5941,0.55,0.62,0.7,cleanmo_2018+init_restrict_2026p,2018 midterm,0.5079,0.4983
mo_20261103_amendment_6,Amendment 6 — Respect Missouri Voters (initiative protection),yes,29217,Vernon,0.1996,0.5268,0.453,0.6159,0.55,0.62,0.7,cleanmo_2018+init_restrict_2026p,2018 midterm,0.5307,0.5364
mo_20261103_amendment_6,Amendment 6 — Respect Missouri Voters (initiative protection),yes,29219,Warren,0.2499,0.5529,0.4792,0.6405,0.55,0.62,0.7,cleanmo_2018+init_restrict_2026p,2018 midterm,0.5569,0.5614
mo_20261103_amendment_6,Amendment 6 — Respect Missouri Voters (initiative protection),yes,29221,Washington,0.1718,0.5387,0.4649,0.6272,0.55,0.62,0.7,cleanmo_2018+init_restrict_2026p,2018 midterm,0.5426,0.5203
mo_20261103_amendment_6,Amendment 6 — Respect Missouri Voters (initiative protection),yes,29223,Wayne,0.1347,0.5125,0.4389,0.6023,0.55,0.62,0.7,cleanmo_2018+init_restrict_2026p,2018 midterm,0.5165,0.4953
mo_20261103_amendment_6,Amendment 6 — Respect Missouri Voters (initiative protection),yes,29225,Webster,0.186,0.5352,0.4615,0.6239,0.55,0.62,0.7,cleanmo_2018+init_restrict_2026p,2018 midterm,0.5392,0.5288
mo_20261103_amendment_6,Amendment 6 — Respect Missouri Voters (initiative protection),yes,29227,Worth,0.1737,0.4958,0.4225,0.5862,0.55,0.62,0.7,cleanmo_2018+init_restrict_2026p,2018 midterm,0.4998,0.5215
mo_20261103_amendment_6,Amendment 6 — Respect Missouri Voters (initiative protection),yes,29229,Wright,0.1187,0.4606,0.3886,0.5517,0.55,0.62,0.7,cleanmo_2018+init_restrict_2026p,2018 midterm,0.4646,0.4826
mo_20261103_amendment_6,Amendment 6 — Respect Missouri Voters (initiative protection),yes,2938000,Kansas City,0.7848,0.7367,0.6755,0.8012,0.55,0.62,0.7,cleanmo_2018+init_restrict_2026p,2018 midterm,0.7398,0.7469
mo_20261103_amendment_6,Amendment 6 — Respect Missouri Voters (initiative protection),yes,29510,St. Louis City,0.83,0.7812,0.7266,0.8373,0.55,0.62,0.7,cleanmo_2018+init_restrict_2026p,2018 midterm,0.784,0.7657
mo_20261103_map_referendum,Congressional map referendum on HB 1,no,29001,Adair,0.3299,0.4961,0.424,0.5696,0.46,0.53,0.6,cleanmo_repeal_2020,2018 midterm,0.502,0.4946
mo_20261103_map_referendum,Congressional map referendum on HB 1,no,29003,Andrew,0.2379,0.4504,0.3799,0.5241,0.46,0.53,0.6,cleanmo_repeal_2020,2018 midterm,0.4562,0.4454
mo_20261103_map_referendum,Congressional map referendum on HB 1,no,29005,Atchison,0.1973,0.401,0.3336,0.4736,0.46,0.53,0.6,cleanmo_repeal_2020,2018 midterm,0.4067,0.42
mo_20261103_map_referendum,Congressional map referendum on HB 1,no,29007,Audrain,0.2588,0.4514,0.3808,0.5251,0.46,0.53,0.6,cleanmo_repeal_2020,2018 midterm,0.4571,0.4574
mo_20261103_map_referendum,Congressional map referendum on HB 1,no,29009,Barry,0.1794,0.4079,0.3399,0.4807,0.46,0.53,0.6,cleanmo_repeal_2020,2018 midterm,0.4135,0.4077
mo_20261103_map_referendum,Congressional map referendum on HB 1,no,29011,Barton,0.1371,0.3476,0.2848,0.4172,0.46,0.53,0.6,cleanmo_repeal_2020,2018 midterm,0.3529,0.3748
mo_20261103_map_referendum,Congressional map referendum on HB 1,no,29013,Bates,0.1891,0.4176,0.349,0.4908,0.46,0.53,0.6,cleanmo_repeal_2020,2018 midterm,0.4233,0.4145
mo_20261103_map_referendum,Congressional map referendum on HB 1,no,29015,Benton,0.2026,0.4385,0.3687,0.5121,0.46,0.53,0.6,cleanmo_repeal_2020,2018 midterm,0.4443,0.4235
mo_20261103_map_referendum,Congressional map referendum on HB 1,no,29017,Bollinger,0.1235,0.3523,0.2891,0.4223,0.46,0.53,0.6,cleanmo_repeal_2020,2018 midterm,0.3576,0.3626
mo_20261103_map_referendum,Congressional map referendum on HB 1,no,29019,Boone,0.5498,0.6069,0.5358,0.6748,0.46,0.53,0.6,cleanmo_repeal_2020,2018 midterm,0.6125,0.592
mo_20261103_map_referendum,Congressional map referendum on HB 1,no,29021,Buchanan,0.3579,0.5233,0.4507,0.596,0.46,0.53,0.6,cleanmo_repeal_2020,2018 midterm,0.5291,0.508
mo_20261103_map_referendum,Congressional map referendum on HB 1,no,29023,Butler,0.1784,0.4135,0.3451,0.4865,0.46,0.53,0.6,cleanmo_repeal_2020,2018 midterm,0.4192,0.407
mo_20261103_map_referendum,Congressional map referendum on HB 1,no,29025,Caldwell,0.1906,0.4152,0.3467,0.4883,0.46,0.53,0.6,cleanmo_repeal_2020,2018 midterm,0.4209,0.4155
mo_20261103_map_referendum,Congressional map referendum on HB 1,no,29027,Callaway,0.2804,0.4761,0.4045,0.5498,0.46,0.53,0.6,cleanmo_repeal_2020,2018 midterm,0.4819,0.4693
mo_20261103_map_referendum,Congressional map referendum on HB 1,no,29029,Camden,0.2261,0.4361,0.3664,0.5097,0.46,0.53,0.6,cleanmo_repeal_2020,2018 midterm,0.4419,0.4383
mo_20261103_map_referendum,Congressional map referendum on HB 1,no,29031,Cape Girardeau,0.2648,0.4379,0.368,0.5115,0.46,0.53,0.6,cleanmo_repeal_2020,2018 midterm,0.4437,0.4608
mo_20261103_map_referendum,Congressional map referendum on HB 1,no,29033,Carroll,0.1755,0.3875,0.3211,0.4596,0.46,0.53,0.6,cleanmo_repeal_2020,2018 midterm,0.3931,0.4048
mo_20261103_map_referendum,Congressional map referendum on HB 1,no,29035,Carter,0.1276,0.3864,0.3201,0.4584,0.46,0.53,0.6,cleanmo_repeal_2020,2018 midterm,0.3919,0.3664
mo_20261103_map_referendum,Congressional map referendum on HB 1,no,29037,Cass,0.3374,0.5036,0.4313,0.5769,0.46,0.53,0.6,cleanmo_repeal_2020,2018 midterm,0.5094,0.4983
mo_20261103_map_referendum,Congressional map referendum on HB 1,no,29039,Cedar,0.1488,0.3854,0.3191,0.4573,0.46,0.53,0.6,cleanmo_repeal_2020,2018 midterm,0.3909,0.3845
mo_20261103_map_referendum,Congressional map referendum on HB 1,no,29041,Chariton,0.2158,0.4144,0.346,0.4875,0.46,0.53,0.6,cleanmo_repeal_2020,2018 midterm,0.4201,0.432
mo_20261103_map_referendum,Congressional map referendum on HB 1,no,29043,Christian,0.2359,0.4485,0.3781,0.5222,0.46,0.53,0.6,cleanmo_repeal_2020,2018 midterm,0.4543,0.4443
mo_20261103_map_referendum,Congressional map referendum on HB 1,no,29045,Clark,0.1899,0.4364,0.3667,0.51,0.46,0.53,0.6,cleanmo_repeal_2020,2018 midterm,0.4422,0.415
mo_20261103_map_referendum,Congressional map referendum on HB 1,no,29047,Clay,0.4713,0.5507,0.4782,0.6223,0.46,0.53,0.6,cleanmo_repeal_2020,2018 midterm,0.5565,0.5587
mo_20261103_map_referendum,Congressional map referendum on HB 1,no,29049,Clinton,0.2574,0.4714,0.4,0.5451,0.46,0.53,0.6,cleanmo_repeal_2020,2018 midterm,0.4772,0.4567
mo_20261103_map_referendum,Congressional map referendum on HB 1,no,29051,Cole,0.3254,0.4959,0.4238,0.5694,0.46,0.53,0.6,cleanmo_repeal_2020,2018 midterm,0.5017,0.4924
mo_20261103_map_referendum,Congressional map referendum on HB 1,no,29053,Cooper,0.2685,0.4653,0.3942,0.5391,0.46,0.53,0.6,cleanmo_repeal_2020,2018 midterm,0.4712,0.4629
mo_20261103_map_referendum,Congressional map referendum on HB 1,no,29055,Crawford,0.1867,0.422,0.3531,0.4953,0.46,0.53,0.6,cleanmo_repeal_2020,2018 midterm,0.4278,0.4128
mo_20261103_map_referendum,Congressional map referendum on HB 1,no,29057,Dade,0.1616,0.4071,0.3392,0.4799,0.46,0.53,0.6,cleanmo_repeal_2020,2018 midterm,0.4128,0.3946
mo_20261103_map_referendum,Congressional map referendum on HB 1,no,29059,Dallas,0.1743,0.404,0.3364,0.4768,0.46,0.53,0.6,cleanmo_repeal_2020,2018 midterm,0.4097,0.404
mo_20261103_map_referendum,Congressional map referendum on HB 1,no,29061,Daviess,0.1804,0.4142,0.3458,0.4873,0.46,0.53,0.6,cleanmo_repeal_2020,2018 midterm,0.4199,0.4084
mo_20261103_map_referendum,Congressional map referendum on HB 1,no,29063,Dekalb,0.183,0.4003,0.3329,0.4729,0.46,0.53,0.6,cleanmo_repeal_2020,2018 midterm,0.406,0.4102
mo_20261103_map_referendum,Congressional map referendum on HB 1,no,29065,Dent,0.1456,0.3887,0.3222,0.4607,0.46,0.53,0.6,cleanmo_repeal_2020,2018 midterm,0.3942,0.3819
mo_20261103_map_referendum,Congressional map referendum on HB 1,no,29067,Douglas,0.1376,0.3919,0.3251,0.4641,0.46,0.53,0.6,cleanmo_repeal_2020,2018 midterm,0.3975,0.3752
mo_20261103_map_referendum,Congressional map referendum on HB 1,no,29069,Dunklin,0.1889,0.4279,0.3586,0.5013,0.46,0.53,0.6,cleanmo_repeal_2020,2018 midterm,0.4336,0.4143
mo_20261103_map_referendum,Congressional map referendum on HB 1,no,29071,Franklin,0.268,0.4818,0.4101,0.5555,0.46,0.53,0.6,cleanmo_repeal_2020,2018 midterm,0.4877,0.4626
mo_20261103_map_referendum,Congressional map referendum on HB 1,no,29073,Gasconade,0.1962,0.4327,0.3632,0.5062,0.46,0.53,0.6,cleanmo_repeal_2020,2018 midterm,0.4385,0.4193
mo_20261103_map_referendum,Congressional map referendum on HB 1,no,29075,Gentry,0.1886,0.4078,0.3398,0.4807,0.46,0.53,0.6,cleanmo_repeal_2020,2018 midterm,0.4135,0.4141
mo_20261103_map_referendum,Congressional map referendum on HB 1,no,29077,Greene,0.3944,0.5398,0.4672,0.6119,0.46,0.53,0.6,cleanmo_repeal_2020,2018 midterm,0.5456,0.5249
mo_20261103_map_referendum,Congressional map referendum on HB 1,no,29079,Grundy,0.1796,0.4032,0.3356,0.4759,0.46,0.53,0.6,cleanmo_repeal_2020,2018 midterm,0.4089,0.4078
mo_20261103_map_referendum,Congressional map referendum on HB 1,no,29081,Harrison,0.1395,0.359,0.2951,0.4294,0.46,0.53,0.6,cleanmo_repeal_2020,2018 midterm,0.3644,0.3768
mo_20261103_map_referendum,Congressional map referendum on HB 1,no,29083,Henry,0.2343,0.4549,0.3842,0.5286,0.46,0.53,0.6,cleanmo_repeal_2020,2018 midterm,0.4607,0.4433
mo_20261103_map_referendum,Congressional map referendum on HB 1,no,29085,Hickory,0.1923,0.4199,0.3511,0.4931,0.46,0.53,0.6,cleanmo_repeal_2020,2018 midterm,0.4256,0.4166
mo_20261103_map_referendum,Congressional map referendum on HB 1,no,29087,Holt,0.1526,0.3556,0.2921,0.4258,0.46,0.53,0.6,cleanmo_repeal_2020,2018 midterm,0.361,0.3876
mo_20261103_map_referendum,Congressional map referendum on HB 1,no,29089,Howard,0.2751,0.4722,0.4008,0.546,0.46,0.53,0.6,cleanmo_repeal_2020,2018 midterm,0.4781,0.4664
mo_20261103_map_referendum,Congressional map referendum on HB 1,no,29091,Howell,0.1634,0.4041,0.3364,0.4768,0.46,0.53,0.6,cleanmo_repeal_2020,2018 midterm,0.4097,0.3959
mo_20261103_map_referendum,Congressional map referendum on HB 1,no,29093,Iron,0.1844,0.416,0.3474,0.4891,0.46,0.53,0.6,cleanmo_repeal_2020,2018 midterm,0.4217,0.4112
mo_20261103_map_referendum,Congressional map referendum on HB 1,no,29095,Jackson,0.479,0.5577,0.4852,0.6289,0.46,0.53,0.6,cleanmo_repeal_2020,2018 midterm,0.5635,0.562
mo_20261103_map_referendum,Congressional map referendum on HB 1,no,29097,Jasper,0.2629,0.4408,0.3708,0.5144,0.46,0.53,0.6,cleanmo_repeal_2020,2018 midterm,0.4466,0.4598
mo_20261103_map_referendum,Congressional map referendum on HB 1,no,29099,Jefferson,0.3139,0.5054,0.4331,0.5787,0.46,0.53,0.6,cleanmo_repeal_2020,2018 midterm,0.5113,0.4867
mo_20261103_map_referendum,Congressional map referendum on HB 1,no,29101,Johnson,0.2993,0.4851,0.4132,0.5587,0.46,0.53,0.6,cleanmo_repeal_2020,2018 midterm,0.4909,0.4792
mo_20261103_map_referendum,Congressional map referendum on HB 1,no,29103,Knox,0.1737,0.4072,0.3392,0.48,0.46,0.53,0.6,cleanmo_repeal_2020,2018 midterm,0.4128,0.4036
mo_20261103_map_referendum,Congressional map referendum on HB 1,no,29105,Laclede,0.163,0.3705,0.3056,0.4417,0.46,0.53,0.6,cleanmo_repeal_2020,2018 midterm,0.376,0.3956
mo_20261103_map_referendum,Congressional map referendum on HB 1,no,29107,Lafayette,0.2524,0.4648,0.3937,0.5386,0.46,0.53,0.6,cleanmo_repeal_2020,2018 midterm,0.4707,0.4538
mo_20261103_map_referendum,Congressional map referendum on HB 1,no,29109,Lawrence,0.178,0.4176,0.349,0.4908,0.46,0.53,0.6,cleanmo_repeal_2020,2018 midterm,0.4233,0.4067
mo_20261103_map_referendum,Congressional map referendum on HB 1,no,29111,Lewis,0.1965,0.4037,0.3361,0.4765,0.46,0.53,0.6,cleanmo_repeal_2020,2018 midterm,0.4094,0.4195
mo_20261103_map_referendum,Congressional map referendum on HB 1,no,29113,Lincoln,0.2174,0.4299,0.3605,0.5033,0.46,0.53,0.6,cleanmo_repeal_2020,2018 midterm,0.4356,0.433
mo_20261103_map_referendum,Congressional map referendum on HB 1,no,29115,Linn,0.2105,0.4031,0.3355,0.4758,0.46,0.53,0.6,cleanmo_repeal_2020,2018 midterm,0.4087,0.4286
mo_20261103_map_referendum,Congressional map referendum on HB 1,no,29117,Livingston,0.2086,0.4257,0.3565,0.499,0.46,0.53,0.6,cleanmo_repeal_2020,2018 midterm,0.4314,0.4274
mo_20261103_map_referendum,Congressional map referendum on HB 1,no,29119,McDonald,0.1536,0.3945,0.3275,0.4668,0.46,0.53,0.6,cleanmo_repeal_2020,2018 midterm,0.4001,0.3883
mo_20261103_map_referendum,Congressional map referendum on HB 1,no,29121,Macon,0.1903,0.391,0.3243,0.4632,0.46,0.53,0.6,cleanmo_repeal_2020,2018 midterm,0.3966,0.4153
mo_20261103_map_referendum,Congressional map referendum on HB 1,no,29123,Madison,0.1728,0.4156,0.3471,0.4887,0.46,0.53,0.6,cleanmo_repeal_2020,2018 midterm,0.4213,0.4029
mo_20261103_map_referendum,Congressional map referendum on HB 1,no,29125,Maries,0.1592,0.4043,0.3366,0.477,0.46,0.53,0.6,cleanmo_repeal_2020,2018 midterm,0.41,0.3927
mo_20261103_map_referendum,Congressional map referendum on HB 1,no,29127,Marion,0.2328,0.427,0.3577,0.5003,0.46,0.53,0.6,cleanmo_repeal_2020,2018 midterm,0.4327,0.4424
mo_20261103_map_referendum,Congressional map referendum on HB 1,no,29129,Mercer,0.132,0.3107,0.252,0.3772,0.46,0.53,0.6,cleanmo_repeal_2020,2018 midterm,0.3157,0.3703
mo_20261103_map_referendum,Congressional map referendum on HB 1,no,29131,Miller,0.1603,0.3826,0.3166,0.4544,0.46,0.53,0.6,cleanmo_repeal_2020,2018 midterm,0.3882,0.3936
mo_20261103_map_referendum,Congressional map referendum on HB 1,no,29133,Mississippi,0.2297,0.4079,0.3399,0.4808,0.46,0.53,0.6,cleanmo_repeal_2020,2018 midterm,0.4135,0.4405
mo_20261103_map_referendum,Congressional map referendum on HB 1,no,29135,Moniteau,0.1826,0.403,0.3354,0.4757,0.46,0.53,0.6,cleanmo_repeal_2020,2018 midterm,0.4087,0.4099
mo_20261103_map_referendum,Congressional map referendum on HB 1,no,29137,Monroe,0.1978,0.4149,0.3465,0.488,0.46,0.53,0.6,cleanmo_repeal_2020,2018 midterm,0.4206,0.4203
mo_20261103_map_referendum,Congressional map referendum on HB 1,no,29139,Montgomery,0.1968,0.4064,0.3385,0.4792,0.46,0.53,0.6,cleanmo_repeal_2020,2018 midterm,0.4121,0.4196
mo_20261103_map_referendum,Congressional map referendum on HB 1,no,29141,Morgan,0.1986,0.421,0.3522,0.4943,0.46,0.53,0.6,cleanmo_repeal_2020,2018 midterm,0.4267,0.4208
mo_20261103_map_referendum,Congressional map referendum on HB 1,no,29143,New Madrid,0.2308,0.4262,0.357,0.4995,0.46,0.53,0.6,cleanmo_repeal_2020,2018 midterm,0.4319,0.4412
mo_20261103_map_referendum,Congressional map referendum on HB 1,no,29145,Newton,0.2038,0.4136,0.3453,0.4867,0.46,0.53,0.6,cleanmo_repeal_2020,2018 midterm,0.4193,0.4243
mo_20261103_map_referendum,Congressional map referendum on HB 1,no,29147,Nodaway,0.279,0.4383,0.3684,0.5119,0.46,0.53,0.6,cleanmo_repeal_2020,2018 midterm,0.4441,0.4686
mo_20261103_map_referendum,Congressional map referendum on HB 1,no,29149,Oregon,0.152,0.4154,0.3469,0.4885,0.46,0.53,0.6,cleanmo_repeal_2020,2018 midterm,0.4211,0.387
mo_20261103_map_referendum,Congressional map referendum on HB 1,no,29151,Osage,0.1316,0.3715,0.3065,0.4428,0.46,0.53,0.6,cleanmo_repeal_2020,2018 midterm,0.377,0.3699
mo_20261103_map_referendum,Congressional map referendum on HB 1,no,29153,Ozark,0.1472,0.3969,0.3297,0.4693,0.46,0.53,0.6,cleanmo_repeal_2020,2018 midterm,0.4025,0.3832
mo_20261103_map_referendum,Congressional map referendum on HB 1,no,29155,Pemiscot,0.2536,0.4533,0.3827,0.5271,0.46,0.53,0.6,cleanmo_repeal_2020,2018 midterm,0.4591,0.4545
mo_20261103_map_referendum,Congressional map referendum on HB 1,no,29157,Perry,0.1803,0.3894,0.3228,0.4615,0.46,0.53,0.6,cleanmo_repeal_2020,2018 midterm,0.395,0.4083
mo_20261103_map_referendum,Congressional map referendum on HB 1,no,29159,Pettis,0.2527,0.4653,0.3941,0.5391,0.46,0.53,0.6,cleanmo_repeal_2020,2018 midterm,0.4711,0.454
mo_20261103_map_referendum,Congressional map referendum on HB 1,no,29161,Phelps,0.2826,0.4596,0.3887,0.5334,0.46,0.53,0.6,cleanmo_repeal_2020,2018 midterm,0.4654,0.4704
mo_20261103_map_referendum,Congressional map referendum on HB 1,no,29163,Pike,0.2083,0.4245,0.3554,0.4978,0.46,0.53,0.6,cleanmo_repeal_2020,2018 midterm,0.4302,0.4272
mo_20261103_map_referendum,Congressional map referendum on HB 1,no,29165,Platte,0.4841,0.5567,0.4842,0.6279,0.46,0.53,0.6,cleanmo_repeal_2020,2018 midterm,0.5624,0.5641
mo_20261103_map_referendum,Congressional map referendum on HB 1,no,29167,Polk,0.1885,0.4263,0.3571,0.4996,0.46,0.53,0.6,cleanmo_repeal_2020,2018 midterm,0.432,0.414
mo_20261103_map_referendum,Congressional map referendum on HB 1,no,29169,Pulaski,0.2454,0.4327,0.3632,0.5062,0.46,0.53,0.6,cleanmo_repeal_2020,2018 midterm,0.4385,0.4498
mo_20261103_map_referendum,Congressional map referendum on HB 1,no,29171,Putnam,0.1465,0.3637,0.2994,0.4345,0.46,0.53,0.6,cleanmo_repeal_2020,2018 midterm,0.3691,0.3826
mo_20261103_map_referendum,Congressional map referendum on HB 1,no,29173,Ralls,0.2014,0.4243,0.3552,0.4976,0.46,0.53,0.6,cleanmo_repeal_2020,2018 midterm,0.43,0.4227
mo_20261103_map_referendum,Congressional map referendum on HB 1,no,29175,Randolph,0.236,0.442,0.3719,0.5156,0.46,0.53,0.6,cleanmo_repeal_2020,2018 midterm,0.4478,0.4443
mo_20261103_map_referendum,Congressional map referendum on HB 1,no,29177,Ray,0.2539,0.472,0.4006,0.5458,0.46,0.53,0.6,cleanmo_repeal_2020,2018 midterm,0.4778,0.4547
mo_20261103_map_referendum,Congressional map referendum on HB 1,no,29179,Reynolds,0.1557,0.3906,0.3239,0.4628,0.46,0.53,0.6,cleanmo_repeal_2020,2018 midterm,0.3962,0.39
mo_20261103_map_referendum,Congressional map referendum on HB 1,no,29181,Ripley,0.1324,0.3816,0.3157,0.4534,0.46,0.53,0.6,cleanmo_repeal_2020,2018 midterm,0.3871,0.3706
mo_20261103_map_referendum,Congressional map referendum on HB 1,no,29183,St. Charles,0.4139,0.5246,0.452,0.5972,0.46,0.53,0.6,cleanmo_repeal_2020,2018 midterm,0.5304,0.5337
mo_20261103_map_referendum,Congressional map referendum on HB 1,no,29185,St. Clair,0.1941,0.4188,0.3501,0.492,0.46,0.53,0.6,cleanmo_repeal_2020,2018 midterm,0.4245,0.4178
mo_20261103_map_referendum,Congressional map referendum on HB 1,no,29186,Ste. Genevieve,0.2722,0.4701,0.3988,0.5439,0.46,0.53,0.6,cleanmo_repeal_2020,2018 midterm,0.4759,0.4648
mo_20261103_map_referendum,Congressional map referendum on HB 1,no,29187,St. Francois,0.2404,0.4414,0.3713,0.515,0.46,0.53,0.6,cleanmo_repeal_2020,2018 midterm,0.4471,0.4469
mo_20261103_map_referendum,Congressional map referendum on HB 1,no,29189,St. Louis County,0.6192,0.6246,0.5543,0.691,0.46,0.53,0.6,cleanmo_repeal_2020,2018 midterm,0.6301,0.6216
mo_20261103_map_referendum,Congressional map referendum on HB 1,no,29195,Saline,0.2955,0.4816,0.4099,0.5553,0.46,0.53,0.6,cleanmo_repeal_2020,2018 midterm,0.4875,0.4773
mo_20261103_map_referendum,Congressional map referendum on HB 1,no,29197,Schuyler,0.1738,0.4106,0.3424,0.4835,0.46,0.53,0.6,cleanmo_repeal_2020,2018 midterm,0.4162,0.4036
mo_20261103_map_referendum,Congressional map referendum on HB 1,no,29199,Scotland,0.1889,0.4495,0.379,0.5232,0.46,0.53,0.6,cleanmo_repeal_2020,2018 midterm,0.4553,0.4143
mo_20261103_map_referendum,Congressional map referendum on HB 1,no,29201,Scott,0.2036,0.4053,0.3375,0.478,0.46,0.53,0.6,cleanmo_repeal_2020,2018 midterm,0.4109,0.4242
mo_20261103_map_referendum,Congressional map referendum on HB 1,no,29203,Shannon,0.1567,0.405,0.3373,0.4778,0.46,0.53,0.6,cleanmo_repeal_2020,2018 midterm,0.4107,0.3907
mo_20261103_map_referendum,Congressional map referendum on HB 1,no,29205,Shelby,0.1697,0.4037,0.3361,0.4765,0.46,0.53,0.6,cleanmo_repeal_2020,2018 midterm,0.4094,0.4006
mo_20261103_map_referendum,Congressional map referendum on HB 1,no,29207,Stoddard,0.1284,0.3767,0.3112,0.4482,0.46,0.53,0.6,cleanmo_repeal_2020,2018 midterm,0.3822,0.3671
mo_20261103_map_referendum,Congressional map referendum on HB 1,no,29209,Stone,0.1908,0.4347,0.365,0.5082,0.46,0.53,0.6,cleanmo_repeal_2020,2018 midterm,0.4404,0.4156
mo_20261103_map_referendum,Congressional map referendum on HB 1,no,29211,Sullivan,0.167,0.3492,0.2863,0.419,0.46,0.53,0.6,cleanmo_repeal_2020,2018 midterm,0.3545,0.3986
mo_20261103_map_referendum,Congressional map referendum on HB 1,no,29213,Taney,0.2006,0.4305,0.3611,0.504,0.46,0.53,0.6,cleanmo_repeal_2020,2018 midterm,0.4363,0.4222
mo_20261103_map_referendum,Congressional map referendum on HB 1,no,29215,Texas,0.1389,0.3837,0.3176,0.4555,0.46,0.53,0.6,cleanmo_repeal_2020,2018 midterm,0.3892,0.3762
mo_20261103_map_referendum,Congressional map referendum on HB 1,no,29217,Vernon,0.1996,0.434,0.3644,0.5075,0.46,0.53,0.6,cleanmo_repeal_2020,2018 midterm,0.4398,0.4215
mo_20261103_map_referendum,Congressional map referendum on HB 1,no,29219,Warren,0.2499,0.4489,0.3785,0.5226,0.46,0.53,0.6,cleanmo_repeal_2020,2018 midterm,0.4547,0.4524
mo_20261103_map_referendum,Congressional map referendum on HB 1,no,29221,Washington,0.1718,0.4127,0.3444,0.4857,0.46,0.53,0.6,cleanmo_repeal_2020,2018 midterm,0.4184,0.4022
mo_20261103_map_referendum,Congressional map referendum on HB 1,no,29223,Wayne,0.1347,0.3917,0.3249,0.4639,0.46,0.53,0.6,cleanmo_repeal_2020,2018 midterm,0.3973,0.3726
mo_20261103_map_referendum,Congressional map referendum on HB 1,no,29225,Webster,0.186,0.4111,0.3429,0.4841,0.46,0.53,0.6,cleanmo_repeal_2020,2018 midterm,0.4168,0.4123
mo_20261103_map_referendum,Congressional map referendum on HB 1,no,29227,Worth,0.1737,0.3581,0.2943,0.4285,0.46,0.53,0.6,cleanmo_repeal_2020,2018 midterm,0.3635,0.4036
mo_20261103_map_referendum,Congressional map referendum on HB 1,no,29229,Wright,0.1187,0.3469,0.2842,0.4165,0.46,0.53,0.6,cleanmo_repeal_2020,2018 midterm,0.3522,0.3581
mo_20261103_map_referendum,Congressional map referendum on HB 1,no,2938000,Kansas City,0.7848,0.6808,0.6145,0.7414,0.46,0.53,0.6,cleanmo_repeal_2020,2018 midterm,0.6858,0.6999
mo_20261103_map_referendum,Congressional map referendum on HB 1,no,29510,St. Louis City,0.83,0.7202,0.658,0.7758,0.46,0.53,0.6,cleanmo_repeal_2020,2018 midterm,0.7249,0.7258
mo_20261103_amendment_7,Amendment 7 — Show-Me prosperity fund,no,29001,Adair,0.3299,0.5952,0.5156,0.6937,0.5,0.58,0.68,courtfees_2024+income_tax_phaseout_2026p,2018 midterm,0.5962,0.5812
mo_20261103_amendment_7,Amendment 7 — Show-Me prosperity fund,no,29003,Andrew,0.2379,0.5619,0.4814,0.6639,0.5,0.58,0.68,courtfees_2024+income_tax_phaseout_2026p,2018 midterm,0.5629,0.5829
mo_20261103_amendment_7,Amendment 7 — Show-Me prosperity fund,no,29005,Atchison,0.1973,0.5599,0.4794,0.6621,0.5,0.58,0.68,courtfees_2024+income_tax_phaseout_2026p,2018 midterm,0.5609,0.5838
mo_20261103_amendment_7,Amendment 7 — Show-Me prosperity fund,no,29007,Audrain,0.2588,0.5614,0.4809,0.6634,0.5,0.58,0.68,courtfees_2024+income_tax_phaseout_2026p,2018 midterm,0.5624,0.5825
mo_20261103_amendment_7,Amendment 7 — Show-Me prosperity fund,no,29009,Barry,0.1794,0.5813,0.5012,0.6813,0.5,0.58,0.68,courtfees_2024+income_tax_phaseout_2026p,2018 midterm,0.5823,0.5842
mo_20261103_amendment_7,Amendment 7 — Show-Me prosperity fund,no,29011,Barton,0.1371,0.571,0.4907,0.6721,0.5,0.58,0.68,courtfees_2024+income_tax_phaseout_2026p,2018 midterm,0.572,0.5854
mo_20261103_amendment_7,Amendment 7 — Show-Me prosperity fund,no,29013,Bates,0.1891,0.5559,0.4754,0.6584,0.5,0.58,0.68,courtfees_2024+income_tax_phaseout_2026p,2018 midterm,0.5569,0.584
mo_20261103_amendment_7,Amendment 7 — Show-Me prosperity fund,no,29015,Benton,0.2026,0.5867,0.5067,0.6861,0.5,0.58,0.68,courtfees_2024+income_tax_phaseout_2026p,2018 midterm,0.5876,0.5837
mo_20261103_amendment_7,Amendment 7 — Show-Me prosperity fund,no,29017,Bollinger,0.1235,0.607,0.5279,0.704,0.5,0.58,0.68,courtfees_2024+income_tax_phaseout_2026p,2018 midterm,0.608,0.5858
mo_20261103_amendment_7,Amendment 7 — Show-Me prosperity fund,no,29019,Boone,0.5498,0.5831,0.503,0.6829,0.5,0.58,0.68,courtfees_2024+income_tax_phaseout_2026p,2018 midterm,0.584,0.5779
mo_20261103_amendment_7,Amendment 7 — Show-Me prosperity fund,no,29021,Buchanan,0.3579,0.5649,0.4845,0.6666,0.5,0.58,0.68,courtfees_2024+income_tax_phaseout_2026p,2018 midterm,0.5659,0.5808
mo_20261103_amendment_7,Amendment 7 — Show-Me prosperity fund,no,29023,Butler,0.1784,0.5945,0.5148,0.693,0.5,0.58,0.68,courtfees_2024+income_tax_phaseout_2026p,2018 midterm,0.5955,0.5842
mo_20261103_amendment_7,Amendment 7 — Show-Me prosperity fund,no,29025,Caldwell,0.1906,0.5822,0.5021,0.6821,0.5,0.58,0.68,courtfees_2024+income_tax_phaseout_2026p,2018 midterm,0.5832,0.5839
mo_20261103_amendment_7,Amendment 7 — Show-Me prosperity fund,no,29027,Callaway,0.2804,0.5679,0.4875,0.6693,0.5,0.58,0.68,courtfees_2024+income_tax_phaseout_2026p,2018 midterm,0.5689,0.5821
mo_20261103_amendment_7,Amendment 7 — Show-Me prosperity fund,no,29029,Camden,0.2261,0.5932,0.5135,0.6919,0.5,0.58,0.68,courtfees_2024+income_tax_phaseout_2026p,2018 midterm,0.5942,0.5832
mo_20261103_amendment_7,Amendment 7 — Show-Me prosperity fund,no,29031,Cape Girardeau,0.2648,0.5813,0.5012,0.6813,0.5,0.58,0.68,courtfees_2024+income_tax_phaseout_2026p,2018 midterm,0.5823,0.5824
mo_20261103_amendment_7,Amendment 7 — Show-Me prosperity fund,no,29033,Carroll,0.1755,0.5826,0.5026,0.6825,0.5,0.58,0.68,courtfees_2024+income_tax_phaseout_2026p,2018 midterm,0.5836,0.5843
mo_20261103_amendment_7,Amendment 7 — Show-Me prosperity fund,no,29035,Carter,0.1276,0.6036,0.5242,0.701,0.5,0.58,0.68,courtfees_2024+income_tax_phaseout_2026p,2018 midterm,0.6045,0.5857
mo_20261103_amendment_7,Amendment 7 — Show-Me prosperity fund,no,29037,Cass,0.3374,0.5434,0.4627,0.6469,0.5,0.58,0.68,courtfees_2024+income_tax_phaseout_2026p,2018 midterm,0.5444,0.5811
mo_20261103_amendment_7,Amendment 7 — Show-Me prosperity fund,no,29039,Cedar,0.1488,0.5791,0.4989,0.6793,0.5,0.58,0.68,courtfees_2024+income_tax_phaseout_2026p,2018 midterm,0.58,0.585
mo_20261103_amendment_7,Amendment 7 — Show-Me prosperity fund,no,29041,Chariton,0.2158,0.579,0.4988,0.6792,0.5,0.58,0.68,courtfees_2024+income_tax_phaseout_2026p,2018 midterm,0.5799,0.5834
mo_20261103_amendment_7,Amendment 7 — Show-Me prosperity fund,no,29043,Christian,0.2359,0.5711,0.4907,0.6722,0.5,0.58,0.68,courtfees_2024+income_tax_phaseout_2026p,2018 midterm,0.5721,0.583
mo_20261103_amendment_7,Amendment 7 — Show-Me prosperity fund,no,29045,Clark,0.1899,0.5464,0.4657,0.6497,0.5,0.58,0.68,courtfees_2024+income_tax_phaseout_2026p,2018 midterm,0.5474,0.584
mo_20261103_amendment_7,Amendment 7 — Show-Me prosperity fund,no,29047,Clay,0.4713,0.5638,0.4833,0.6656,0.5,0.58,0.68,courtfees_2024+income_tax_phaseout_2026p,2018 midterm,0.5648,0.5791
mo_20261103_amendment_7,Amendment 7 — Show-Me prosperity fund,no,29049,Clinton,0.2574,0.5697,0.4893,0.6709,0.5,0.58,0.68,courtfees_2024+income_tax_phaseout_2026p,2018 midterm,0.5707,0.5825
mo_20261103_amendment_7,Amendment 7 — Show-Me prosperity fund,no,29051,Cole,0.3254,0.5855,0.5055,0.6851,0.5,0.58,0.68,courtfees_2024+income_tax_phaseout_2026p,2018 midterm,0.5865,0.5813
mo_20261103_amendment_7,Amendment 7 — Show-Me prosperity fund,no,29053,Cooper,0.2685,0.5483,0.4677,0.6515,0.5,0.58,0.68,courtfees_2024+income_tax_phaseout_2026p,2018 midterm,0.5493,0.5823
mo_20261103_amendment_7,Amendment 7 — Show-Me prosperity fund,no,29055,Crawford,0.1867,0.5981,0.5185,0.6962,0.5,0.58,0.68,courtfees_2024+income_tax_phaseout_2026p,2018 midterm,0.599,0.584
mo_20261103_amendment_7,Amendment 7 — Show-Me prosperity fund,no,29057,Dade,0.1616,0.5819,0.5019,0.6819,0.5,0.58,0.68,courtfees_2024+income_tax_phaseout_2026p,2018 midterm,0.5829,0.5847
mo_20261103_amendment_7,Amendment 7 — Show-Me prosperity fund,no,29059,Dallas,0.1743,0.5917,0.5119,0.6905,0.5,0.58,0.68,courtfees_2024+income_tax_phaseout_2026p,2018 midterm,0.5927,0.5843
mo_20261103_amendment_7,Amendment 7 — Show-Me prosperity fund,no,29061,Daviess,0.1804,0.5711,0.4907,0.6722,0.5,0.58,0.68,courtfees_2024+income_tax_phaseout_2026p,2018 midterm,0.5721,0.5842
mo_20261103_amendment_7,Amendment 7 — Show-Me prosperity fund,no,29063,Dekalb,0.183,0.5803,0.5002,0.6804,0.5,0.58,0.68,courtfees_2024+income_tax_phaseout_2026p,2018 midterm,0.5813,0.5841
mo_20261103_amendment_7,Amendment 7 — Show-Me prosperity fund,no,29065,Dent,0.1456,0.5989,0.5194,0.6969,0.5,0.58,0.68,courtfees_2024+income_tax_phaseout_2026p,2018 midterm,0.5999,0.5851
mo_20261103_amendment_7,Amendment 7 — Show-Me prosperity fund,no,29067,Douglas,0.1376,0.5776,0.4974,0.678,0.5,0.58,0.68,courtfees_2024+income_tax_phaseout_2026p,2018 midterm,0.5786,0.5854
mo_20261103_amendment_7,Amendment 7 — Show-Me prosperity fund,no,29069,Dunklin,0.1889,0.5446,0.464,0.6481,0.5,0.58,0.68,courtfees_2024+income_tax_phaseout_2026p,2018 midterm,0.5456,0.584
mo_20261103_amendment_7,Amendment 7 — Show-Me prosperity fund,no,29071,Franklin,0.268,0.5692,0.4889,0.6705,0.5,0.58,0.68,courtfees_2024+income_tax_phaseout_2026p,2018 midterm,0.5702,0.5823
mo_20261103_amendment_7,Amendment 7 — Show-Me prosperity fund,no,29073,Gasconade,0.1962,0.6005,0.5211,0.6983,0.5,0.58,0.68,courtfees_2024+income_tax_phaseout_2026p,2018 midterm,0.6015,0.5838
mo_20261103_amendment_7,Amendment 7 — Show-Me prosperity fund,no,29075,Gentry,0.1886,0.5644,0.4839,0.6661,0.5,0.58,0.68,courtfees_2024+income_tax_phaseout_2026p,2018 midterm,0.5654,0.584
mo_20261103_amendment_7,Amendment 7 — Show-Me prosperity fund,no,29077,Greene,0.3944,0.5779,0.4977,0.6783,0.5,0.58,0.68,courtfees_2024+income_tax_phaseout_2026p,2018 midterm,0.5789,0.5802
mo_20261103_amendment_7,Amendment 7 — Show-Me prosperity fund,no,29079,Grundy,0.1796,0.5961,0.5165,0.6944,0.5,0.58,0.68,courtfees_2024+income_tax_phaseout_2026p,2018 midterm,0.5971,0.5842
mo_20261103_amendment_7,Amendment 7 — Show-Me prosperity fund,no,29081,Harrison,0.1395,0.5809,0.5008,0.6809,0.5,0.58,0.68,courtfees_2024+income_tax_phaseout_2026p,2018 midterm,0.5819,0.5853
mo_20261103_amendment_7,Amendment 7 — Show-Me prosperity fund,no,29083,Henry,0.2343,0.5597,0.4792,0.6619,0.5,0.58,0.68,courtfees_2024+income_tax_phaseout_2026p,2018 midterm,0.5607,0.583
mo_20261103_amendment_7,Amendment 7 — Show-Me prosperity fund,no,29085,Hickory,0.1923,0.609,0.53,0.7058,0.5,0.58,0.68,courtfees_2024+income_tax_phaseout_2026p,2018 midterm,0.61,0.5839
mo_20261103_amendment_7,Amendment 7 — Show-Me prosperity fund,no,29087,Holt,0.1526,0.5888,0.5089,0.688,0.5,0.58,0.68,courtfees_2024+income_tax_phaseout_2026p,2018 midterm,0.5898,0.5849
mo_20261103_amendment_7,Amendment 7 — Show-Me prosperity fund,no,29089,Howard,0.2751,0.5686,0.4883,0.67,0.5,0.58,0.68,courtfees_2024+income_tax_phaseout_2026p,2018 midterm,0.5696,0.5822
mo_20261103_amendment_7,Amendment 7 — Show-Me prosperity fund,no,29091,Howell,0.1634,0.618,0.5394,0.7136,0.5,0.58,0.68,courtfees_2024+income_tax_phaseout_2026p,2018 midterm,0.619,0.5846
mo_20261103_amendment_7,Amendment 7 — Show-Me prosperity fund,no,29093,Iron,0.1844,0.598,0.5184,0.6961,0.5,0.58,0.68,courtfees_2024+income_tax_phaseout_2026p,2018 midterm,0.5989,0.5841
mo_20261103_amendment_7,Amendment 7 — Show-Me prosperity fund,no,29095,Jackson,0.479,0.576,0.4958,0.6766,0.5,0.58,0.68,courtfees_2024+income_tax_phaseout_2026p,2018 midterm,0.577,0.579
mo_20261103_amendment_7,Amendment 7 — Show-Me prosperity fund,no,29097,Jasper,0.2629,0.5588,0.4782,0.661,0.5,0.58,0.68,courtfees_2024+income_tax_phaseout_2026p,2018 midterm,0.5598,0.5824
mo_20261103_amendment_7,Amendment 7 — Show-Me prosperity fund,no,29099,Jefferson,0.3139,0.5741,0.4938,0.6748,0.5,0.58,0.68,courtfees_2024+income_tax_phaseout_2026p,2018 midterm,0.575,0.5815
mo_20261103_amendment_7,Amendment 7 — Show-Me prosperity fund,no,29101,Johnson,0.2993,0.5671,0.4867,0.6686,0.5,0.58,0.68,courtfees_2024+income_tax_phaseout_2026p,2018 midterm,0.5681,0.5818
mo_20261103_amendment_7,Amendment 7 — Show-Me prosperity fund,no,29103,Knox,0.1737,0.5767,0.4965,0.6772,0.5,0.58,0.68,courtfees_2024+income_tax_phaseout_2026p,2018 midterm,0.5777,0.5844
mo_20261103_amendment_7,Amendment 7 — Show-Me prosperity fund,no,29105,Laclede,0.163,0.5843,0.5043,0.684,0.5,0.58,0.68,courtfees_2024+income_tax_phaseout_2026p,2018 midterm,0.5853,0.5846
mo_20261103_amendment_7,Amendment 7 — Show-Me prosperity fund,no,29107,Lafayette,0.2524,0.5663,0.4858,0.6678,0.5,0.58,0.68,courtfees_2024+income_tax_phaseout_2026p,2018 midterm,0.5673,0.5826
mo_20261103_amendment_7,Amendment 7 — Show-Me prosperity fund,no,29109,Lawrence,0.178,0.5778,0.4976,0.6781,0.5,0.58,0.68,courtfees_2024+income_tax_phaseout_2026p,2018 midterm,0.5787,0.5842
mo_20261103_amendment_7,Amendment 7 — Show-Me prosperity fund,no,29111,Lewis,0.1965,0.5536,0.473,0.6563,0.5,0.58,0.68,courtfees_2024+income_tax_phaseout_2026p,2018 midterm,0.5546,0.5838
mo_20261103_amendment_7,Amendment 7 — Show-Me prosperity fund,no,29113,Lincoln,0.2174,0.5612,0.4807,0.6633,0.5,0.58,0.68,courtfees_2024+income_tax_phaseout_2026p,2018 midterm,0.5622,0.5833
mo_20261103_amendment_7,Amendment 7 — Show-Me prosperity fund,no,29115,Linn,0.2105,0.5776,0.4974,0.678,0.5,0.58,0.68,courtfees_2024+income_tax_phaseout_2026p,2018 midterm,0.5786,0.5835
mo_20261103_amendment_7,Amendment 7 — Show-Me prosperity fund,no,29117,Livingston,0.2086,0.572,0.4916,0.6729,0.5,0.58,0.68,courtfees_2024+income_tax_phaseout_2026p,2018 midterm,0.5729,0.5835
mo_20261103_amendment_7,Amendment 7 — Show-Me prosperity fund,no,29119,McDonald,0.1536,0.5639,0.4834,0.6656,0.5,0.58,0.68,courtfees_2024+income_tax_phaseout_2026p,2018 midterm,0.5649,0.5849
mo_20261103_amendment_7,Amendment 7 — Show-Me prosperity fund,no,29121,Macon,0.1903,0.5747,0.4944,0.6754,0.5,0.58,0.68,courtfees_2024+income_tax_phaseout_2026p,2018 midterm,0.5756,0.5839
mo_20261103_amendment_7,Amendment 7 — Show-Me prosperity fund,no,29123,Madison,0.1728,0.6028,0.5234,0.7003,0.5,0.58,0.68,courtfees_2024+income_tax_phaseout_2026p,2018 midterm,0.6037,0.5844
mo_20261103_amendment_7,Amendment 7 — Show-Me prosperity fund,no,29125,Maries,0.1592,0.6358,0.5582,0.7288,0.5,0.58,0.68,courtfees_2024+income_tax_phaseout_2026p,2018 midterm,0.6367,0.5847
mo_20261103_amendment_7,Amendment 7 — Show-Me prosperity fund,no,29127,Marion,0.2328,0.5743,0.494,0.675,0.5,0.58,0.68,courtfees_2024+income_tax_phaseout_2026p,2018 midterm,0.5753,0.583
mo_20261103_amendment_7,Amendment 7 — Show-Me prosperity fund,no,29129,Mercer,0.132,0.5799,0.4998,0.6801,0.5,0.58,0.68,courtfees_2024+income_tax_phaseout_2026p,2018 midterm,0.5809,0.5855
mo_20261103_amendment_7,Amendment 7 — Show-Me prosperity fund,no,29131,Miller,0.1603,0.6039,0.5246,0.7013,0.5,0.58,0.68,courtfees_2024+income_tax_phaseout_2026p,2018 midterm,0.6049,0.5847
mo_20261103_amendment_7,Amendment 7 — Show-Me prosperity fund,no,29133,Mississippi,0.2297,0.5749,0.4947,0.6756,0.5,0.58,0.68,courtfees_2024+income_tax_phaseout_2026p,2018 midterm,0.5759,0.5831
mo_20261103_amendment_7,Amendment 7 — Show-Me prosperity fund,no,29135,Moniteau,0.1826,0.5809,0.5008,0.681,0.5,0.58,0.68,courtfees_2024+income_tax_phaseout_2026p,2018 midterm,0.5819,0.5841
mo_20261103_amendment_7,Amendment 7 — Show-Me prosperity fund,no,29137,Monroe,0.1978,0.5716,0.4912,0.6726,0.5,0.58,0.68,courtfees_2024+income_tax_phaseout_2026p,2018 midterm,0.5725,0.5838
mo_20261103_amendment_7,Amendment 7 — Show-Me prosperity fund,no,29139,Montgomery,0.1968,0.5744,0.4941,0.6751,0.5,0.58,0.68,courtfees_2024+income_tax_phaseout_2026p,2018 midterm,0.5753,0.5838
mo_20261103_amendment_7,Amendment 7 — Show-Me prosperity fund,no,29141,Morgan,0.1986,0.5909,0.5111,0.6898,0.5,0.58,0.68,courtfees_2024+income_tax_phaseout_2026p,2018 midterm,0.5919,0.5838
mo_20261103_amendment_7,Amendment 7 — Show-Me prosperity fund,no,29143,New Madrid,0.2308,0.5589,0.4784,0.6612,0.5,0.58,0.68,courtfees_2024+income_tax_phaseout_2026p,2018 midterm,0.5599,0.5831
mo_20261103_amendment_7,Amendment 7 — Show-Me prosperity fund,no,29145,Newton,0.2038,0.5696,0.4892,0.6708,0.5,0.58,0.68,courtfees_2024+income_tax_phaseout_2026p,2018 midterm,0.5706,0.5836
mo_20261103_amendment_7,Amendment 7 — Show-Me prosperity fund,no,29147,Nodaway,0.279,0.5954,0.5157,0.6938,0.5,0.58,0.68,courtfees_2024+income_tax_phaseout_2026p,2018 midterm,0.5964,0.5821
mo_20261103_amendment_7,Amendment 7 — Show-Me prosperity fund,no,29149,Oregon,0.152,0.5913,0.5115,0.6902,0.5,0.58,0.68,courtfees_2024+income_tax_phaseout_2026p,2018 midterm,0.5923,0.5849
mo_20261103_amendment_7,Amendment 7 — Show-Me prosperity fund,no,29151,Osage,0.1316,0.6103,0.5312,0.7068,0.5,0.58,0.68,courtfees_2024+income_tax_phaseout_2026p,2018 midterm,0.6112,0.5855
mo_20261103_amendment_7,Amendment 7 — Show-Me prosperity fund,no,29153,Ozark,0.1472,0.5946,0.5149,0.6931,0.5,0.58,0.68,courtfees_2024+income_tax_phaseout_2026p,2018 midterm,0.5956,0.5851
mo_20261103_amendment_7,Amendment 7 — Show-Me prosperity fund,no,29155,Pemiscot,0.2536,0.5019,0.4217,0.6081,0.5,0.58,0.68,courtfees_2024+income_tax_phaseout_2026p,2018 midterm,0.5029,0.5826
mo_20261103_amendment_7,Amendment 7 — Show-Me prosperity fund,no,29157,Perry,0.1803,0.6031,0.5238,0.7006,0.5,0.58,0.68,courtfees_2024+income_tax_phaseout_2026p,2018 midterm,0.6041,0.5842
mo_20261103_amendment_7,Amendment 7 — Show-Me prosperity fund,no,29159,Pettis,0.2527,0.5637,0.4832,0.6655,0.5,0.58,0.68,courtfees_2024+income_tax_phaseout_2026p,2018 midterm,0.5647,0.5826
mo_20261103_amendment_7,Amendment 7 — Show-Me prosperity fund,no,29161,Phelps,0.2826,0.5855,0.5056,0.6851,0.5,0.58,0.68,courtfees_2024+income_tax_phaseout_2026p,2018 midterm,0.5865,0.5821
mo_20261103_amendment_7,Amendment 7 — Show-Me prosperity fund,no,29163,Pike,0.2083,0.5785,0.4983,0.6788,0.5,0.58,0.68,courtfees_2024+income_tax_phaseout_2026p,2018 midterm,0.5795,0.5835
mo_20261103_amendment_7,Amendment 7 — Show-Me prosperity fund,no,29165,Platte,0.4841,0.5573,0.4767,0.6597,0.5,0.58,0.68,courtfees_2024+income_tax_phaseout_2026p,2018 midterm,0.5583,0.5789
mo_20261103_amendment_7,Amendment 7 — Show-Me prosperity fund,no,29167,Polk,0.1885,0.6043,0.525,0.7016,0.5,0.58,0.68,courtfees_2024+income_tax_phaseout_2026p,2018 midterm,0.6053,0.584
mo_20261103_amendment_7,Amendment 7 — Show-Me prosperity fund,no,29169,Pulaski,0.2454,0.5695,0.4892,0.6707,0.5,0.58,0.68,courtfees_2024+income_tax_phaseout_2026p,2018 midterm,0.5705,0.5828
mo_20261103_amendment_7,Amendment 7 — Show-Me prosperity fund,no,29171,Putnam,0.1465,0.5759,0.4956,0.6765,0.5,0.58,0.68,courtfees_2024+income_tax_phaseout_2026p,2018 midterm,0.5769,0.5851
mo_20261103_amendment_7,Amendment 7 — Show-Me prosperity fund,no,29173,Ralls,0.2014,0.5723,0.492,0.6733,0.5,0.58,0.68,courtfees_2024+income_tax_phaseout_2026p,2018 midterm,0.5733,0.5837
mo_20261103_amendment_7,Amendment 7 — Show-Me prosperity fund,no,29175,Randolph,0.236,0.5457,0.465,0.649,0.5,0.58,0.68,courtfees_2024+income_tax_phaseout_2026p,2018 midterm,0.5467,0.5829
mo_20261103_amendment_7,Amendment 7 — Show-Me prosperity fund,no,29177,Ray,0.2539,0.5622,0.4817,0.6641,0.5,0.58,0.68,courtfees_2024+income_tax_phaseout_2026p,2018 midterm,0.5632,0.5826
mo_20261103_amendment_7,Amendment 7 — Show-Me prosperity fund,no,29179,Reynolds,0.1557,0.6295,0.5515,0.7235,0.5,0.58,0.68,courtfees_2024+income_tax_phaseout_2026p,2018 midterm,0.6304,0.5848
mo_20261103_amendment_7,Amendment 7 — Show-Me prosperity fund,no,29181,Ripley,0.1324,0.612,0.533,0.7083,0.5,0.58,0.68,courtfees_2024+income_tax_phaseout_2026p,2018 midterm,0.6129,0.5855
mo_20261103_amendment_7,Amendment 7 — Show-Me prosperity fund,no,29183,St. Charles,0.4139,0.5635,0.483,0.6653,0.5,0.58,0.68,courtfees_2024+income_tax_phaseout_2026p,2018 midterm,0.5645,0.5799
mo_20261103_amendment_7,Amendment 7 — Show-Me prosperity fund,no,29185,St. Clair,0.1941,0.5761,0.4959,0.6766,0.5,0.58,0.68,courtfees_2024+income_tax_phaseout_2026p,2018 midterm,0.5771,0.5839
mo_20261103_amendment_7,Amendment 7 — Show-Me prosperity fund,no,29186,Ste. Genevieve,0.2722,0.5979,0.5183,0.696,0.5,0.58,0.68,courtfees_2024+income_tax_phaseout_2026p,2018 midterm,0.5988,0.5823
mo_20261103_amendment_7,Amendment 7 — Show-Me prosperity fund,no,29187,St. Francois,0.2404,0.5825,0.5024,0.6823,0.5,0.58,0.68,courtfees_2024+income_tax_phaseout_2026p,2018 midterm,0.5834,0.5829
mo_20261103_amendment_7,Amendment 7 — Show-Me prosperity fund,no,29189,St. Louis County,0.6192,0.5807,0.5006,0.6808,0.5,0.58,0.68,courtfees_2024+income_tax_phaseout_2026p,2018 midterm,0.5817,0.5769
mo_20261103_amendment_7,Amendment 7 — Show-Me prosperity fund,no,29195,Saline,0.2955,0.5821,0.502,0.682,0.5,0.58,0.68,courtfees_2024+income_tax_phaseout_2026p,2018 midterm,0.583,0.5818
mo_20261103_amendment_7,Amendment 7 — Show-Me prosperity fund,no,29197,Schuyler,0.1738,0.5741,0.4938,0.6748,0.5,0.58,0.68,courtfees_2024+income_tax_phaseout_2026p,2018 midterm,0.575,0.5843
mo_20261103_amendment_7,Amendment 7 — Show-Me prosperity fund,no,29199,Scotland,0.1889,0.6026,0.5232,0.7001,0.5,0.58,0.68,courtfees_2024+income_tax_phaseout_2026p,2018 midterm,0.6035,0.584
mo_20261103_amendment_7,Amendment 7 — Show-Me prosperity fund,no,29201,Scott,0.2036,0.5974,0.5178,0.6955,0.5,0.58,0.68,courtfees_2024+income_tax_phaseout_2026p,2018 midterm,0.5983,0.5836
mo_20261103_amendment_7,Amendment 7 — Show-Me prosperity fund,no,29203,Shannon,0.1567,0.6458,0.5689,0.7374,0.5,0.58,0.68,courtfees_2024+income_tax_phaseout_2026p,2018 midterm,0.6467,0.5848
mo_20261103_amendment_7,Amendment 7 — Show-Me prosperity fund,no,29205,Shelby,0.1697,0.5555,0.4749,0.658,0.5,0.58,0.68,courtfees_2024+income_tax_phaseout_2026p,2018 midterm,0.5565,0.5845
mo_20261103_amendment_7,Amendment 7 — Show-Me prosperity fund,no,29207,Stoddard,0.1284,0.6015,0.5221,0.6992,0.5,0.58,0.68,courtfees_2024+income_tax_phaseout_2026p,2018 midterm,0.6025,0.5856
mo_20261103_amendment_7,Amendment 7 — Show-Me prosperity fund,no,29209,Stone,0.1908,0.5515,0.4709,0.6544,0.5,0.58,0.68,courtfees_2024+income_tax_phaseout_2026p,2018 midterm,0.5525,0.5839
mo_20261103_amendment_7,Amendment 7 — Show-Me prosperity fund,no,29211,Sullivan,0.167,0.5873,0.5074,0.6866,0.5,0.58,0.68,courtfees_2024+income_tax_phaseout_2026p,2018 midterm,0.5883,0.5845
mo_20261103_amendment_7,Amendment 7 — Show-Me prosperity fund,no,29213,Taney,0.2006,0.5445,0.4638,0.6479,0.5,0.58,0.68,courtfees_2024+income_tax_phaseout_2026p,2018 midterm,0.5455,0.5837
mo_20261103_amendment_7,Amendment 7 — Show-Me prosperity fund,no,29215,Texas,0.1389,0.6089,0.5298,0.7056,0.5,0.58,0.68,courtfees_2024+income_tax_phaseout_2026p,2018 midterm,0.6098,0.5853
mo_20261103_amendment_7,Amendment 7 — Show-Me prosperity fund,no,29217,Vernon,0.1996,0.5748,0.4946,0.6755,0.5,0.58,0.68,courtfees_2024+income_tax_phaseout_2026p,2018 midterm,0.5758,0.5837
mo_20261103_amendment_7,Amendment 7 — Show-Me prosperity fund,no,29219,Warren,0.2499,0.5703,0.4899,0.6714,0.5,0.58,0.68,courtfees_2024+income_tax_phaseout_2026p,2018 midterm,0.5712,0.5827
mo_20261103_amendment_7,Amendment 7 — Show-Me prosperity fund,no,29221,Washington,0.1718,0.5851,0.5051,0.6847,0.5,0.58,0.68,courtfees_2024+income_tax_phaseout_2026p,2018 midterm,0.5861,0.5844
mo_20261103_amendment_7,Amendment 7 — Show-Me prosperity fund,no,29223,Wayne,0.1347,0.6062,0.527,0.7033,0.5,0.58,0.68,courtfees_2024+income_tax_phaseout_2026p,2018 midterm,0.6071,0.5854
mo_20261103_amendment_7,Amendment 7 — Show-Me prosperity fund,no,29225,Webster,0.186,0.5708,0.4904,0.6719,0.5,0.58,0.68,courtfees_2024+income_tax_phaseout_2026p,2018 midterm,0.5717,0.584
mo_20261103_amendment_7,Amendment 7 — Show-Me prosperity fund,no,29227,Worth,0.1737,0.5827,0.5027,0.6826,0.5,0.58,0.68,courtfees_2024+income_tax_phaseout_2026p,2018 midterm,0.5837,0.5844
mo_20261103_amendment_7,Amendment 7 — Show-Me prosperity fund,no,29229,Wright,0.1187,0.6054,0.5262,0.7026,0.5,0.58,0.68,courtfees_2024+income_tax_phaseout_2026p,2018 midterm,0.6064,0.586
mo_20261103_amendment_7,Amendment 7 — Show-Me prosperity fund,no,2938000,Kansas City,0.7848,0.6199,0.5413,0.7152,0.5,0.58,0.68,courtfees_2024+income_tax_phaseout_2026p,2018 midterm,0.6208,0.5739
mo_20261103_amendment_7,Amendment 7 — Show-Me prosperity fund,no,29510,St. Louis City,0.83,0.6303,0.5524,0.7242,0.5,0.58,0.68,courtfees_2024+income_tax_phaseout_2026p,2018 midterm,0.6312,0.5729
mo_20261103_amendment_8,Amendment 8 — constitutional elected sheriffs,no,29001,Adair,0.3299,0.3473,0.2682,0.4373,0.28,0.36,0.45,rcvban_2024+kcpolice_2024p,2018 midterm,0.3505,0.348
mo_20261103_amendment_8,Amendment 8 — constitutional elected sheriffs,no,29003,Andrew,0.2379,0.3029,0.2304,0.3882,0.28,0.36,0.45,rcvban_2024+kcpolice_2024p,2018 midterm,0.3059,0.3329
mo_20261103_amendment_8,Amendment 8 — constitutional elected sheriffs,no,29005,Atchison,0.1973,0.2923,0.2215,0.3762,0.28,0.36,0.45,rcvban_2024+kcpolice_2024p,2018 midterm,0.2952,0.3252
mo_20261103_amendment_8,Amendment 8 — constitutional elected sheriffs,no,29007,Audrain,0.2588,0.3179,0.243,0.405,0.28,0.36,0.45,rcvban_2024+kcpolice_2024p,2018 midterm,0.3209,0.3366
mo_20261103_amendment_8,Amendment 8 — constitutional elected sheriffs,no,29009,Barry,0.1794,0.3286,0.2521,0.4168,0.28,0.36,0.45,rcvban_2024+kcpolice_2024p,2018 midterm,0.3317,0.3214
mo_20261103_amendment_8,Amendment 8 — constitutional elected sheriffs,no,29011,Barton,0.1371,0.2947,0.2235,0.3789,0.28,0.36,0.45,rcvban_2024+kcpolice_2024p,2018 midterm,0.2976,0.3113
mo_20261103_amendment_8,Amendment 8 — constitutional elected sheriffs,no,29013,Bates,0.1891,0.2898,0.2194,0.3734,0.28,0.36,0.45,rcvban_2024+kcpolice_2024p,2018 midterm,0.2927,0.3235
mo_20261103_amendment_8,Amendment 8 — constitutional elected sheriffs,no,29015,Benton,0.2026,0.2955,0.2242,0.3799,0.28,0.36,0.45,rcvban_2024+kcpolice_2024p,2018 midterm,0.2984,0.3262
mo_20261103_amendment_8,Amendment 8 — constitutional elected sheriffs,no,29017,Bollinger,0.1235,0.3343,0.257,0.4231,0.28,0.36,0.45,rcvban_2024+kcpolice_2024p,2018 midterm,0.3374,0.3075
mo_20261103_amendment_8,Amendment 8 — constitutional elected sheriffs,no,29019,Boone,0.5498,0.4122,0.3257,0.5059,0.28,0.36,0.45,rcvban_2024+kcpolice_2024p,2018 midterm,0.4156,0.3788
mo_20261103_amendment_8,Amendment 8 — constitutional elected sheriffs,no,29021,Buchanan,0.3579,0.3138,0.2395,0.4004,0.28,0.36,0.45,rcvban_2024+kcpolice_2024p,2018 midterm,0.3168,0.3521
mo_20261103_amendment_8,Amendment 8 — constitutional elected sheriffs,no,29023,Butler,0.1784,0.3109,0.2371,0.3972,0.28,0.36,0.45,rcvban_2024+kcpolice_2024p,2018 midterm,0.3139,0.3212
mo_20261103_amendment_8,Amendment 8 — constitutional elected sheriffs,no,29025,Caldwell,0.1906,0.3033,0.2307,0.3886,0.28,0.36,0.45,rcvban_2024+kcpolice_2024p,2018 midterm,0.3063,0.3238
mo_20261103_amendment_8,Amendment 8 — constitutional elected sheriffs,no,29027,Callaway,0.2804,0.3255,0.2495,0.4134,0.28,0.36,0.45,rcvban_2024+kcpolice_2024p,2018 midterm,0.3286,0.3402
mo_20261103_amendment_8,Amendment 8 — constitutional elected sheriffs,no,29029,Camden,0.2261,0.3338,0.2565,0.4225,0.28,0.36,0.45,rcvban_2024+kcpolice_2024p,2018 midterm,0.3369,0.3308
mo_20261103_amendment_8,Amendment 8 — constitutional elected sheriffs,no,29031,Cape Girardeau,0.2648,0.3444,0.2657,0.4342,0.28,0.36,0.45,rcvban_2024+kcpolice_2024p,2018 midterm,0.3476,0.3376
mo_20261103_amendment_8,Amendment 8 — constitutional elected sheriffs,no,29033,Carroll,0.1755,0.2929,0.222,0.3769,0.28,0.36,0.45,rcvban_2024+kcpolice_2024p,2018 midterm,0.2958,0.3205
mo_20261103_amendment_8,Amendment 8 — constitutional elected sheriffs,no,29035,Carter,0.1276,0.3373,0.2595,0.4263,0.28,0.36,0.45,rcvban_2024+kcpolice_2024p,2018 midterm,0.3404,0.3087
mo_20261103_amendment_8,Amendment 8 — constitutional elected sheriffs,no,29037,Cass,0.3374,0.3095,0.2359,0.3956,0.28,0.36,0.45,rcvban_2024+kcpolice_2024p,2018 midterm,0.3125,0.3491
mo_20261103_amendment_8,Amendment 8 — constitutional elected sheriffs,no,29039,Cedar,0.1488,0.3151,0.2406,0.4018,0.28,0.36,0.45,rcvban_2024+kcpolice_2024p,2018 midterm,0.3181,0.3143
mo_20261103_amendment_8,Amendment 8 — constitutional elected sheriffs,no,29041,Chariton,0.2158,0.3164,0.2417,0.4033,0.28,0.36,0.45,rcvban_2024+kcpolice_2024p,2018 midterm,0.3194,0.3288
mo_20261103_amendment_8,Amendment 8 — constitutional elected sheriffs,no,29043,Christian,0.2359,0.3397,0.2616,0.429,0.28,0.36,0.45,rcvban_2024+kcpolice_2024p,2018 midterm,0.3428,0.3326
mo_20261103_amendment_8,Amendment 8 — constitutional elected sheriffs,no,29045,Clark,0.1899,0.3238,0.248,0.4115,0.28,0.36,0.45,rcvban_2024+kcpolice_2024p,2018 midterm,0.3269,0.3237
mo_20261103_amendment_8,Amendment 8 — constitutional elected sheriffs,no,29047,Clay,0.4713,0.3417,0.2634,0.4312,0.28,0.36,0.45,rcvban_2024+kcpolice_2024p,2018 midterm,0.3449,0.368
mo_20261103_amendment_8,Amendment 8 — constitutional elected sheriffs,no,29049,Clinton,0.2574,0.3061,0.2331,0.3918,0.28,0.36,0.45,rcvban_2024+kcpolice_2024p,2018 midterm,0.3091,0.3364
mo_20261103_amendment_8,Amendment 8 — constitutional elected sheriffs,no,29051,Cole,0.3254,0.3407,0.2625,0.4301,0.28,0.36,0.45,rcvban_2024+kcpolice_2024p,2018 midterm,0.3439,0.3473
mo_20261103_amendment_8,Amendment 8 — constitutional elected sheriffs,no,29053,Cooper,0.2685,0.3286,0.2521,0.4168,0.28,0.36,0.45,rcvban_2024+kcpolice_2024p,2018 midterm,0.3317,0.3382
mo_20261103_amendment_8,Amendment 8 — constitutional elected sheriffs,no,29055,Crawford,0.1867,0.3317,0.2548,0.4203,0.28,0.36,0.45,rcvban_2024+kcpolice_2024p,2018 midterm,0.3349,0.323
mo_20261103_amendment_8,Amendment 8 — constitutional elected sheriffs,no,29057,Dade,0.1616,0.3212,0.2458,0.4086,0.28,0.36,0.45,rcvban_2024+kcpolice_2024p,2018 midterm,0.3243,0.3174
mo_20261103_amendment_8,Amendment 8 — constitutional elected sheriffs,no,29059,Dallas,0.1743,0.3255,0.2495,0.4134,0.28,0.36,0.45,rcvban_2024+kcpolice_2024p,2018 midterm,0.3286,0.3203
mo_20261103_amendment_8,Amendment 8 — constitutional elected sheriffs,no,29061,Daviess,0.1804,0.3065,0.2334,0.3923,0.28,0.36,0.45,rcvban_2024+kcpolice_2024p,2018 midterm,0.3095,0.3216
mo_20261103_amendment_8,Amendment 8 — constitutional elected sheriffs,no,29063,Dekalb,0.183,0.3168,0.2421,0.4037,0.28,0.36,0.45,rcvban_2024+kcpolice_2024p,2018 midterm,0.3198,0.3222
mo_20261103_amendment_8,Amendment 8 — constitutional elected sheriffs,no,29065,Dent,0.1456,0.3361,0.2585,0.425,0.28,0.36,0.45,rcvban_2024+kcpolice_2024p,2018 midterm,0.3392,0.3135
mo_20261103_amendment_8,Amendment 8 — constitutional elected sheriffs,no,29067,Douglas,0.1376,0.3466,0.2676,0.4365,0.28,0.36,0.45,rcvban_2024+kcpolice_2024p,2018 midterm,0.3498,0.3114
mo_20261103_amendment_8,Amendment 8 — constitutional elected sheriffs,no,29069,Dunklin,0.1889,0.3029,0.2304,0.3882,0.28,0.36,0.45,rcvban_2024+kcpolice_2024p,2018 midterm,0.3059,0.3234
mo_20261103_amendment_8,Amendment 8 — constitutional elected sheriffs,no,29071,Franklin,0.268,0.3258,0.2497,0.4137,0.28,0.36,0.45,rcvban_2024+kcpolice_2024p,2018 midterm,0.3289,0.3382
mo_20261103_amendment_8,Amendment 8 — constitutional elected sheriffs,no,29073,Gasconade,0.1962,0.3204,0.2451,0.4078,0.28,0.36,0.45,rcvban_2024+kcpolice_2024p,2018 midterm,0.3235,0.325
mo_20261103_amendment_8,Amendment 8 — constitutional elected sheriffs,no,29075,Gentry,0.1886,0.2978,0.2261,0.3825,0.28,0.36,0.45,rcvban_2024+kcpolice_2024p,2018 midterm,0.3008,0.3234
mo_20261103_amendment_8,Amendment 8 — constitutional elected sheriffs,no,29077,Greene,0.3944,0.3577,0.2773,0.4485,0.28,0.36,0.45,rcvban_2024+kcpolice_2024p,2018 midterm,0.3609,0.3573
mo_20261103_amendment_8,Amendment 8 — constitutional elected sheriffs,no,29079,Grundy,0.1796,0.308,0.2347,0.3939,0.28,0.36,0.45,rcvban_2024+kcpolice_2024p,2018 midterm,0.311,0.3215
mo_20261103_amendment_8,Amendment 8 — constitutional elected sheriffs,no,29081,Harrison,0.1395,0.2879,0.2179,0.3713,0.28,0.36,0.45,rcvban_2024+kcpolice_2024p,2018 midterm,0.2908,0.3119
mo_20261103_amendment_8,Amendment 8 — constitutional elected sheriffs,no,29083,Henry,0.2343,0.3021,0.2297,0.3873,0.28,0.36,0.45,rcvban_2024+kcpolice_2024p,2018 midterm,0.3051,0.3323
mo_20261103_amendment_8,Amendment 8 — constitutional elected sheriffs,no,29085,Hickory,0.1923,0.3194,0.2443,0.4067,0.28,0.36,0.45,rcvban_2024+kcpolice_2024p,2018 midterm,0.3225,0.3242
mo_20261103_amendment_8,Amendment 8 — constitutional elected sheriffs,no,29087,Holt,0.1526,0.2839,0.2145,0.3667,0.28,0.36,0.45,rcvban_2024+kcpolice_2024p,2018 midterm,0.2868,0.3152
mo_20261103_amendment_8,Amendment 8 — constitutional elected sheriffs,no,29089,Howard,0.2751,0.3615,0.2806,0.4526,0.28,0.36,0.45,rcvban_2024+kcpolice_2024p,2018 midterm,0.3647,0.3393
mo_20261103_amendment_8,Amendment 8 — constitutional elected sheriffs,no,29091,Howell,0.1634,0.3294,0.2528,0.4177,0.28,0.36,0.45,rcvban_2024+kcpolice_2024p,2018 midterm,0.3325,0.3178
mo_20261103_amendment_8,Amendment 8 — constitutional elected sheriffs,no,29093,Iron,0.1844,0.3288,0.2523,0.417,0.28,0.36,0.45,rcvban_2024+kcpolice_2024p,2018 midterm,0.3319,0.3225
mo_20261103_amendment_8,Amendment 8 — constitutional elected sheriffs,no,29095,Jackson,0.479,0.3473,0.2682,0.4373,0.28,0.36,0.45,rcvban_2024+kcpolice_2024p,2018 midterm,0.3505,0.3691
mo_20261103_amendment_8,Amendment 8 — constitutional elected sheriffs,no,29097,Jasper,0.2629,0.3154,0.2409,0.4022,0.28,0.36,0.45,rcvban_2024+kcpolice_2024p,2018 midterm,0.3185,0.3373
mo_20261103_amendment_8,Amendment 8 — constitutional elected sheriffs,no,29099,Jefferson,0.3139,0.3349,0.2575,0.4238,0.28,0.36,0.45,rcvban_2024+kcpolice_2024p,2018 midterm,0.338,0.3455
mo_20261103_amendment_8,Amendment 8 — constitutional elected sheriffs,no,29101,Johnson,0.2993,0.3203,0.2451,0.4077,0.28,0.36,0.45,rcvban_2024+kcpolice_2024p,2018 midterm,0.3234,0.3432
mo_20261103_amendment_8,Amendment 8 — constitutional elected sheriffs,no,29103,Knox,0.1737,0.3264,0.2503,0.4144,0.28,0.36,0.45,rcvban_2024+kcpolice_2024p,2018 midterm,0.3295,0.3202
mo_20261103_amendment_8,Amendment 8 — constitutional elected sheriffs,no,29105,Laclede,0.163,0.3067,0.2336,0.3925,0.28,0.36,0.45,rcvban_2024+kcpolice_2024p,2018 midterm,0.3097,0.3177
mo_20261103_amendment_8,Amendment 8 — constitutional elected sheriffs,no,29107,Lafayette,0.2524,0.2984,0.2266,0.3831,0.28,0.36,0.45,rcvban_2024+kcpolice_2024p,2018 midterm,0.3013,0.3355
mo_20261103_amendment_8,Amendment 8 — constitutional elected sheriffs,no,29109,Lawrence,0.178,0.3241,0.2483,0.4118,0.28,0.36,0.45,rcvban_2024+kcpolice_2024p,2018 midterm,0.3272,0.3211
mo_20261103_amendment_8,Amendment 8 — constitutional elected sheriffs,no,29111,Lewis,0.1965,0.3203,0.245,0.4076,0.28,0.36,0.45,rcvban_2024+kcpolice_2024p,2018 midterm,0.3233,0.325
mo_20261103_amendment_8,Amendment 8 — constitutional elected sheriffs,no,29113,Lincoln,0.2174,0.3151,0.2406,0.4019,0.28,0.36,0.45,rcvban_2024+kcpolice_2024p,2018 midterm,0.3181,0.3291
mo_20261103_amendment_8,Amendment 8 — constitutional elected sheriffs,no,29115,Linn,0.2105,0.3056,0.2327,0.3913,0.28,0.36,0.45,rcvban_2024+kcpolice_2024p,2018 midterm,0.3086,0.3278
mo_20261103_amendment_8,Amendment 8 — constitutional elected sheriffs,no,29117,Livingston,0.2086,0.3148,0.2404,0.4015,0.28,0.36,0.45,rcvban_2024+kcpolice_2024p,2018 midterm,0.3178,0.3274
mo_20261103_amendment_8,Amendment 8 — constitutional elected sheriffs,no,29119,McDonald,0.1536,0.2981,0.2263,0.3828,0.28,0.36,0.45,rcvban_2024+kcpolice_2024p,2018 midterm,0.3011,0.3155
mo_20261103_amendment_8,Amendment 8 — constitutional elected sheriffs,no,29121,Macon,0.1903,0.2926,0.2218,0.3766,0.28,0.36,0.45,rcvban_2024+kcpolice_2024p,2018 midterm,0.2956,0.3237
mo_20261103_amendment_8,Amendment 8 — constitutional elected sheriffs,no,29123,Madison,0.1728,0.3326,0.2555,0.4212,0.28,0.36,0.45,rcvban_2024+kcpolice_2024p,2018 midterm,0.3357,0.32
mo_20261103_amendment_8,Amendment 8 — constitutional elected sheriffs,no,29125,Maries,0.1592,0.3229,0.2473,0.4105,0.28,0.36,0.45,rcvban_2024+kcpolice_2024p,2018 midterm,0.326,0.3168
mo_20261103_amendment_8,Amendment 8 — constitutional elected sheriffs,no,29127,Marion,0.2328,0.3212,0.2458,0.4086,0.28,0.36,0.45,rcvban_2024+kcpolice_2024p,2018 midterm,0.3242,0.332
mo_20261103_amendment_8,Amendment 8 — constitutional elected sheriffs,no,29129,Mercer,0.132,0.3302,0.2535,0.4186,0.28,0.36,0.45,rcvban_2024+kcpolice_2024p,2018 midterm,0.3333,0.3099
mo_20261103_amendment_8,Amendment 8 — constitutional elected sheriffs,no,29131,Miller,0.1603,0.3216,0.2461,0.4091,0.28,0.36,0.45,rcvban_2024+kcpolice_2024p,2018 midterm,0.3247,0.3171
mo_20261103_amendment_8,Amendment 8 — constitutional elected sheriffs,no,29133,Mississippi,0.2297,0.332,0.255,0.4205,0.28,0.36,0.45,rcvban_2024+kcpolice_2024p,2018 midterm,0.3351,0.3314
mo_20261103_amendment_8,Amendment 8 — constitutional elected sheriffs,no,29135,Moniteau,0.1826,0.3297,0.2531,0.4181,0.28,0.36,0.45,rcvban_2024+kcpolice_2024p,2018 midterm,0.3329,0.3221
mo_20261103_amendment_8,Amendment 8 — constitutional elected sheriffs,no,29137,Monroe,0.1978,0.331,0.2541,0.4194,0.28,0.36,0.45,rcvban_2024+kcpolice_2024p,2018 midterm,0.3341,0.3253
mo_20261103_amendment_8,Amendment 8 — constitutional elected sheriffs,no,29139,Montgomery,0.1968,0.3165,0.2419,0.4035,0.28,0.36,0.45,rcvban_2024+kcpolice_2024p,2018 midterm,0.3196,0.3251
mo_20261103_amendment_8,Amendment 8 — constitutional elected sheriffs,no,29141,Morgan,0.1986,0.3085,0.235,0.3944,0.28,0.36,0.45,rcvban_2024+kcpolice_2024p,2018 midterm,0.3115,0.3254
mo_20261103_amendment_8,Amendment 8 — constitutional elected sheriffs,no,29143,New Madrid,0.2308,0.3165,0.2418,0.4034,0.28,0.36,0.45,rcvban_2024+kcpolice_2024p,2018 midterm,0.3196,0.3316
mo_20261103_amendment_8,Amendment 8 — constitutional elected sheriffs,no,29145,Newton,0.2038,0.3074,0.2342,0.3933,0.28,0.36,0.45,rcvban_2024+kcpolice_2024p,2018 midterm,0.3104,0.3265
mo_20261103_amendment_8,Amendment 8 — constitutional elected sheriffs,no,29147,Nodaway,0.279,0.3267,0.2505,0.4147,0.28,0.36,0.45,rcvban_2024+kcpolice_2024p,2018 midterm,0.3298,0.34
mo_20261103_amendment_8,Amendment 8 — constitutional elected sheriffs,no,29149,Oregon,0.152,0.337,0.2593,0.426,0.28,0.36,0.45,rcvban_2024+kcpolice_2024p,2018 midterm,0.3401,0.3151
mo_20261103_amendment_8,Amendment 8 — constitutional elected sheriffs,no,29151,Osage,0.1316,0.3195,0.2444,0.4067,0.28,0.36,0.45,rcvban_2024+kcpolice_2024p,2018 midterm,0.3225,0.3098
mo_20261103_amendment_8,Amendment 8 — constitutional elected sheriffs,no,29153,Ozark,0.1472,0.3283,0.2519,0.4165,0.28,0.36,0.45,rcvban_2024+kcpolice_2024p,2018 midterm,0.3314,0.3139
mo_20261103_amendment_8,Amendment 8 — constitutional elected sheriffs,no,29155,Pemiscot,0.2536,0.3156,0.2411,0.4025,0.28,0.36,0.45,rcvban_2024+kcpolice_2024p,2018 midterm,0.3187,0.3357
mo_20261103_amendment_8,Amendment 8 — constitutional elected sheriffs,no,29157,Perry,0.1803,0.335,0.2576,0.4239,0.28,0.36,0.45,rcvban_2024+kcpolice_2024p,2018 midterm,0.3382,0.3216
mo_20261103_amendment_8,Amendment 8 — constitutional elected sheriffs,no,29159,Pettis,0.2527,0.3058,0.2328,0.3915,0.28,0.36,0.45,rcvban_2024+kcpolice_2024p,2018 midterm,0.3088,0.3355
mo_20261103_amendment_8,Amendment 8 — constitutional elected sheriffs,no,29161,Phelps,0.2826,0.3397,0.2617,0.429,0.28,0.36,0.45,rcvban_2024+kcpolice_2024p,2018 midterm,0.3429,0.3406
mo_20261103_amendment_8,Amendment 8 — constitutional elected sheriffs,no,29163,Pike,0.2083,0.321,0.2456,0.4084,0.28,0.36,0.45,rcvban_2024+kcpolice_2024p,2018 midterm,0.324,0.3274
mo_20261103_amendment_8,Amendment 8 — constitutional elected sheriffs,no,29165,Platte,0.4841,0.3539,0.274,0.4444,0.28,0.36,0.45,rcvban_2024+kcpolice_2024p,2018 midterm,0.3571,0.3698
mo_20261103_amendment_8,Amendment 8 — constitutional elected sheriffs,no,29167,Polk,0.1885,0.3267,0.2505,0.4147,0.28,0.36,0.45,rcvban_2024+kcpolice_2024p,2018 midterm,0.3298,0.3234
mo_20261103_amendment_8,Amendment 8 — constitutional elected sheriffs,no,29169,Pulaski,0.2454,0.3267,0.2505,0.4147,0.28,0.36,0.45,rcvban_2024+kcpolice_2024p,2018 midterm,0.3298,0.3343
mo_20261103_amendment_8,Amendment 8 — constitutional elected sheriffs,no,29171,Putnam,0.1465,0.3031,0.2305,0.3884,0.28,0.36,0.45,rcvban_2024+kcpolice_2024p,2018 midterm,0.306,0.3137
mo_20261103_amendment_8,Amendment 8 — constitutional elected sheriffs,no,29173,Ralls,0.2014,0.3201,0.2449,0.4074,0.28,0.36,0.45,rcvban_2024+kcpolice_2024p,2018 midterm,0.3232,0.326
mo_20261103_amendment_8,Amendment 8 — constitutional elected sheriffs,no,29175,Randolph,0.236,0.3015,0.2292,0.3866,0.28,0.36,0.45,rcvban_2024+kcpolice_2024p,2018 midterm,0.3044,0.3326
mo_20261103_amendment_8,Amendment 8 — constitutional elected sheriffs,no,29177,Ray,0.2539,0.299,0.2271,0.3838,0.28,0.36,0.45,rcvban_2024+kcpolice_2024p,2018 midterm,0.302,0.3358
mo_20261103_amendment_8,Amendment 8 — constitutional elected sheriffs,no,29179,Reynolds,0.1557,0.3401,0.262,0.4294,0.28,0.36,0.45,rcvban_2024+kcpolice_2024p,2018 midterm,0.3433,0.316
mo_20261103_amendment_8,Amendment 8 — constitutional elected sheriffs,no,29181,Ripley,0.1324,0.3224,0.2469,0.41,0.28,0.36,0.45,rcvban_2024+kcpolice_2024p,2018 midterm,0.3255,0.31
mo_20261103_amendment_8,Amendment 8 — constitutional elected sheriffs,no,29183,St. Charles,0.4139,0.3493,0.27,0.4395,0.28,0.36,0.45,rcvban_2024+kcpolice_2024p,2018 midterm,0.3525,0.3601
mo_20261103_amendment_8,Amendment 8 — constitutional elected sheriffs,no,29185,St. Clair,0.1941,0.3125,0.2385,0.399,0.28,0.36,0.45,rcvban_2024+kcpolice_2024p,2018 midterm,0.3156,0.3245
mo_20261103_amendment_8,Amendment 8 — constitutional elected sheriffs,no,29186,Ste. Genevieve,0.2722,0.3502,0.2708,0.4405,0.28,0.36,0.45,rcvban_2024+kcpolice_2024p,2018 midterm,0.3534,0.3388
mo_20261103_amendment_8,Amendment 8 — constitutional elected sheriffs,no,29187,St. Francois,0.2404,0.3168,0.2421,0.4037,0.28,0.36,0.45,rcvban_2024+kcpolice_2024p,2018 midterm,0.3198,0.3334
mo_20261103_amendment_8,Amendment 8 — constitutional elected sheriffs,no,29189,St. Louis County,0.6192,0.3999,0.3146,0.4932,0.28,0.36,0.45,rcvban_2024+kcpolice_2024p,2018 midterm,0.4032,0.3888
mo_20261103_amendment_8,Amendment 8 — constitutional elected sheriffs,no,29195,Saline,0.2955,0.313,0.2389,0.3995,0.28,0.36,0.45,rcvban_2024+kcpolice_2024p,2018 midterm,0.316,0.3426
mo_20261103_amendment_8,Amendment 8 — constitutional elected sheriffs,no,29197,Schuyler,0.1738,0.3199,0.2447,0.4072,0.28,0.36,0.45,rcvban_2024+kcpolice_2024p,2018 midterm,0.323,0.3202
mo_20261103_amendment_8,Amendment 8 — constitutional elected sheriffs,no,29199,Scotland,0.1889,0.3339,0.2566,0.4226,0.28,0.36,0.45,rcvban_2024+kcpolice_2024p,2018 midterm,0.337,0.3234
mo_20261103_amendment_8,Amendment 8 — constitutional elected sheriffs,no,29201,Scott,0.2036,0.33,0.2534,0.4184,0.28,0.36,0.45,rcvban_2024+kcpolice_2024p,2018 midterm,0.3331,0.3265
mo_20261103_amendment_8,Amendment 8 — constitutional elected sheriffs,no,29203,Shannon,0.1567,0.3586,0.278,0.4495,0.28,0.36,0.45,rcvban_2024+kcpolice_2024p,2018 midterm,0.3618,0.3162
mo_20261103_amendment_8,Amendment 8 — constitutional elected sheriffs,no,29205,Shelby,0.1697,0.3296,0.2529,0.4179,0.28,0.36,0.45,rcvban_2024+kcpolice_2024p,2018 midterm,0.3327,0.3193
mo_20261103_amendment_8,Amendment 8 — constitutional elected sheriffs,no,29207,Stoddard,0.1284,0.3192,0.2441,0.4064,0.28,0.36,0.45,rcvban_2024+kcpolice_2024p,2018 midterm,0.3223,0.3089
mo_20261103_amendment_8,Amendment 8 — constitutional elected sheriffs,no,29209,Stone,0.1908,0.3062,0.2331,0.3919,0.28,0.36,0.45,rcvban_2024+kcpolice_2024p,2018 midterm,0.3092,0.3238
mo_20261103_amendment_8,Amendment 8 — constitutional elected sheriffs,no,29211,Sullivan,0.167,0.3264,0.2502,0.4144,0.28,0.36,0.45,rcvban_2024+kcpolice_2024p,2018 midterm,0.3295,0.3186
mo_20261103_amendment_8,Amendment 8 — constitutional elected sheriffs,no,29213,Taney,0.2006,0.3095,0.2359,0.3956,0.28,0.36,0.45,rcvban_2024+kcpolice_2024p,2018 midterm,0.3125,0.3258
mo_20261103_amendment_8,Amendment 8 — constitutional elected sheriffs,no,29215,Texas,0.1389,0.3403,0.2621,0.4296,0.28,0.36,0.45,rcvban_2024+kcpolice_2024p,2018 midterm,0.3434,0.3117
mo_20261103_amendment_8,Amendment 8 — constitutional elected sheriffs,no,29217,Vernon,0.1996,0.3129,0.2388,0.3995,0.28,0.36,0.45,rcvban_2024+kcpolice_2024p,2018 midterm,0.316,0.3257
mo_20261103_amendment_8,Amendment 8 — constitutional elected sheriffs,no,29219,Warren,0.2499,0.3262,0.2501,0.4142,0.28,0.36,0.45,rcvban_2024+kcpolice_2024p,2018 midterm,0.3293,0.3351
mo_20261103_amendment_8,Amendment 8 — constitutional elected sheriffs,no,29221,Washington,0.1718,0.3082,0.2348,0.3941,0.28,0.36,0.45,rcvban_2024+kcpolice_2024p,2018 midterm,0.3112,0.3197
mo_20261103_amendment_8,Amendment 8 — constitutional elected sheriffs,no,29223,Wayne,0.1347,0.3176,0.2428,0.4047,0.28,0.36,0.45,rcvban_2024+kcpolice_2024p,2018 midterm,0.3207,0.3106
mo_20261103_amendment_8,Amendment 8 — constitutional elected sheriffs,no,29225,Webster,0.186,0.3195,0.2444,0.4068,0.28,0.36,0.45,rcvban_2024+kcpolice_2024p,2018 midterm,0.3226,0.3228
mo_20261103_amendment_8,Amendment 8 — constitutional elected sheriffs,no,29227,Worth,0.1737,0.3175,0.2426,0.4045,0.28,0.36,0.45,rcvban_2024+kcpolice_2024p,2018 midterm,0.3205,0.3202
mo_20261103_amendment_8,Amendment 8 — constitutional elected sheriffs,no,29229,Wright,0.1187,0.3333,0.2561,0.422,0.28,0.36,0.45,rcvban_2024+kcpolice_2024p,2018 midterm,0.3364,0.3061
mo_20261103_amendment_8,Amendment 8 — constitutional elected sheriffs,no,2938000,Kansas City,0.7848,0.4643,0.3738,0.5586,0.28,0.36,0.45,rcvban_2024+kcpolice_2024p,2018 midterm,0.4678,0.4173
mo_20261103_amendment_8,Amendment 8 — constitutional elected sheriffs,no,29510,St. Louis City,0.83,0.4828,0.3914,0.5769,0.28,0.36,0.45,rcvban_2024+kcpolice_2024p,2018 midterm,0.4863,0.4278
